master_metadata_album_artist_name,master_metadata_track_name,time_played
"Black Country, New Road",The Place Where He Inserted the Blade,1339.42
LCD Soundsystem,All My Friends,1161.14
Giles Corey,Blackest Bile,1060.3
Gorillaz,Souk Eye,978.32
King Gizzard & The Lizard Wizard,God Is in the Rhythm,946.21
Fishmans,DAYDREAM,939.8
Car Seat Headrest,Beach Life-In-Death,919.76
Massive Attack,Risingson,919.12
my bloody valentine,sometimes,909.96
Aphex Twin,#3,886.77
Lil Ugly Mane,styrofoam,879.19
Animal Collective,Fireworks,846.73
Pink Floyd,Echoes - 2011 Remastered Version,846.58
Neutral Milk Hotel,In the Aeroplane Over the Sea,843.64
LCD Soundsystem,Dance Yrself Clean,842.79
Aphex Twin,Windowlicker,819.86
Massive Attack,Dissolved Girl,801.12
Aphex Twin,#19,772.06
Erykah Badu,Didn't Cha Know,737.99
Have A Nice Life,Who Would Leave Their Son out in the Sun?,737.95
Have A Nice Life,Earthmover,730.35
Yves Tumor,Kerosene!,714.21
Sonic Youth,Teen Age Riot (Album Version),714.19
Car Seat Headrest,Bodys,712.51
Godspeed You! Black Emperor,The Dead Flag Blues,706.62
Have A Nice Life,"Holy Fucking Shit: 40,000",688.16
Elliott Smith,Alameda,659.9
Frank Ocean,White Ferrari,652.44
Gorillaz,Empire Ants (feat. Little Dragon),637.72
The Antlers,Epilogue,637.52
Radiohead,Motion Picture Soundtrack,636.82
Death Grips,Death Grips Is Online,627.95
Giles Corey,I'm Going to Do It,627.84
KAYTRANADA,Intimidated (feat. H.E.R.),626.65
Talking Heads,This Must Be the Place (Naive Melody),625.92
Sufjan Stevens,The Only Thing,620.38
King Gizzard & The Lizard Wizard,Head On/Pill,619.06
Clint Mansell,Lux Aeterna,617.82
King Gizzard & The Lizard Wizard,The River,617.23
Elliott Smith,Needle In The Hay,616.34
Jockstrap,Greatest Hits,612.4
Quadeca,tell me a joke,612.07
waveform*,Hello Goodbye,605.24
Kendrick Lamar,PRIDE.,604.57
Sufjan Stevens,Mystery of Love,601.35
Machine Girl,MRK90 MIX VOL 1 SIDE A,597.09
Fontaines D.C.,Roman Holiday,591.93
Childish Gambino,Redbone,591.46
Radiohead,Nude,589.82
Machine Girl,Ghost,585.84
Massive Attack,Angel,585.76
Carissa's Wierd,They'll Only Miss You When You Leave,583.42
Neutral Milk Hotel,Naomi,572.18
The Strokes,"Call It Fate, Call It Karma",569.66
Fugazi,I'm So Tired,568.83
Elliott Smith,A Fond Farewell,565.79
Have A Nice Life,I Don't Love,561.32
Elliott Smith,The Biggest Lie,557.78
Brian Eno,1/1 - Remastered 2004,538.96
Slowdive,Alison,537.06
The Prodigy,Breathe,533.55
Cocteau Twins,Cherry-coloured Funk,531.94
The Avalanches,Since I Left You,531.26
Nussy Andrews,Hag - Live Version,530.12
Pink Siifu,stay sane,528.43
Radiohead,"There, There",528.36
Aphex Twin,Fingerbib,521.31
Pixies,Debaser,521.3
Radiohead,How to Disappear Completely,517.24
The Velvet Underground,Heroin,516.96
Fiona Apple,I Want You To Love Me,515.03
LSD and the Search for God,Starting Over,512.05
Michael Cera,Clay Pigeons,509.89
Frank Ocean,Self Control,507.88
Alex G,Sarah,507.39
Nine Inch Nails,Hurt,506.91
Fiona Apple,Paper Bag,504.29
"Black Country, New Road",Sunglasses,502.59
Jockstrap,50/50 - Extended Mix,500.6
The Strokes,Ode To The Mets,498.94
D'Angelo,Untitled (How Does It Feel),498.47
The Streets,Has It Come to This?,497.77
Mojave 3,Love Songs on the Radio,495.93
Jockstrap,Concrete Over Water,490.5
Green Day,Jesus of Suburbia,488.71
Caroline Polachek,So Hot You're Hurting My Feelings,488.1
Father John Misty,God's Favorite Customer,480.27
George Clanton,Livin' Loose,479.04
Death Grips,On GP,477.76
Pietro Mascagni,Cavalleria Rusticana: Intermezzo (Raging Bull),477.27
Sweet Trip,Dsco,475.07
Julee Cruise,Falling,473.34
Aphex Twin,aisatsana [102],472.69
"Black Country, New Road",Basketball Shoes,472.15
Animal Collective,Summertime Clothes,472.13
Grizzly Bear,Two Weeks,470.98
Armand Hammer,Falling out the Sky,470.18
The Flying Pickets,Only You,468.32
Miles Davis Quintet,It Never Entered My Mind,464.49
The Microphones,The Moon,464.07
Weyes Blood,Andromeda,462.78
Slowdive,Souvlaki Space Station,461.64
Lil Ugly Mane,cursor,459.9
black midi,bmbmbm,458.54
Orange Juice,Rip It Up,455.79
Elliott Smith,Say Yes,453.7
Tom Waits,Goin' Out West - 2023 Remaster,452.34
Injury Reserve,Ttktv,451.51
my bloody valentine,when you sleep,451.51
Sinéad O'Connor,Nothing Compares 2 U,450.46
Jane Remover,movies for guys,450.43
Elliott Smith,Pictures Of Me,448.3
Have A Nice Life,Bloodhail,438.96
Pink Floyd,The Great Gig In The Sky - 2011 Remastered Version,438.08
Bladee,Lovenote,437.86
New Order,Blue Monday - 2020 Digital Master,435.87
Death Grips,No Love,433.52
Radiohead,True Love Waits,432.12
Slint,Washer,429.72
The Microphones,I Want Wind to Blow,426.56
Car Seat Headrest,Sober to Death,426.44
Death Grips,Billy Not Really,425.78
Nick Cave & The Bad Seeds,Lucy - 2010 Remastered Version,424.55
Joy Division,New Dawn Fades - 2007 Remaster,424.0
Pink Floyd,Time - 2011 Remastered Version,422.97
Slowdive,When the Sun Hits,422.28
Elliott Smith,Angeles,421.1
Wham!,Everything She Wants,420.52
Car Seat Headrest,Overexposed (Enjoy),420.12
LCD Soundsystem,Someone Great,417.3
Father John Misty,We Could Be Strangers,416.9
Beach House,Space Song,415.53
J Dilla,Don't Cry,414.71
JPEGMAFIA,Free The Frail,414.14
Green Day,Longview,412.46
Viagra Boys,In Spite of Ourselves,411.06
Elliott Smith,Miss Misery,411.05
SOPHIE,Immaterial,410.39
Radiohead,No Surprises,409.61
LCD Soundsystem,All I Want,406.09
Radiohead,House Of Cards,404.87
Nick Cave & The Bad Seeds,O Children,403.64
Home,Resonance,402.44
Gorillaz,Fire Flies,402.39
SOPHIE,Whole New World/Pretend World,402.11
Bowery Electric,Postscript,401.38
Jeff Buckley,"Lover, You Should've Come Over",398.44
Jarvis Cocker,Aline,397.24
Beach House,On the Sea,397.23
Lil Ugly Mane,Uneven Compromise,396.53
Leonard Cohen,One of Us Cannot Be Wrong,396.38
Joy Division,She's Lost Control - 2007 Remaster,396.23
Elliott Smith,Waltz #2 (XO),395.56
Elliott Smith,Ballad Of Big Nothing,395.23
Quadeca,TEXAS BLUE,394.55
MGMT,Kids,394.48
William Basinski,Watermusic II,392.37
Nirvana,Something In The Way,391.78
Blood Orange,Uncle ACE,391.35
Green Day,Brain Stew,389.59
Have A Nice Life,A Quick One Before the Eternal Worm Devours Connecticut,388.76
KAYTRANADA,YOU'RE THE ONE,386.5
Jordaan Mason,The Wrong Parts (Vivian Sisters Singing),385.89
Queens of the Stone Age,Song For The Dead,385.14
The Beatles,A Day In The Life - Remastered 2009,383.32
André 3000,"I swear, I Really Wanted To Make A ""Rap"" Album But This Is Literally The Way The Wind Blew Me This Time",382.78
Sufjan Stevens,John My Beloved,382.72
The The,This Is the Day,382.08
The Stone Roses,I Am the Resurrection - Remastered 2009,379.98
King Gizzard & The Lizard Wizard,Crumbling Castle,379.34
Radiohead,Pyramid Song,379.13
Aphex Twin,Alberto Balsalm,379.11
Funkadelic,Can You Get To That,379.02
Ichiko Aoba,Asleep Among Endives,377.64
Neutral Milk Hotel,Two-Headed Boy Pt. 2,373.49
Ichiko Aoba,いきのこり●ぼくら,373.22
Don McLean,American Pie,372.32
Portishead,Glory Box,371.76
Gorillaz,Humility (feat. George Benson),371.46
Standing On The Corner,Girl,370.73
glass beach,yoshi's island,369.52
Radiohead,Street Spirit (Fade Out),368.77
Jane Remover,Magic I Want U,368.7
Joy Division,Isolation - 2020 Digital Master,367.51
Radiohead,Idioteque,366.66
Panchiko,D>E>A>T>H>M>E>T>A>L,366.27
Animal Collective,For Reverend Green,366.21
Green Day,Holiday / Boulevard of Broken Dreams,366.2
Townes Van Zandt,"Fare Thee Well, Miss Carousel",366.09
Pixies,Here Comes Your Man,363.7
The Strokes,The Adults Are Talking,363.33
The Stone Roses,I Wanna Be Adored - Remastered 2009,362.75
Frank Ocean,Seigfried,362.46
LCD Soundsystem,Daft Punk Is Playing at My House,360.26
Radiohead,Climbing Up the Walls,358.79
The Magnetic Fields,I Think I Need a New Heart,358.68
New Order,Age of Consent - 2015 Remaster,358.66
Giles Corey,The Haunting Presence,357.33
MGMT,Little Dark Age,356.18
Nick Cave & The Bad Seeds,The Ship Song - 2010 Remastered Version,355.76
Nick Cave & The Bad Seeds,Waiting for You,354.64
Alex G,Clouds,354.47
The Alchemist,E. Coli (feat. Earl Sweatshirt),354.46
Car Seat Headrest,Drunk Drivers/Killer Whales,353.9
Twin Peaks,Blue Coupe,353.87
Lil Yachty,drive ME crazy!,353.16
The Smashing Pumpkins,Zero - Remastered 2012,352.26
underscores,Locals (Girls like us) [with gabby start],352.15
Original Cast of Hadestown,Mitchell: Epic III (Live),350.87
The Strokes,Threat of Joy,350.11
The Stone Roses,She Bangs the Drums - Remastered 2009,350.02
Gorillaz,Feel Good Inc.,349.21
Frank Ocean,Pink + White,346.9
Nujabes,Feather (feat. Cise Starr & Akin from CYNE),346.85
Radiohead,Exit Music (For A Film),344.15
"Tyler, The Creator","GONE, GONE / THANK YOU",343.78
Kim Gordon,BYE BYE,342.32
Machine Girl,Necro Culture Vulture,342.12
MGMT,Congratulations,341.86
Lin-Manuel Miranda,My Shot,340.77
Fishmans,LONG SEASON,340.32
Car Seat Headrest,I Want You to Know That I'm Awake/i Hope That You're Asleep,339.87
Sufjan Stevens,To Be Alone With You,339.37
Lemon Demon,Lifetime Achievement Award,338.95
The Beatles,Sexy Sadie - Remastered 2009,336.63
Father John Misty,Holy Shit,336.47
JPEGMAFIA,1539 N. Calvert,335.61
PUP,See You at Your Funeral,335.33
Injury Reserve,Outside,333.12
Green Day,Whatsername,333.03
The Prodigy,Smack My Bitch Up,332.48
LCD Soundsystem,"New York, I Love You but You're Bringing Me Down",331.7
Leslie Odom Jr.,Alexander Hamilton,331.54
William Basinski,dlp 1.1,331.49
Prince,When Doves Cry,330.28
Gorillaz,Sorcererz,329.82
Lil Ugly Mane,Bitch I'm Lugubrious,328.96
carwash,striptease,328.27
Coldplay,The Scientist,327.93
Blur,Ghost Ship,327.57
Soft Cell,Tainted Love,326.8
Tame Impala,Let It Happen,326.77
Elliott Smith,Miss Misery (Early Version),325.87
Cavetown,This Is Home,325.49
Genesis Owusu,Waitin' on Ya,325.47
Nick Drake,Place To Be,325.43
Pink Floyd,Comfortably Numb - 2011 Remastered Version,324.37
Yusef Lateef,Love Theme From Spartacus - Remastered 2023,323.7
Elvis Costello & The Attractions,Pump It Up - 2021 Remaster,321.89
Bill Evans Trio,"Waltz For Debby - Live At The Village Vanguard, New York / 1961 / Take 2",321.63
SOPHIE,Nothing More to Say - Vox,320.13
Jordaan Mason,Wild Dogs: Divorce!,319.65
Aphex Twin,Avril 14th,319.62
Isaiah Rashad,Headshots (4r da Locals),319.49
Elton John,Bennie And The Jets - Remastered 2014,319.06
George Harrison,My Sweet Lord (2014 Remaster),319.03
Vince Staples,Yeah Right,318.77
deadmau5,I Remember,318.71
Yves Tumor,Super Stars,318.43
Massive Attack,Black Milk,318.1
Thundercat,Funny Thing,317.55
The Prodigy,Firestarter,317.14
Animal Collective,Cuckoo Cuckoo,316.4
Nine Inch Nails,Heresy,315.84
Geese,I See Myself,315.68
Father John Misty,So I'm Growing Old on Magic Mountain,315.13
Dean Blunt,Smile Please,314.19
Weyes Blood,A Lot's Gonna Change,313.84
Blood Orange,Champagne Coast,313.38
Elliott Smith,Between The Bars,313.36
Xiu Xiu,Sad Pony Guerrilla Girl,312.73
Injury Reserve,Knees,312.48
The Strokes,Hard To Explain,312.15
Mk.gee,ROCKMAN,311.87
Sonic Youth,Schizophrenia,311.71
Daniel Johnston,The Story of an Artist,310.77
The Smashing Pumpkins,1979 - Remastered 2012,309.54
Lemon Demon,Eighth Wonder,309.44
Weyes Blood,Everyday,307.86
Giles Corey,No One Is Ever Going to Want Me,307.8
JPEGMAFIA,Thug Tears,307.15
Elliott Smith,Everything Means Nothing To Me,307.12
kwes.,Open Up,306.72
Arca,Brokeup,306.4
Danny Brown,Really Doe,306.33
Green Day,Homecoming,305.8
Massive Attack,Teardrop,305.52
Dean Blunt,the rot,305.32
Erykah Badu,On & On,305.06
"Black Country, New Road",Basketball Shoes - Live from the Queen Elizabeth Hall,304.7
KAYTRANADA,10% (feat. Kali Uchis),304.23
Giles Corey,Spectral Bride,304.11
LCD Soundsystem,Get Innocuous!,302.56
Roland Faunte,Levers,302.33
Arctic Monkeys,Only Ones Who Know,302.28
Massive Attack,Five Man Army - 2012 Mix/Master,302.05
King Gizzard & The Lizard Wizard,Work This Time,301.66
Swans,Helpless Child,300.72
Magdalena Bay,You Lose!,300.66
Queens of the Stone Age,No One Knows,300.5
Yves Tumor,Gospel For A New Century,300.41
Bootsy Collins,I'd Rather Be with You,299.55
Fontaines D.C.,Jackie Down The Line,298.96
Car Seat Headrest,The Ending of Dramamine,298.45
PUP,Kids,297.74
Kurt Cobain,And I Love Her,297.69
Nick Cave & The Bad Seeds,Spinning Song,297.43
Freddie Gibbs,"Something to Rap About (feat. Tyler, The Creator)",297.2
Cavetown,Feb 14,296.68
The Stone Roses,Fools Gold - Remastered 2009,295.84
Leslie Odom Jr.,Non-Stop,295.64
Thundercat,Them Changes,295.49
Elliott Smith,"Everybody Cares, Everybody Understands",294.56
Gorillaz,On Melancholy Hill,292.77
Frank Ocean,Ivy,292.48
Sufjan Stevens,Fourth of July,291.86
Queens of the Stone Age,Go With The Flow,291.74
JPEGMAFIA,I Cannot Fucking Wait Til Morrissey Dies,291.73
Magdalena Bay,Death & Romance,290.9
Kero Kero Bonito,Only Acting,290.46
DJ Shadow,Building Steam With A Grain Of Salt,290.18
"Black Country, New Road",Good Will Hunting,289.73
Weezer,I Just Threw Out The Love Of My Dreams,289.37
Radiohead,Fake Plastic Trees,289.31
The Velvet Underground,Candy Says,288.95
Oneohtrix Point Never,I Don't Love Me Anymore,286.94
BADBADNOTGOOD,Time Moves Slow,286.47
Gorillaz,Tranz,286.38
Pink Floyd,Wish You Were Here - 2011 Remaster,285.45
The Beatles,I'm Only Sleeping - Remastered 2009,285.12
The Psychedelic Furs,Love My Way,284.88
BADBADNOTGOOD,In Your Eyes,284.84
Elliott Smith,King's Crossing,283.76
Squid,Narrator,283.44
Childish Gambino,Me and Your Mama,283.38
Burial,Archangel,282.62
Mura Masa,Deal Wiv It (with slowthai),282.53
slowthai,Doorman,282.43
Beach House,Silver Soul,281.66
T. Rex,Get It On,281.41
David Bowie,Dollar Days,280.65
Talking Heads,Life During Wartime (Live) - 2023 Remaster,279.97
Billie Eilish,when the party's over,279.83
Phoebe Bridgers,Moon Song,279.8
The Hellp,Tu Tu Neurotic,279.51
Car Seat Headrest,High to Death,279.29
Death Grips,I've Seen Footage,279.26
Lorde,Liability,278.63
De La Soul,Eye Know,278.6
Knox Fortune,Lil Thing,277.53
Father John Misty,Mental Health,276.15
The Smashing Pumpkins,"Tonight, Tonight - Remastered 2012",275.35
Sleigh Bells,Rill Rill,274.62
Rex Orange County,Pluto Projector,273.79
KAYTRANADA,What You Need (feat. Charlotte Day Wilson),273.57
Jonathan Groff,You'll Be Back,273.43
Queens of the Stone Age,"You Think I Ain't Worth A Dollar, But I Feel Like A Millionaire - Album Version (With Interlude)",273.04
The Prodigy,Voodoo People,272.94
Gorillaz,O Green World,271.8
Gorillaz,Stylo (feat. Mos Def and Bobby Womack),271.57
Swans,Oxygen,271.54
Earl Sweatshirt,Molasses (feat. RZA),271.39
clipping.,Wriggle,271.31
Ecco2k,Calcium,271.15
The Antlers,Sylvia,270.34
Little Simz,101 FM,270.34
The Antlers,Bear,270.24
The Flaming Lips,Do You Realize??,269.6
Crywank,Song for a Guilty Sadist,269.31
Queens of the Stone Age,Make It Wit Chu,268.79
Little Simz,Gorilla,268.52
Will Wood and the Tapeworms,Front Street,268.45
my bloody valentine,only tomorrow,268.43
Kendrick Lamar,Wesley's Theory,268.09
"Black Country, New Road",Chaos Space Marine,267.01
Sufjan Stevens,Visions of Gideon,266.65
Dean Blunt,100,266.59
Bladee,Girls Just Want to Have Fun,266.33
"Black Country, New Road",Haldern,266.29
Kendrick Lamar,euphoria,265.91
Jamiroquai,Virtual Insanity - Remastered 2013,265.43
Charli xcx,B2b,265.01
Car Seat Headrest,Famous Prophets (Stars),264.99
Herbie Hancock,Watermelon Man,264.04
Cameron Winter,Love Takes Miles,263.05
Father John Misty,I Went to the Store One Day,262.66
Arianne,"KOMM, SUSSER TOD - M-10 Director's Edit Version",262.53
Will Connolly,More Than Survive,262.5
The Kinks,Strangers (2020 Stereo Remaster),262.4
Car Seat Headrest,something soon,262.21
Gorillaz,Ascension (feat. Vince Staples),261.47
The Velvet Underground,Pale Blue Eyes,260.65
Brian Eno,An Ending (Ascent) - Remastered 2005,260.36
Yung Lean,SummerTime Blood,259.45
Pink Floyd,Money - 2011 Remastered Version,259.28
The Beatles,Good Night - Remastered 2009,258.66
Nirvana,Where Did You Sleep Last Night - Live,258.61
Pink Floyd,Dogs - 2011 Remaster,258.48
Slint,"Good Morning, Captain",257.98
Grimes,Oblivion,257.22
Jane Remover,Dancing with your eyes closed,256.8
SOPHIE,BIPP,256.74
Father John Misty,Nancy From Now On,256.35
Arctic Monkeys,Star Treatment,256.2
Bad Brains,Stay Close to Me,255.15
Gorillaz,Broken,254.57
Ecco2k,1:1,254.48
Blur,You're so Great - 2012 Remaster,254.45
William Basinski,dlp 2.1,254.31
Nine Inch Nails,Closer,254.01
Kendrick Lamar,United In Grief,253.99
Oasis,Whatever,253.67
Jane Remover,Fling,253.51
Funkadelic,Maggot Brain,253.44
Car Seat Headrest,Twin Fantasy (Those Boys),253.3
Kid Cudi,Pursuit Of Happiness (Nightmare),253.27
Coldplay,Viva La Vida,252.06
Yves Tumor,Echolalia,252.01
Kate Bush,Wuthering Heights,251.86
Radiohead,Everything In Its Right Place,251.8
The Clash,Lost in the Supermarket - Remastered,251.55
Will Wood,I / Me / Myself,251.31
Deftones,Be Quiet and Drive (Far Away),250.94
Gorillaz,Saturnz Barz (feat. Popcaan),250.68
Death Grips,Punk Weight,250.47
Nirvana,Smells Like Teen Spirit,250.47
The Strokes,Reptilia,250.18
Portishead,Wandering Star,250.15
Mitski,Last Words of a Shooting Star,249.94
Father John Misty,Please Don't Die,249.85
King Gizzard & The Lizard Wizard,Superbug,248.85
The 1975,It's Not Living (If It's Not With You),248.37
Les Rallizes Dénudés,Enter the Mirror - 2022 Remastered,247.52
MGMT,When You Die,247.41
The Beach Boys,Wouldn't It Be Nice,247.4
My Chemical Romance,Welcome to the Black Parade,246.83
Kendrick Lamar,untitled 08 | 09.06.2014.,246.5
King Gizzard & The Lizard Wizard,Robot Stop,245.89
Nirvana,The Man Who Sold The World - Live,245.89
Bladee,The Flag is Raised,245.88
Billie Eilish,listen before i go,245.8
Kendrick Lamar,Money Trees,245.8
Father John Misty,Pure Comedy,245.36
Lorde,Writer In The Dark,244.88
my bloody valentine,she found now,244.64
death's dynamic shroud,너 땜에 맘이 맘이 맘이 맘이 괴로워요,244.3
Ryuichi Sakamoto,Merry Christmas Mr. Lawrence,244.07
Travis Scott,SICKO MODE,243.2
George Salazar,Michael in the Bathroom,243.19
Cities Aviv,NOT THAT I'M ANYWHERE,242.9
Little Simz,Two Worlds Apart,242.43
Kenny Beats,Still,242.33
Deerhoof,"Midnight, The Stars and You",242.31
Green Day,Give Me Novacaine / She's a Rebel,242.18
Elliott Smith,Twilight,242.09
Ecco2k,Pollen,241.7
Gorillaz,Magic City,241.64
XTC,Making Plans For Nigel,241.32
Pink Floyd,Hey You - 2011 Remastered Version,240.85
SOPHIE,Faceshopping,240.58
Jockstrap,Jennifer B,240.35
Oingo Boingo,No One Lives Forever,240.26
Bladee,Be Nice 2 Me,240.17
The Magnetic Fields,I Don't Want to Get Over You,240.1
Mac DeMarco,Chamber Of Reflection,240.07
Jane Remover,JRJRJR,240.0
Nine Inch Nails,Mr. Self Destruct,239.94
King Krule,Dum Surfer,239.85
The Velvet Underground,After Hours,239.75
Penelope Scott,Rät,239.63
Lil Ugly Mane,Opposite Lanes,239.55
Nick Drake,Things Behind The Sun,239.42
LCD Soundsystem,oh baby,239.18
Crowded House,Don't Dream It's Over,239.01
Bill Evans,Skating In Central Park,238.83
William Basinski,Melancholia II,238.73
BROCKHAMPTON,SUGAR,238.56
Tom Tom Club,Genius Of Love,238.55
Lauren Marcus,Upgrade,238.47
JPEGMAFIA,Baby I'm Bleeding,238.38
Playboi Carti,R.I.P.,237.97
King Gizzard & The Lizard Wizard,Float Along - Fill Your Lungs,237.88
Radiohead,Creep,237.86
FKA twigs,cellophane,237.16
Travis Scott,STOP TRYING TO BE GOD,236.8
Charli xcx,Von dutch,236.26
Radiohead,Weird Fishes/ Arpeggi,236.0
Frank Ocean,Super Rich Kids,235.87
Prince,Erotic City,235.8
Alex G,Gnaw,235.61
Radiohead,All I Need,234.26
Earl Sweatshirt,The Mint (feat. Navy Blue),234.2
Death Grips,Big Dipper,234.15
Alvvays,Dreams Tonite,233.67
Yves Tumor,Limerence,233.55
Radiohead,Exit Music (For a Film),233.42
The Beatles,Something - Remastered 2009,233.41
Daniel Johnston,Some Things Last a Long Time,232.75
Elliott Smith,Happiness/The Gondola Man,232.67
Have A Nice Life,The Big Gloom,232.64
The Beatles,I Want You (She's So Heavy) - Remastered 2009,232.63
LCD Soundsystem,new body rhumba (from the film White Noise),232.34
Mitski,Townie,232.27
TV Girl,Birds Dont Sing,232.22
Al Bowlly,"Midnight, The Stars and You",231.68
Father John Misty,Mahashmashana,230.5
The Raveonettes,I Wanna Be Adored,230.23
Freddie Gibbs,Crime Pays,229.85
Aphex Twin,Tha,229.83
The Dave Brubeck Quartet,Take Five,229.67
Ecco2k,Peroxide,229.61
Ecco2k,Don't Ask,229.56
Xiu Xiu,Wondering,229.32
Boy Harsher,Pain,229.09
Fiona Apple,The Way Things Are,229.05
Pretty Sick,Allen Street,229.04
Gorillaz,M1 A1,229.03
Nirvana,Drain You,228.05
Baby Keem,family ties (with Kendrick Lamar),227.96
Pixies,Hey,227.86
Car Seat Headrest,The Ballad of the Costa Concordia,227.67
Otis Redding,(Sittin' On) the Dock of the Bay,227.52
Sky Ferreira,Everything Is Embarrassing,226.91
Kero Kero Bonito,Make Believe,226.75
Cocteau Twins,Heaven or Las Vegas,226.65
Bladee,MERRY-GO-ROUND,226.51
Kim Jung Mi,Haenim,226.24
MF DOOM,Rhymes Like Dimes,225.65
Geordie Greep,"Holy, Holy",224.21
Gang Of Four,Damaged Goods,224.17
Car Seat Headrest,happy news for sadness,223.91
Daniel Johnston,Walking the Cow,223.59
Bruno Pernadas,Valley in the Ocean,223.58
Modest Mouse,Float On,222.88
King Gizzard & The Lizard Wizard,Iron Lung,222.81
LCD Soundsystem,I Can Change,222.67
Aphex Twin,180db_ [130],222.56
Bright Eyes,First Day of My Life,222.42
Reverend Kristin Michael Hayter,HOW CAN I KEEP FROM SINGING,222.22
Oasis,Columbia,221.79
Wilco,"Jesus, Etc.",221.72
Radiohead,Let Down,221.54
"Tyler, The Creator",EARFQUAKE,221.01
Kendrick Lamar,"Bitch, Don’t Kill My Vibe",220.9
Sadness,I Want to Be with You,220.88
Deftones,My Own Summer (Shove It),220.69
Zack Fox,fafo,220.63
Sonic Youth,Kool Thing,220.62
Elisa Vargas Fernandez,Cura Mente,220.53
Father John Misty,"I Love You, Honeybear",220.35
Magdalena Bay,The Ballad of Matt & Mica,219.95
IDLES,Colossus,219.66
Father John Misty,Funtimes in Babylon,219.53
Kali Uchis,"After The Storm (feat. Tyler, The Creator & Bootsy Collins)",219.37
Lorde,Buzzcut Season,218.36
Estelle,American Boy,217.55
KAYTRANADA,The Worst In Me (feat. Tinashe),217.53
Elliott Smith,Somebody That I Used To Know,217.49
Radiohead,Jigsaw Falling Into Place,217.27
Slowdive,Machine Gun,217.13
Lorde,Mood Ring,216.97
Kendrick Lamar,XXX. FEAT. U2.,216.95
Westside Gunn,"327 (feat. Tyler, The Creator & Billie Essco)",216.75
Bad Brains,Banned in D.C.,215.69
Death Grips,Hacker,215.61
100 gecs,800 db cloud,215.46
Prince,Purple Rain,215.14
Oasis,Morning Glory - Remastered,215.01
Björk,Hidden Place,214.71
Indigo De Souza,Take Off Ur Pants,214.17
Green Day,Wake Me up When September Ends,214.14
Xiu Xiu,Apistat Commander,214.08
Gorillaz,She's My Collar (feat. Kali Uchis),214.05
Billie Eilish,WHEN I WAS OLDER - Music Inspired By The Film ROMA,213.82
Gene Kelly,Singin' In The Rain,213.68
Dagames,Instruments of Cyanide,213.42
Father John Misty,Real Love Baby,213.29
Oasis,Magic Pie - Remastered,212.6
Sonic Youth,Titanium Expose,212.03
The Beatles,And I Love Her - Remastered 2009,211.5
Boyinaband,Empty,211.44
Billie Eilish,bury a friend,211.32
Godspeed You! Black Emperor,Storm,211.22
DJ Shadow,"What Does Your Soul Look Like , Pt. 4",211.19
Bladee,Faust,211.08
The Antlers,Kettering,211.04
Brian Eno,1/2 - Remastered 2004,211.02
Dizzee Rascal,I Luv U,210.96
Kanye West,Devil In A New Dress,210.93
Miles Davis,Blue in Green (feat. John Coltrane & Bill Evans),210.74
Shelly,Steeeam,210.73
Danny Brown,Ain't it Funny,210.62
Talking Heads,Pull up the Roots,210.58
Clairo,Juna,210.51
Denzel Curry,Walkin,210.06
Machine Girl,Greaze - Machine Girl Mix,210.01
of Montreal,Everything Disappears When You Come Around,209.95
The Fratellis,Chelsea Dagger,209.69
Fiona Apple,Shameika,209.55
Death Grips,Up My Sleeves,209.52
Slauson Malone 1,"The Wake Pt. 3 & 2 (see page 87, 58, and 48)",209.19
Current Joys,Blondie,209.13
Shinichi Atobe,Butterfly Effect,208.94
Miki Matsubara,Mayonaka no Door / Stay With Me,208.88
Elliott Smith,I Didn't Understand,208.04
Mike Faist,"Sincerely, Me",207.96
Radiohead,Life In a Glasshouse,207.68
Xiu Xiu,I Luv the Valley OH!,207.49
Billie Eilish,i love you,207.35
Death Grips,The Fever (Aye Aye),207.2
JPEGMAFIA,Curb Stomp,207.19
Kanye West,Ghost Town,207.16
Nico,These Days,207.13
Origami Angel,24 Hr Drive-Thru,207.06
Daft Punk,"Harder, Better, Faster, Stronger",206.6
Amy Winehouse,Tears Dry On Their Own,206.3
Roland Faunte,Hand Over Hand,206.28
Mac DeMarco,Let Her Go,206.18
King Gizzard & The Lizard Wizard,Shanghai,206.04
Gorillaz,Clint Eastwood,205.88
IDLES,Dancer,205.86
Talking Heads,Once in a Lifetime - 2005 Remaster,205.85
Jimmy Scott,Sycamore Trees,205.74
Magdalena Bay,Image,205.7
Car Seat Headrest,Beast Monster Thing (Love Isn't Love Enough),205.61
Pixies,All I Think About Now,205.43
Panchiko,All They Wanted,205.35
Kikuo,愛して 愛して 愛して,205.2
Green Day,Hitchin' a Ride,205.2
Prince,I Wanna Be Your Lover,204.95
100 gecs,745 sticky,204.74
ESG,Dance,204.71
２８１４,恢复,204.23
Lil Ugly Mane,Headboard,204.2
Oasis,Stand By Me,204.14
Green Day,Welcome to Paradise,204.05
Madvillain,Accordion,203.73
Elliott Smith,Rose Parade,203.72
The Prodigy,No Good (Start the Dance),203.5
Car Seat Headrest,Unforgiving Girl (She's Not An),203.09
David Bowie,Heroes - 2017 Remaster,202.98
Clipse,So Be It,202.97
Les Rallizes Dénudés,"The Night, Assassin's Night - 2022 Remastered",202.85
Lemon Demon,Touch-Tone Telephone,202.84
Pusha T,Numbers On The Boards,202.64
100 gecs,money machine,202.28
Passion Pit,Sleepyhead,201.8
BROCKHAMPTON,BLEACH,201.63
Lin-Manuel Miranda,Right Hand Man,201.58
The Beatles,Honey Pie - Remastered 2009,201.56
Gorillaz,Kids with Guns,201.38
Sweet Trip,Milk,201.27
Jerskin Fendrix,Oh God,200.85
Alice Phoebe Lou,Witches,200.7
Queens of the Stone Age,My God Is the Sun,200.66
ABBA,The Winner Takes It All,200.62
Green Day,When I Come Around,200.36
Death Grips,You Might Think He Loves You for Your Money but I Know What He Really Loves You for It's Your Brand New Leopard Skin Pillbox Hat,200.33
Tally Hall,Ruler of Everything,199.75
Renée Elise Goldsberry,Satisfied,199.42
Genesis Owusu,The Other Black Dog,199.4
Bladee,Girls just want to have fun,198.69
Alphaville,Forever Young,198.64
Cage The Elephant,Cigarette Daydreams,198.49
Charli xcx,Club classics,198.12
Dean Blunt,LUSH,197.83
Oasis,Talk Tonight,197.78
Aphex Twin,Cock/ver10,197.53
Ecco2k,In The Flesh,197.49
My Chemical Romance,Mama,197.28
Arctic Monkeys,The Ultracheese,197.26
Maxine Nightingale,Right Back Where We Started From,197.25
Kanye West,New Slaves,197.15
Geese,Cobra,196.96
Death Grips,Beyond Alive,196.91
Gorillaz,El Mañana,196.84
Alex G,Forever,196.79
slowthai,Psycho,196.49
The Internet,Girl (feat. KAYTRANADA),196.24
Vaundy,踊り子,195.94
King Gizzard & The Lizard Wizard,Tezeta,195.81
Alex G,"Main Theme - from ""We're All Going to the World's Fair"" Soundtrack",195.45
Hole,Celebrity Skin,195.08
Electric Light Orchestra,Mr. Blue Sky,194.87
Queens of the Stone Age,I Sat by the Ocean,194.83
The Internet,"Palace/Curse (feat. Tyler, The Creator & Steve Lacy)",194.77
Turnstile,BLACKOUT,194.77
The Beatles,I Will - Remastered 2009,194.47
Pusha T,Dreamin Of The Past (feat. Kanye West),194.46
Blood Orange,You're Not Good Enough,194.37
Quadeca,A LA CARTE,194.22
Green Day,Basket Case,193.96
Yung Lean,Red Bottom Sky,193.93
Arca,Prada,193.9
Earl Sweatshirt,Riot!,193.85
Animal Collective,Peacebone,193.77
Guided By Voices,If We Wait,193.6
David Bowie,Lazarus,193.29
Will Wood and the Tapeworms,Lysergide Daydream,192.8
Queens of the Stone Age,You Can't Quit Me Baby,192.69
New Order,Ceremony,192.64
I DONT KNOW HOW BUT THEY FOUND ME,Choke,192.51
Aphex Twin,IZ-US,192.48
Elliott Smith,Baby Britain,192.37
T. Rex,Cosmic Dancer,192.35
Wilbur Soot,Jubilee Line,192.31
Tame Impala,Feels Like We Only Go Backwards,192.29
SiR,D'Evils,192.16
Car Seat Headrest,Cute Thing,192.15
TV Girl,Blue Hair,192.01
Pink Floyd,Us And Them - 2011 Remastered Version,191.83
King Gizzard & The Lizard Wizard,Hot Water,191.58
"Tyler, The Creator",IGOR'S THEME,191.56
Yung Lean,Agony,191.49
Pink Floyd,San Tropez - 2011 Remastered Version,191.27
Nine Inch Nails,Head Like A Hole,191.22
Rex Orange County,Sunflower,191.21
Post Malone,White Iverson,191.2
John Coltrane,Blue Train,191.1
M-Beat,Incredible,190.97
Quadeca,GODSTAINED,190.7
John Kander,Cabaret: I Don't Care Much (Demo),190.54
Chappell Roan,Picture You,190.14
Mild High Club,Homage,189.75
The Beatles,Lucy In The Sky With Diamonds - Remastered 2009,189.7
Janet Jackson,"Any Time, Any Place",189.66
Gorillaz,Momentz (feat. De La Soul),189.63
Deftones,Change (In the House of Flies),189.48
"Black Country, New Road",Besties,189.36
Westside Gunn,Why I do em Like that (feat. Billie Essco),188.99
Mitski,I Will,188.84
Oasis,Acquiesce,188.74
Billie Eilish,wish you were gay,188.69
Aphex Twin,korg funk5 [London 19.08.2023],188.58
Calvin Harris,Acceptable in the 80's,188.32
Nick Cave & The Bad Seeds,O'Malley's Bar - 2011 Remastered Version,188.18
Belle and Sebastian,"Get Me Away from Here, I'm Dying",188.1
COBRAH,BRAND NEW BITCH,188.09
Father John Misty,A Bigger Paper Bag,188.09
Slowdive,Dagger,187.96
Elliott Smith,Bye,187.88
JPEGMAFIA,Rainbow Six,187.74
The Strokes,Last Nite,187.63
Yard Act,Pour Another,187.6
Death Grips,Giving Bad People Good Ideas,187.44
Godspeed You! Black Emperor,East Hastings,187.23
Talking Heads,The Great Curve,187.21
Clams Casino,I'm God,187.21
Pet Shop Boys,Always on My Mind,187.14
Yves Tumor,Operator,186.57
slowthai,Feel Good,186.32
Slade,Cum on Feel the Noize,186.14
Phoebe Bridgers,Motion Sickness,186.1
Jessie Ware,Ooh La La,185.98
Kanye West,No More Parties In LA,185.9
Radiohead,Treefingers,185.63
Gorillaz,Every Planet We Reach Is Dead,185.48
Lana Del Rey,Let The Light In (feat. Father John Misty),185.23
Chet Baker,I Fall In Love Too Easily,185.21
Queen,Somebody To Love,185.16
Nick Cave & The Bad Seeds,Distant Sky,185.13
Lil Yachty,the BLACK seminole.,184.94
Joji,Glimpse of Us,184.93
Freddie Gibbs,1985,184.67
Oingo Boingo,Dead Man's Party,184.52
Kendrick Lamar,N95,184.43
Pixies,Wave Of Mutilation,184.3
Rodríguez,Hate Street Dialogue,184.16
LCD Soundsystem,Losing My Edge,184.14
Bill Evans Trio,My Foolish Heart - Live,183.98
Lorde,Ribs,183.64
Gorillaz,Doncamatic (feat. Daley),183.63
Prince,I Would Die 4 U,183.44
Kanye West,On Sight,183.19
Frank Ocean,In My Room,182.96
Pixies,Gouge Away,182.86
Master Peace,I Might be Fake,182.67
Injury Reserve,Superman That,182.41
Nick Cave & The Bad Seeds,The Good Son - 2010 Remastered Version,182.27
The Streets,Don't Mug Yourself,182.09
Leslie Odom Jr.,The Room Where It Happens,181.84
Teddy Hyde,Sex with a Ghost,181.79
The Clash,Rock the Casbah - Remastered,181.77
Pink Floyd,Echoes,181.35
Ten In The Swear Jar,Sad Girl,181.29
Kendrick Lamar,Count Me Out,181.2
Viagra Boys,ADD,181.07
The Strokes,Selfless,181.03
Radiohead,Daydreaming,180.94
Tom Waits,Rain Dogs,180.76
Kendrick Lamar,Not Like Us,180.55
Stevie Wonder,Isn't She Lovely,180.51
"Tyler, The Creator",I THINK,180.3
Sonic Youth,Incinerate,180.08
Radiohead,Reckoner,180.0
Cage The Elephant,Spiderhead,179.78
The Beach Boys,Good Vibrations - Remastered 2001,179.78
Elton John,Crocodile Rock,179.62
Green Day,American Idiot,179.59
Labi Siffre,Bless the Telephone,179.58
Machine Girl,This Is Your Face on Dogs,179.55
Blur,Beetlebum - 2012 Remaster,179.32
Lingua Ignota,DO YOU DOUBT ME TRAITOR,178.98
C418,Mice On Venus,178.86
King Gizzard & The Lizard Wizard,Beginner's Luck,178.83
IDLES,Never Fight A Man With A Perm,178.13
Nick Cave & The Bad Seeds,The Ship Song,177.59
Gorillaz,Dirty Harry,177.57
Bladee,Yeses (Red Cross),177.5
Death Grips,System Blower,177.31
KAYTRANADA,Vex Oh feat. GoldLink & Ari PenSmith,177.03
Childish Gambino,To Be Hunted,176.67
Pixies,Where Is My Mind? - 2007 Remaster,176.62
Omega,Gyöngyhajú lány,176.59
Joy Division,Transmission - 2020 Digital Remaster,176.22
King Gizzard & The Lizard Wizard,The Dripping Tap,176.07
"Slaughter Beach, Dog",Acolyte,175.82
KAYTRANADA,Freefall (feat. Durand Bernarr),175.77
Blur,Song 2 - 2012 Remaster,175.76
Grace Jones,Pull Up To The Bumper,175.72
Grace Jones,La vie en rose,175.54
Carly Rae Jepsen,Run Away With Me,175.46
Big Black,Passing Complexion,175.21
Viagra Boys,Ain't Nice,175.2
MF DOOM,Doomsday,175.2
Queens of the Stone Age,Do It Again,175.18
"Tyler, The Creator",See You Again (feat. Kali Uchis),175.17
Sex Bob-Omb,Garbage Truck,175.06
Waxahatchee,Right Back to It,175.03
Underworld,Born Slippy (Nuxx),174.87
Gorillaz,DARE,174.8
Cocteau Twins,Sigh's Smell of Farewell,174.51
Pulp,Disco 2000,174.48
The Taxpayers,I Love You Like An Alcoholic,174.43
The Strokes,The Modern Age,174.33
Roland Faunte,Happy Life,174.21
Green Day,Good Riddance (Time of Your Life),174.15
Fall Out Boy,Bang The Doldrums,173.98
The Beatles,When I'm Sixty Four - Remastered 2009,173.86
Nick Cave & The Bad Seeds,I Need You,173.64
Molchat Doma,Клетка,173.4
LCD Soundsystem,North American Scum,173.29
Gorillaz,Kansas,173.28
The Beach Boys,God Only Knows - Remastered 1996,173.21
Rodríguez,I Wonder,173.19
Childish Gambino,19.10,172.99
Jockstrap,City Hell,172.85
Nick Cave,Shattered Ground,172.54
my bloody valentine,what you want,172.47
Nujabes,Luv(sic.) pt3 (feat. Shing02),172.4
Father John Misty,Hollywood Forever Cemetery Sings,172.32
Aphex Twin,Flim,172.31
stack$,Worlds a Fuck,172.31
２８１４,Voyage,172.19
PinkPantheress,Picture in My Mind,172.19
Phoebe Bridgers,I Know The End,172.17
black midi,Welcome to Hell,172.09
Father John Misty,She Cleans Up,171.92
Gorillaz,Busted and Blue,171.82
Kendrick Lamar,DNA.,171.71
FKA twigs,Two Weeks,171.67
Car Seat Headrest,Can't Cool Me Down,171.64
Billie Eilish,ocean eyes,171.47
Billie Eilish,xanny,171.36
Lil Ugly Mane,stock car,171.29
Cristina,What's A Girl To Do,171.26
Kate Bush,Babooshka - 2018 Remaster,171.24
Japanese Breakfast,Everybody Wants to Love You,171.2
Little Simz,Woman,171.18
The Strokes,Someday,171.16
Panchiko,Laputa,171.15
Radiohead,Optimistic,171.07
Sonic Youth,Dirty Boots,171.05
Pixies,Velouria,171.02
Twista,Slow Jamz,170.99
Arctic Monkeys,Do I Wanna Know?,170.89
Robyn,Dancing On My Own,170.79
C418,Subwoofer Lullaby,170.67
Jordana,Jump the Turnstile,170.42
Kanye West,Hey Mama,170.39
David Bowie,Five Years - 2012 Remaster,170.35
The Beatles,While My Guitar Gently Weeps,170.3
David Bowie,Moonage Daydream - 2012 Remaster,170.29
Mitski,I Want You,170.18
Mura Masa,We Are Making Out,170.13
Death Grips,Birds,170.01
BROCKHAMPTON,SUMMER,169.6
The Velvet Underground,I'll Be Your Mirror,169.57
The Doors,Riders on the Storm,169.5
Lana Del Rey,Buddy's Rendezvous,169.49
Kendrick Lamar,HUMBLE.,169.0
Kikuo,しかばねの踊り,168.83
Mother Mother,Burning Pile,168.81
Taylor Swift,exile (feat. Bon Iver),168.59
The Alchemist,Ray Mysterio (feat. Westside Gunn & Conway),168.15
Neutral Milk Hotel,"Holland, 1945",168.1
Mac Miller,Self Care,168.03
Radiohead,Paranoid Android,167.97
The Antlers,Putting the Dog to Sleep,167.95
Jordaan Mason,Organs For Oceans,167.92
Skream,Summer Dreams,167.89
Sufjan Stevens,Should Have Known Better,167.75
Lil Nas X,INDUSTRY BABY (feat. Jack Harlow),167.65
Injury Reserve,Footwork in a Forest Fire,167.58
Scott Barnhardt,Turn It Off,167.51
Eminem,Rap God,167.44
Radiohead,Karma Police,167.4
La La Land Cast,Another Day Of Sun,167.32
Shigeru Umebayashi,Yumeji's Theme - Theme from 'in the Mood for Love',167.26
Father John Misty,Bored in the USA,167.22
JPEGMAFIA,BALD!,167.02
Gorillaz,Andromeda (feat. DRAM),167.0
black midi,953,166.96
The Velvet Underground,There She Goes Again,166.82
Perfume Genius,Slip Away,166.79
Green Day,21 Guns,166.14
Gorillaz,The Happy Dictator (feat. Sparks),166.14
Alex G,Change,165.97
Billie Eilish,ilomilo,165.82
Christian Borle,Legally Blonde,165.82
Kanye West,Guilt Trip,165.74
Machine Girl,Athoth a Go!! Go!!,165.37
The Kinks,Lola (2020 Stereo Remaster),164.86
My Chemical Romance,Na Na Na (Na Na Na Na Na Na Na Na Na),164.49
Father John Misty,Disappointing Diamonds Are the Rarest of Them All,164.46
Sadness,In the Distant Travels,164.46
Sufjan Stevens,The Man of Metropolis Steals Our Hearts,164.45
Alex G,Trash,164.42
Nine Inch Nails,Discipline,164.39
Alvvays,Adult Diversion,164.02
Arca,Bruja,163.9
Bladee,Side by Side,163.77
Bill Evans Trio,Polka Dots And Moonbeams,163.74
Whitewoods ,Beach Walk,163.69
BROCKHAMPTON,J'OUVERT,163.64
Phoebe Bridgers,Graceland Too,163.51
The Velvet Underground,Sunday Morning,163.44
Kid Cudi,Judgmental C**t,163.42
Earl Sweatshirt,EAST,163.25
Talking Heads,Crosseyed and Painless (Live) - 2023 Remaster,163.25
Ween,Bananas and Blow,163.15
FKA twigs,home with you,163.15
Elliott Smith,Memory Lane,163.05
XXXTENTACION,SAD!,163.04
Caroline Polachek,Welcome To My Island,162.71
Brian Eno,2/1 - Remastered 2004,162.69
Elliott Smith,Punch And Judy,162.48
Azealia Banks,212,162.28
N.E.R.D,Lemon,162.2
Post Malone,Better Now,161.79
Crywank,Gb Eating Gb Whilst Listening to Gb,161.66
Jerskin Fendrix,Swamp,161.61
Kero Kero Bonito,Swimming,161.52
Kanye West,Stronger,161.45
KAYTRANADA,Snap My Finger (feat. PinkPantheress),161.16
The Microphones,"The Glow, Pt. 2",161.12
Xiu Xiu,A Bottle of Rum,160.5
The Beatles,Eleanor Rigby - Remastered 2009,160.47
The Mountain Goats,No Children,160.46
Car Seat Headrest,Destroyed By Hippie Powers,160.33
The Beatles,"Here, There And Everywhere - Remastered 2009",160.22
Ben Platt,Waving Through A Window,160.2
Billie Eilish,you should see me in a crown,160.16
Gorillaz,Superfast Jellyfish (feat. Gruff Rhys and De La Soul),159.21
Molina,Hey Kids,159.17
Bob Dylan,"Don't Think Twice, It's All Right",159.07
Mac Miller,Polo Jeans (feat. Earl Sweatshirt),158.96
Two Door Cinema Club,What You Know,158.74
Fiona Apple,Rack of His,158.69
TV Girl,Lovers Rock,158.29
Car Seat Headrest,My Boy - Twin Fantasy,158.25
Radiohead,Videotape,158.1
"Tyler, The Creator",Boredom (feat. Rex Orange County & Anna of the North),157.98
Billy Idol,Eyes Without A Face,157.92
My Chemical Romance,The Sharpest Lives,157.89
The Microphones,Headless Horseman,157.82
LCD Soundsystem,Never as Tired as When I'm Waking Up,157.76
Kenny Beats,Hold My Head,157.76
Sonic Youth,Youth Against Fascism,157.37
Travis Scott,90210 (feat. Kacy Hill),157.26
Daughters,City Song,157.07
Rodríguez,Jane S. Piddy,157.07
FKA twigs,Eusexua,156.98
Miles Davis,Shhh / Peaceful,156.87
Paramore,Still into You,156.68
Green Day,Extraordinary Girl / Letterbomb,156.48
Queen,Bohemian Rhapsody,156.43
C418,Living Mice,156.17
Charli xcx,forever,156.08
The Jesus and Mary Chain,Just Like Honey,155.94
Little Simz,"might bang, might not",155.75
Nujabes,Light on the land,155.7
The Kinks,Supersonic Rocket Ship,155.62
Natalie Venetia Belcon,Schadenfreude,155.59
Frédéric Chopin,"Cello Sonata in G Minor, Op. 65: I. Allegro moderato",155.3
N.E.R.D,Don't Don't Do It!,155.23
MGMT,Hand It Over,155.07
Will Wood and the Tapeworms,The First Step,155.06
Oasis,Digsy's Dinner,154.98
My Chemical Romance,This Is How I Disappear,154.85
Machine Girl,Krystle - URL Cyber Palace Mix,154.7
The Beach Boys,I Get Around (Mono),154.6
Injury Reserve,Three Man Weave,154.23
The Orion Experience,The Cult of Dionysus,154.18
The Dresden Dolls,My Alcoholic Friends,154.08
Mudhoney,Touch Me I'm Sick,154.01
Bon Iver,Skinny Love,153.82
Machine Girl,The Fortress (The Blood Inside...),153.64
Joji,Gimme Love,153.54
Grace Jones,Slave To The Rhythm,153.48
girl in red,we fell in love in october,153.36
Billie Eilish,hostage,153.09
The Beatles,"Long, Long, Long - Remastered 2009",153.05
JPEGMAFIA,Real Nega,153.0
JAY-Z,Izzo (H.O.V.A.),152.98
Pusha T,Nosetalgia,152.81
C418,Sweden,152.67
Elliott Smith,Speed Trials,152.47
The Kinks,All Day and All of the Night,152.39
Mac DeMarco,Still Beating,152.14
Fontaines D.C.,Favourite,152.04
Have A Nice Life,Sisyphus - Demo,152.0
Mitski,Carry Me Out,151.75
Pusha T,The Games We Play,151.66
Fontaines D.C.,Starburster,151.36
Nelly Furtado,Maneater,151.29
Father John Misty,The Ideal Husband,151.28
Sufjan Stevens,Death with Dignity,151.23
Led Zeppelin,Dazed and Confused - 1990 Remaster,151.21
AJJ,I Wanna Be Your Dog 2,151.11
BROCKHAMPTON,FACE,151.05
Kendrick Lamar,Poetic Justice,150.75
Gorillaz,Idaho,150.74
The Unicorns,Jellybones,150.67
Nick Cave & The Bad Seeds,Red Right Hand - 2011 Remastered Version,150.56
The Cure,Just Like Heaven,150.55
Sufjan Stevens,No Shade in the Shadow of The Cross,150.51
Arctic Monkeys,When The Sun Goes Down,150.22
Billy Joel,We Didn't Start the Fire,150.19
Labi Siffre,"Crying, Laughing, Loving, Lying",150.13
Beyoncé,PURE/HONEY,150.0
Kendrick Lamar,i,149.92
Chet Baker,Like Someone In Love - Vocal Version,149.75
Green Day,¿Viva La Gloria? (Little Girl),149.74
Aphex Twin,Polynomial-C,149.71
Arctic Monkeys,Four Out Of Five,149.47
glass beach,cold weather,149.38
Mac DeMarco,Freaking Out the Neighborhood,149.16
Sufjan Stevens,"John Wayne Gacy, Jr.",149.06
The 1975,Sex,149.05
Bladee,Reality Surf,148.91
Wilbur Soot,Saline Solution,148.78
Nick Cave & The Bad Seeds,Where the Wild Roses Grow - 2011 - Remaster,148.7
JPEGMAFIA,Macaulay Culkin,148.52
Massive Attack,Paradise Circus,148.44
Ari Afsar,First Burn,148.25
Azealia Banks,Liquorice,147.92
Queen,Don't Stop Me Now - ...Revisited,147.86
King Gizzard & The Lizard Wizard,Boogieman Sam,147.86
The Clash,London Calling - Remastered,147.83
Aphex Twin,Xtal,147.8
Loyle Carner,Damselfly,147.79
Talking Heads,Crosseyed and Painless,147.78
Childish Gambino,Bonfire,147.7
Alan Cumming,I Don't Care Much,147.59
Ecco2k,AAA Powerline,147.52
Cities Aviv,FOREVER (2012),147.44
The Garden,Freight Yard,147.19
Gorillaz,Tomorrow Comes Today,147.14
Cage The Elephant,Cold Cold Cold,147.08
Pink Floyd,"Shine On You Crazy Diamond, Pts. 1-5 - 2011 Remaster",146.9
King Krule,Emergency Blimp,146.72
Elton John,Goodbye Yellow Brick Road - Remastered 2014,146.69
Tom Waits,Clap Hands,146.3
The Go! Team,Huddle Formation,146.28
Nick Cave & The Bad Seeds,Into My Arms - 2011 Remastered Version,146.28
Billie Eilish,COPYCAT,146.24
"Tyler, The Creator",SWEET / I THOUGHT YOU WANTED TO DANCE (feat. Brent Faiyaz & Fana Hues),146.23
Bladee,Mean Girls,146.2
Bladee,Waster,146.01
The Beatles,Helter Skelter - Remastered 2009,145.85
Harold Budd,An Arc Of Doves - Remastered 2004,145.83
Richard O'Brien,Science Fiction/Double Feature,145.74
Father John Misty,When You're Smiling and Astride Me,145.64
Alvvays,"Archie, Marry Me",145.55
Yabujin,CHALICE OF MIND,145.54
Vince Staples,ARE YOU WITH THAT?,145.53
underscores,Bozo bozo bozo,145.52
Nick Cave & The Bad Seeds,Loverman - 2011 Remastered Version,145.46
Nirvana,All Apologies,145.37
The Beatles,Here Comes The Sun - Remastered 2009,145.31
Elliott Smith,Everything Reminds Me Of Her,145.28
Wilbur Soot,Since I Saw Vienna,145.2
Lil Yachty,IVE OFFICIALLY LOST ViSiON!!!!,145.19
Fontaines D.C.,Sha Sha Sha,145.1
Charli xcx,Vroom Vroom,145.09
Green Day,King for a Day,144.88
Radiohead,2 + 2 = 5,144.86
JAY-Z,Ni**as In Paris,144.78
Sematary,I'm A Sinner,144.71
Original Broadway Cast of Hamilton,"Who Lives, Who Dies, Who Tells Your Story",144.59
Cyberbully Mom Club,Life Time Warranty,144.43
Gorillaz,Strobelite (feat. Peven Everett),144.15
Nick Cave & The Bad Seeds,Jubilee Street,144.07
Amyl and The Sniffers,Jerkin',143.89
The Beatles,Tomorrow Never Knows - Remastered 2009,143.83
Dagames,Left Behind (Sister Location Song),143.82
Radiohead,Burn the Witch,143.78
My Chemical Romance,To the End,143.72
Thundercat,Dragonball Durag,143.6
Los Campesinos!,Romance Is Boring,143.18
Ben Platt,For Forever,143.06
Queens of the Stone Age,Little Sister,143.03
King Gizzard & The Lizard Wizard,Gamma Knife,142.88
Chet Baker,It's Always You - Vocal Version,142.55
King Gizzard & The Lizard Wizard,Magenta Mountain,142.41
My Chemical Romance,"Honey, This Mirror Isn't Big Enough for the Two of Us",142.31
Animal Collective,In The Flowers,142.27
FKA twigs,tears in the club (feat. the weeknd),142.17
Lorde,Perfect Places,142.1
George Harrison,I'd Have You Anytime (2014 Remaster),141.98
Death Grips,Hahaha,141.75
Prince,Raspberry Beret,141.68
Bo Burnham,All Eyes On Me,141.64
Daughters,Ocean Song,141.64
Pusha T,If You Know You Know,141.44
William Basinski,92982.3,141.26
Rodríguez,Sugar Man,141.01
Syd Barrett,Here I Go,140.87
King Gizzard & The Lizard Wizard,Homeless Man In Adidas,140.8
Arca,Calor,140.62
Lemon Demon,Cabinet Man,140.56
SOPHIE,Reason Why (feat. Kim Petras & BC Kingdom),140.56
Prince,If I Was Your Girlfriend,140.42
The Armed,ULTRAPOP,140.32
Massive Attack,Unfinished Sympathy - 2012 Mix/Master,140.32
Genesis Owusu,Don't Need You,140.29
Jean Dawson,Power Freaks,140.23
Gerard Way,Happy Together (feat. Ray Toro),140.23
Marvin Gaye,I Heard It Through The Grapevine,140.14
Ray Laurél,COCONUT PERFUME,140.05
Slauson Malone 1,King Sisyphus of the Atlantic (see page 44),140.0
Leslie Odom Jr.,Washington on Your Side,139.93
Phoebe Bridgers,Savior Complex,139.91
The Kinks,This Time Tomorrow - 2020 Stereo Remaster,139.89
100 gecs,Dumbest Girl Alive,139.82
Kanye West,Black Skinhead,139.71
The Pharcyde,Passin' Me By,139.43
So!YoON!,Wings,139.41
Machine Girl,...Because I'm Young Arrogant and Hate Everything You Stand For,139.33
Fiona Apple,A Mistake,139.31
Cobra Man,Bad Feeling,139.17
Rex Orange County,KEEP IT UP,139.12
Talking Heads,Burning Down the House,139.0
Harold Budd,A Stream With Bright Fish - 2005 Digital Remaster,138.93
Leslie Odom Jr.,Wait for It,138.91
Nick Cave & The Bad Seeds,Get Ready for Love,138.79
Wu-Tang Clan,Bring Da Ruckus,138.55
Harold Budd,First Light - Remastered 2004,138.19
Nick Cave & The Bad Seeds,"There She Goes, My Beautiful World",138.08
"Tyler, The Creator",CHERRY BOMB,138.0
Mitski,I Don't Smoke,137.98
King Gizzard & The Lizard Wizard,Mars For The Rich,137.94
The Pogues,Fairytale of New York (feat. Kirsty MacColl),137.88
Charli xcx,Spring breakers,137.71
Funkadelic,Hit It and Quit It,137.64
Green Day,Prosthetic Head,137.54
Oasis,The Masterplan,137.42
100 gecs,I Got My Tooth Removed,137.39
Aphex Twin,Blackbox Life Recorder 21f,137.32
Arca,Watch,137.27
Queen,The Show Must Go On,137.15
underscores,Your favorite sidekick,137.13
The Kinks,Waterloo Sunset,137.12
Pink Floyd,One Of These Days - 2011 Remastered Version,137.07
King Gizzard & The Lizard Wizard,Sense,137.04
Bladee,Deletee (Intro),136.94
MASS OF THE FERMENTING DREGS,"Aoi, Koi, Daidaiiro No Hi",136.91
Oasis,Supersonic - Remastered,136.78
Mitski,I Bet on Losing Dogs,136.77
My Chemical Romance,Famous Last Words,136.56
Chris de Burgh,A Spaceman Came Travelling,136.45
Duke Ellington,In A Sentimental Mood,136.29
"Tyler, The Creator",JUGGERNAUT (feat. Lil Uzi Vert & Pharrell Williams),136.25
The Flaming Lips,Race for the Prize - 2017 Remaster,136.19
Yves Tumor,Strawberry Privilege,136.12
Carrie Hope Fletcher,Beautiful,136.09
Little Simz,Point and Kill,136.03
Metro Boomin,Hummingbird (Metro Boomin & James Blake),135.92
My Chemical Romance,Sleep,135.89
Elton John,I Think I'm Going To Kill Myself,135.75
Arctic Monkeys,505,135.66
Radiohead,Spectre,135.37
Nick Cave & The Bad Seeds,Do You Love Me? - 2011 Remastered Version,135.32
SEATBELTS,Cats on Mars,135.25
Jack Stauber,Buttercup,135.17
Gorillaz,Sleeping Powder,135.14
"Tyler, The Creator",NEW MAGIC WAND,135.14
Kendrick Lamar,Die Hard,135.09
ABBA,Slipping Through My Fingers,134.85
Your Arms Are My Cocoon,In October of 2019 I Called a Suicide Hotline for the First Time in My Life,134.76
John Wasson,Caravan,134.7
Run The Jewels,Oh Mama,134.54
"Tyler, The Creator",WHAT'S GOOD,134.54
Kanye West,Monster,134.54
Joy Division,Day of the Lords - 2007 Remaster,134.52
Will Wood and the Tapeworms,"Thermodynamic Lawyer Esq, G.F.D.",134.46
Frank Ocean,Nights,134.3
Tom Waits,Anywhere I Lay My Head,134.24
Big Thief,Real Love,134.18
M83,Outro,133.99
Oneohtrix Point Never,Sleep Dealer,133.95
slowthai,HAPPY,133.88
"Tyler, The Creator",SMUCKERS (feat. Lil Wayne & Kanye West),133.86
Vince Staples,SAMO,133.7
Talking Heads,Life During Wartime,133.25
Beyoncé,ALIEN SUPERSTAR,133.19
Lorde,Supercut,133.14
Dean Blunt,STOOZY,133.13
Jordana,Summer's Over,133.01
New Order,The Perfect Kiss - 2015 Remaster,133.0
William Basinski,dlp 1.3,132.99
Cardinals,Masquerade,132.96
ABBA,SOS,132.78
Father John Misty,Château Lobby #4 (In C for Two Virgins),132.75
Grace Jones,Demolition Man,132.7
Radiohead,Creep - Acoustic,132.27
slowthai,Inglorious (feat. Skepta),132.2
Death Grips,Spikes,132.1
Little Simz,Angel,131.99
Daniel Johnston,Like a Monkey in a Zoo,131.94
Earl Sweatshirt,Ontheway! (feat. Standing On The Corner),131.89
Arctic Monkeys,Knee Socks,131.75
The Police,Every Breath You Take,131.72
Nirvana,Heart-Shaped Box,131.55
Ninajirachi,iPod Touch,131.47
The Beach Boys,Don't Talk (Put Your Head On My Shoulder),131.39
IDLES,The Wheel,131.31
Nick Cave,Hand of God,131.3
Oasis,Cum On Feel The Noize,131.16
Oasis,Rock ‘n’ Roll Star - Remastered,131.15
Billy Joel,Movin' Out (Anthony's Song),131.03
SOPHIE,VYZEE,130.92
Yusef Lateef,First Gymnopedie,130.76
The White Stripes,Fell In Love With a Girl,130.72
C418,Minecraft,130.71
PinkPantheress,Pain,130.69
Frank Ocean,Solo,130.65
Fontaines D.C.,Here's The Thing,130.3
Queen,Killer Queen,130.15
Nujabes,Peaceland,130.0
SOPHIE,JUST LIKE WE NEVER SAID GOODBYE,129.98
Miracle Musical,Murders,129.82
Kanye West,Lost In The World,129.7
Massive Attack,Safe From Harm - 2012 Mix/Master,129.61
Xiu Xiu,The Call,129.44
Playboi Carti,M3tamorphosis (feat. Kid Cudi),129.38
The Strokes,Barely Legal,129.31
Meat Loaf,Bat Out of Hell,129.29
Stephen Sondheim,Being Alive,129.28
Godspeed You! Black Emperor,Providence,129.18
PUP,DVP,129.17
I Monster,Lust for a Vampyr,129.17
Tame Impala,Elephant,129.15
Radiohead,Weird Fishes / Arpeggi,129.11
Kendrick Lamar,YAH.,129.01
Reverend Kristin Michael Hayter,I’M GETTING OUT WHILE I CAN,128.93
Wallows,Are You Bored Yet? (feat. Clairo),128.81
Laufey,Falling Behind,128.78
Renée Elise Goldsberry,The Schuyler Sisters,128.78
Thundercat,Lava Lamp,128.68
Bill Evans,Stairway To The Stars,128.65
Billie Eilish,bellyache,128.57
Thundercat,Walk On By,128.32
JPEGMAFIA,Kingdom Hearts Key (ft. redveil),128.23
The Magnetic Fields,The Book of Love,128.09
SpaceGhostPurrp,Like a Strippah,127.95
Daryl Hall & John Oates,You Make My Dreams (Come True),127.93
MF DOOM,THAT'S THAT,127.81
Portishead,Biscuit,127.75
Queen,Who Wants To Live Forever,127.62
Harold Budd,Against The Sky - 2005 Digital Remaster,127.55
TV Girl,Cigarettes out the Window,127.48
Machine Girl,Status,127.45
King Gizzard & The Lizard Wizard,Let Me Mend The Past,127.45
Ethel Cain,Ptolemaea,127.42
Elton John,The Bitch Is Back - Remastered 1995,127.25
Death Grips,Get Got,127.22
Queen,The Prophet's Song - Remastered 2011,127.17
Echo & the Bunnymen,The Killing Moon,127.13
Nirvana,Lithium,127.06
Aphex Twin,#20,126.97
Billie Eilish,idontwannabeyouanymore,126.95
Harold Budd,Among Fields Of Crystal - Remastered 2004,126.88
Vampire Weekend,Campus,126.82
FKA twigs,jealousy (feat. rema),126.76
Billie Eilish,party favor,126.72
Billie Eilish,bad guy,126.61
AC/DC,Highway to Hell,126.6
Queens of the Stone Age,Paper Machete,126.47
Caroline Polachek,Starburned and Unkissed,126.42
Animal Collective,Prospect Hummer,126.42
Fontaines D.C.,Boys in the Better Land,126.26
Father John Misty,Summer's Gone,126.04
Barrett Wilbert Weed,Beautiful,125.86
Father John Misty,Mr. Tillman,125.75
Imelda Staunton,Losing My Mind,125.74
DJ Shadow,Midnight In A Perfect World,125.71
Elliott Smith,Independence Day,125.52
Sufjan Stevens,The Predatory Wasp of the Palisades Is Out to Get Us!,125.49
Kanye West,POWER,125.41
Massive Attack,Karmacoma - Remastered 2006,125.41
Gorillaz,Saturnz Barz (feat. Popcaan) - Banx & Ranx Remix,125.39
girl in red,dead girl in the pool.,125.38
Ryan Gosling,"City Of Stars - From ""La La Land"" Soundtrack",125.29
Miles Davis,"So What (feat. John Coltrane, Cannonball Adderley & Bill Evans)",125.26
Father John Misty,Total Entertainment Forever,125.21
KAYTRANADA,Witchy (feat. Childish Gambino),125.19
clipping.,Blood of the Fang,125.04
Queens of the Stone Age,Gonna Leave You,124.92
MGMT,Electric Feel,124.82
Kanye West,Jesus Lord,124.75
Bo Burnham,OH BO (studio),124.74
Lou Reed,Perfect Day,124.66
Steve Lacy,Out of Me Head,124.65
Have A Nice Life,"Deep, Deep",124.45
Oasis,Don't Look Back In Anger - Remastered,124.39
Gorillaz,Lake Zurich,124.22
Parannoul,Beautiful World,124.13
Quadeca,AT A TIME LIKE THIS,124.13
Fontaines D.C.,Boys In the Better Land,124.1
Charli xcx,Guess,124.06
Kanye West,Hold My Liquor,123.97
Machine Girl,Ionic Funk (20xx Battle Music),123.86
Oasis,Wonderwall - Remastered,123.84
Injury Reserve,All This Money,123.64
Viagra Boys,Punk Rock Loser,123.6
Charli xcx,365,123.55
Radiohead,Subterranean Homesick Alien,123.54
JPEGMAFIA,"Jesus Forgive Me, I Am A Thot",123.51
Jane Remover,Flash in the Pan,123.32
Declan McKenna,Brazil,123.21
Kanye West,Family Business,123.2
Arca,Machote,123.0
Kendrick Lamar,FEAR.,122.85
Charli xcx,Unlock it (Lock It) - feat. Kim Petras and Jay Park,122.74
The Hotelier,Your Deep Rest,122.73
Harold Budd,Dark Eyed Sister - 2005 Digital Remaster,122.71
alt-J,Breezeblocks,122.59
Rex Orange County,It's Not The Same Anymore,122.55
Death Grips,Whatever I Want (Fuck Who's Watching),122.52
Neutral Milk Hotel,Oh Comely,122.34
Jimi Hendrix,All Along the Watchtower,122.21
Death Grips,Have A Sad Cum BB,122.18
Fitz and The Tantrums,HandClap,122.1
Nine Inch Nails,March Of The Pigs,122.02
Denzel Curry,Zatoichi [Feat. slowthai],121.95
Zebra Katz,IN IN IN,121.92
Rex Orange County,Best Friend,121.9
Viagra Boys,Sports,121.81
JPEGMAFIA,God Loves You,121.81
Nirvana,Breed,121.59
MGMT,People In The Streets,121.58
Black Dresses,CREEP U,121.57
Eagles,Hotel California - 2013 Remaster,121.47
Queens of the Stone Age,Song For The Deaf,121.41
Crywank,It's Ok I Wouldn't Remember Me Either,121.39
BROCKHAMPTON,BOY BYE,121.27
Grace Jones,I've Seen That Face Before (Libertango),121.14
Beyoncé,Don't Hurt Yourself (feat. Jack White),121.12
Kendrick Lamar,Backseat Freestyle,121.06
Gorillaz,Rhinestone Eyes,121.02
Oasis,Rock 'n' Roll Star,120.98
"Black Country, New Road",Turbines/Pigs - Live at Bush Hall,120.98
Magdalena Bay,Killshot,120.97
C418,Moog City,120.9
Giles Corey,Grave Filled with Books,120.83
100 gecs,stupid horse,120.76
Oasis,Hello - Remastered,120.64
100 gecs,Doritos & Fritos,120.64
Toploader,Dancing in the Moonlight,120.54
The Streets,Let's Push Things Forward,120.53
IDLES,Car Crash,120.36
My Chemical Romance,Bulletproof Heart,120.33
Rex Orange County,IF YOU WANT IT,120.32
slowthai,Never Again,120.31
Alex G,Bobby,120.06
Father John Misty,Kiss Me (I Loved You),120.06
Car Seat Headrest,Culture,120.04
Boris,Woman on the Screen,120.0
FKA twigs,mary magdalene,119.98
Will Roland,More Than Survive,119.97
Roar,I Can't Handle Change,119.86
Nine Inch Nails,A Warm Place,119.85
Machine Girl,"Out by 16, Dead on the Scene",119.84
PinkPantheress,Passion,119.81
Isaiah Rashad,Wat's Wrong (feat. Zacari & Kendrick Lamar),119.77
Kendrick Lamar,Father Time (feat. Sampha),119.71
The Magnetic Fields,Underwear,119.69
Be Your Own Pet,Becky,119.68
JPEGMAFIA,BALD! REMIX,119.61
Pink Floyd,On The Run - 2011 Remastered Version,119.49
"Black Country, New Road",Mark’s Theme,119.48
The Velvet Underground,Who Loves the Sun - 2015 Remaster,119.46
Kendrick Lamar,Silent Hill,119.44
t e l e p a t h テレパシー能力者,終わりのない愛,119.38
"Tyler, The Creator",ARE WE STILL FRIENDS?,119.37
Passenger,Let Her Go,119.3
Martial Solal,New York Herald Tribune,119.25
Molchat Doma,Судно (Борис Рижий),119.24
Father John Misty,Chloë,119.14
The Alchemist,Loose Change (feat. Earl Sweatshirt),119.14
Frank Ocean,Lost,119.13
Avicii,Waiting For Love - Marshmello Remix,119.13
Claude Debussy,"Clair de Lune, L. 32",119.08
Fontaines D.C.,Romance,119.05
Gorillaz,Let Me Out (feat. Mavis Staples & Pusha T) - Banx & Ranx Remix,119.03
John Tartaglia,Everyone's a Little Bit Racist,118.97
Portugal. The Man,Feel It Still,118.9
The Avalanches,The Divine Chord,118.89
King Gizzard & The Lizard Wizard,Planet B,118.88
Fall Out Boy,I Don't Care,118.85
Miles Davis,He Loved Him Madly,118.77
Will Wood and the Tapeworms,Cover This Song (A Little Bit Mine),118.72
Eric William Morris,The Pitiful Children,118.7
Joy Division,Love Will Tear Us Apart - 2020 Remaster,118.66
Bill Evans,Dream Gypsy,118.62
Swans,New Mind,118.61
Arctic Monkeys,Brianstorm,118.6
Radiohead,A Wolf At the Door,118.43
Arlo Guthrie,Alice's Restaurant Massacree,118.43
Monty Python,"Look On The Bright Side Of Life (All Things Dull And Ugly) - From ""Life Of Brian"" Original Motion Picture Soundtrack",118.38
Josh Groban,Dust and Ashes,118.22
Bruno Mars,After Last Night (with Thundercat & Bootsy Collins),118.21
Noel Gallagher's High Flying Birds,If I Had A Gun…,118.0
"Tyler, The Creator",Sugar On My Tongue,117.97
Bladee,FLATLINE,117.95
PUP,Free at Last,117.94
The Velvet Underground,Femme Fatale,117.86
Gorillaz,"The Apprentice (feat. Rag'n'Bone Man, Zebra Katz & RAY BLK)",117.73
Ravyn Lenae,Love Me Not,117.64
Ben Platt,You Will Be Found,117.62
The Beach Boys,Heroes And Villains - Remastered 2001,117.58
Outkast,Hey Ya!,117.53
Rex Orange County,Corduroy Dreams,117.41
Stephanie Hsu,A Guy That I'd Kinda Be Into,117.38
"Black Country, New Road",Snow Globes,117.29
Daniel Johnston,Poor You,117.17
Lorde,Fallen Fruit,117.13
Nick Drake,Parasite,117.05
Loyle Carner,Ottolenghi,116.8
Faye Webster,Right Side of My Neck,116.77
Kanye West,I'm In It,116.72
New Order,Bizarre Love Triangle - 2015 Remaster,116.65
Jockstrap,Acid,116.62
The Beatles,She's Leaving Home - Remastered 2009,116.62
Lil Ugly Mane,easy prey,116.59
Bob Dylan,Like a Rolling Stone,116.56
Mitski,Glide - cover,116.45
Pinegrove,Need 2,116.36
Death Grips,Inanimate Sensation,116.35
Massive Attack,Inertia Creeps,116.29
Dean Blunt,NIL BY MOUTH,116.11
King Gizzard & The Lizard Wizard,Change,116.09
Tally Hall,Hidden In the Sand,116.03
My Chemical Romance,Helena,115.95
Arca,Señorita,115.81
Chris Isaak,Wicked Game,115.81
Playboi Carti,Lean 4 Real (feat. Skepta),115.67
Murray Head,Heaven On Their Minds - Remastered 2021,115.53
Kanye West,All Falls Down,115.5
Hatchie,Til We Run Out Of Air,115.31
Zebra Katz,BLUSH,115.19
Tom Waits,Gun Street Girl,115.06
Gorillaz,Charger (feat. Grace Jones),115.01
Harold Budd,Late October - 2005 Digital Remaster,114.97
Bob Dylan,The Man in Me,114.92
Magdalena Bay,Love Is Everywhere,114.86
slowthai,Missing,114.84
Post Malone,Congratulations,114.8
Gorillaz,The Pink Phantom (feat. Elton John and 6LACK),114.7
Nick Cave & The Bad Seeds,Night Raid,114.67
Pink Floyd,Welcome To The Machine - 2011 Remaster,114.64
Tfwamirite,silent cries,114.59
Disclosure,Latch,114.55
Yard Act,Dark Days,114.54
Elliott Smith,2:45 AM,114.51
Current Joys,Kids,114.44
My Chemical Romance,House of Wolves,114.23
Gorillaz,Let Me Out (feat. Mavis Staples & Pusha T),114.21
Asian Glow,The Flag Is Raised,114.14
The Magnetic Fields,All My Little Words,113.95
Miles Davis,"All Blues (feat. John Coltrane, Cannonball Adderley & Bill Evans)",113.91
Magdalena Bay,The Beginning,113.9
Run The Jewels,a few words for the firing squad (radiation),113.86
The Antlers,Shiva,113.85
Lil Ugly Mane,crows,113.83
Foster The People,Pumped Up Kicks,113.82
Loyle Carner,Desoleil (Brilliant Corners),113.8
Black Sabbath,Iron Man,113.76
my bloody valentine,loomer,113.71
Arctic Monkeys,One Point Perspective,113.51
SIX,Ex-Wives,113.44
Queens of the Stone Age,Mosquito Song,113.38
Twinkle Park,More Rain,113.29
Joy Division,Disorder - 2007 Remaster,113.18
Tom Waits,Christmas Card From A Hooker In Minneapolis,113.05
Fall Out Boy,The Phoenix,112.91
Magdalena Bay,2 Wheel Drive,112.9
Tally Hall,The Bidding,112.87
Kendrick Lamar,King Kunta,112.81
King Gizzard & The Lizard Wizard,Sleep Drifter,112.76
Mike Faist,Disappear,112.73
Will Wood and the Tapeworms,"Cotard's Solution (Anatta, Dukkha, Anicca)",112.65
Car Seat Headrest,1937 State Park,112.64
The Beatles,Hey Jude - Remastered 2015,112.63
Kendrick Lamar,DUCKWORTH.,112.6
Injury Reserve,What a Year It’s Been,112.6
Jesse Welles,War Isn't Murder,112.53
Liza Minnelli,Maybe This Time,112.51
Lana Del Rey,Summertime Sadness,112.4
The Microphones,You'll Be in the Air,112.38
The Mamas & The Papas,California Dreamin' - Single Version,112.33
Pink Floyd,Breathe (In The Air) - 2011 Remastered Version,112.31
Alice Coltrane,Journey In Satchidananda,112.31
Mindless Self Indulgence,Molly,112.28
Queen,Keep Yourself Alive - Live At The Rainbow,112.25
C418,Haggstrom,111.95
Calvin Harris,The Girls,111.92
American Football,Never Meant,111.89
Father John Misty,Ballad of the Dying Man,111.83
Renée Elise Goldsberry,It's Quiet Uptown,111.66
The Beatles,Maxwell's Silver Hammer - Remastered 2009,111.65
Phillipa Soo,Helpless,111.36
Arca,Rakata,111.18
Post Malone,Psycho (feat. Ty Dolla $ign),111.17
Phillipa Soo,Take a Break,111.1
Queen,Cool Cat - Remastered 2011,111.05
Gorillaz,Rock the House,111.05
Josh Fix,Don't Call Me In The Morning,111.04
Oasis,Morning Glory,111.01
Madonna,Hung Up,110.94
The Avalanches,Because I'm Me,110.93
Tom Waits,Diamonds And Gold,110.91
Caroline Polachek,So Hot You're Hurting My Feelings - A. G. Cook Remix,110.68
King Krule,Out Getting Ribs,110.64
XXXTENTACION,Jocelyn Flores,110.47
Elliott Smith,Last Call,110.41
Marshmello,Summer,110.32
Leathermouth,I Am Going To Kill The President Of The United States Of America,110.24
Elliott Smith,Pitseleh,110.0
Injury Reserve,Top Picks for You,110.0
Aphex Twin,#14,109.99
Penelope Scott,Cigarette Ahegao,109.94
Nujabes,Luv (sic),109.86
Nirvana,Lake Of Fire - Live,109.79
Elton John,Your Song,109.68
Kate Bush,Running Up That Hill (A Deal With God),109.65
Will Connolly,Voices in My Head,109.38
Tame Impala,The Less I Know The Better,109.29
Billie Eilish,THE DINER,109.18
Park National,How to Stop Caring,109.16
Tom Francis,This Time Next Year,109.05
Crywank,I Am Shit,109.05
BROCKHAMPTON,HEAT,109.04
Injury Reserve,Oh Shit!!!,108.92
Kanye West,Come to Life,108.76
My Chemical Romance,All I Want for Christmas Is You - 2005,108.58
Kanye West,24,108.54
Madvillain,Meat Grinder,108.48
Ichiko Aoba,Mars 2027,108.44
Marshmello,Moving On,108.33
Neutral Milk Hotel,Two-Headed Boy,108.23
Slowdive,Here She Comes,108.21
The Valdons,Whatcha Gonna Do,108.13
Kanye West,Hurricane,108.12
David Bowie,Life on Mars? - 2015 Remaster,108.04
Zack Fox,get off my dick,107.82
100 gecs,mememe,107.69
Ninajirachi,Fuck My Computer,107.61
Oasis,She's Electric - Remastered,107.51
Ethel Cain,American Teenager,107.45
The White Stripes,Seven Nation Army,107.42
ABBA,Why Did It Have To Be Me?,107.31
MF DOOM,One Beer,107.26
black midi,John L,107.18
"Black Country, New Road",Concorde,107.08
Pink Floyd,A Pillow Of Winds - 2011 Remastered Version,106.88
King Gizzard & The Lizard Wizard,Hot Wax,106.87
Fall Out Boy,Save Rock And Roll,106.76
Sufjan Stevens,Blue Bucket of Gold,106.71
"Tyler, The Creator",A BOY IS A GUN*,106.62
Sir Chloe,Michelle,106.53
EVABOY,...i love u n im scared,106.52
Kendrick Lamar,LUST.,106.49
Clairo,Amoeba,106.47
Gorillaz,Last Living Souls,106.47
Marshmello,Keep It Mello (feat. Omar LinX),106.38
Kendrick Lamar,Hood Politics,106.29
Gorillaz,Submission (feat. Danny Brown & Kelela),106.26
slowthai,Sooner,106.19
Mason,Perfect (Exceeder),106.11
'Be More Chill' Ensemble,Halloween,106.09
Kendrick Lamar,Purple Hearts,106.07
slowthai,T N Biscuits,106.06
The Strokes,Is This It,106.02
Miles Davis,In a Silent Way,106.01
Original Broadway Cast of Hamilton,Yorktown (The World Turned Upside Down),105.94
Gorillaz,Demon Days,105.8
KIDS SEE GHOSTS,4th Dimension,105.72
Nick Drake,Pink Moon,105.59
Claude Debussy,Clair de lune,105.48
Arca,KLK,105.37
Khalid,Talk (feat. Disclosure),105.31
Wham!,Freedom,105.19
Lil Ugly Mane,Serious Shit,105.13
King Gizzard & The Lizard Wizard,Interior People,105.12
Oasis,Up In The Sky,104.99
Devon Hendryx,Neon Kitchen,104.97
Harvey Danger,Flagpole Sitta,104.84
Tame Impala,"New Person, Same Old Mistakes",104.81
Boards of Canada,Aquarius,104.76
Death Grips,Dilemma,104.71
Magdalena Bay,That's My Floor,104.67
Charli xcx,pink diamond,104.65
Wu-Tang Clan,C.R.E.A.M. (Cash Rules Everything Around Me),104.57
Halsey,Without Me,104.41
Harold Budd,Lost In The Humming Air - 2005 Digital Remaster,104.38
Fiona Apple,Fetch The Bolt Cutters,104.29
Laura Dreyfuss,Requiem,104.16
Swans,Lunacy,104.14
Chappell Roan,HOT TO GO!,104.07
Talking Heads,Girlfriend Is Better,103.94
Kid Cudi,Day 'N' Nite (Nightmare),103.92
Boards of Canada,Roygbiv,103.85
Pixies,Gigantic - 2007 Remaster,103.68
Beach House,Myth,103.66
Oasis,Slide Away,103.62
Michael Ball,Empty Chairs At Empty Tables,103.46
Bladee,White Meadow,103.34
Miles Davis,"Freddie Freeloader (feat. John Coltrane, Cannonball Adderley, Wynton Kelly & Paul Chambers)",103.27
"Tyler, The Creator",DEATHCAMP (feat. Cole Alexander),103.25
Bladee,Hotel Breakfast,103.23
The Beatles,Twist And Shout - Remastered 2009,103.11
Beyoncé,CUFF IT,102.92
The Beatles,Ticket To Ride - Remastered 2009,102.77
Angelo Badalamenti,Twin Peaks Theme - Instrumental,102.65
Townes Van Zandt,Waiting Around to Die,102.62
Phillipa Soo,Burn,102.52
Amyl and The Sniffers,U Should Not Be Doing That,102.48
Kanye West,Never Let Me Down,102.47
100 gecs,hand crushed by a mallet,102.46
Death Grips,Black Paint,102.35
Rex Orange County,THE SHADE,102.34
Cowboy Cowboy,Teeth,102.19
Nas,The World Is Yours,102.16
Le Tigre,Deceptacon,102.13
Nick Cave & The Bad Seeds,Sun Forest,102.12
Lil Ugly Mane,benadryl submarine,102.1
Coolio,Gangsta's Paradise,102.09
BROCKHAMPTON,GUMMY,102.07
black midi,Slow,102.03
"Tyler, The Creator",Take Your Mask Off (feat. Daniel Caesar & LaToiya Williams),101.92
Mitski,Texas Reznikoff,101.75
Fiona Apple,On The Bound,101.74
M.I.A.,Paper Planes,101.69
Buck Owens & The Buckaroos,Made In Japan,101.62
Bad Brains,Sailin' On,101.55
SIX,Don't Lose Ur Head,101.49
quinn,i dont want that many friends in the first place,101.45
Cavetown,Snail (feat. Chloe Moriondo),101.39
Mitski,Francis Forever,101.35
Nia Archives,Headz Gone West,101.27
Lil Uzi Vert,XO Tour Llif3,101.24
Sam Gellaitry,Assumptions - Kaytranada Edit,101.22
Earl Sweatshirt,Vin Skully,101.22
Daveed Diggs,What'd I Miss,101.02
Radiohead,Planet Telex,100.97
Cameron Winter,$0,100.96
Rx Papi,12 Stout Street,100.88
Talk Talk,New Grass,100.84
Nine Inch Nails,"Starfuckers, Inc.",100.81
Ryan Gosling,City Of Stars,100.57
Sam Smith,I'm Not The Only One,100.51
Christian Borle,Chip on My Shoulder,100.49
Kendrick Lamar,Swimming Pools (Drank) - Extended Version,100.34
The Mothers Of Invention,What's The Ugliest Part Of Your Body?,100.24
Animal Collective,I Remember Learning How To Dive,100.09
Men At Work,Who Can It Be Now?,100.04
Fiona Apple,Under The Table,100.0
Talking Heads,Psycho Killer,99.92
IDLES,Samaritans,99.85
The Music Tapes,Where Evening's Dream Goes,99.5
Tears For Fears,Everybody Wants To Rule The World,99.49
Panic! At The Disco,"Tonight, Tonight - Live In Denver",99.45
Kendrick Lamar,A.D.H.D,99.43
slowthai,i tried,99.38
The Rills,Us & Them,99.37
Blur,Parklife - 2012 Remaster,99.22
Oasis,Falling Down,99.05
Fontaines D.C.,Bug,99.0
Queen,Another One Bites The Dust,98.99
Sam Smith,"Writing's On The Wall - From ""Spectre"" Soundtrack",98.97
Ichiko Aoba,Parfum d'étoiles,98.86
The Beatles,Yesterday - Remastered 2009,98.83
Machine Girl,Roach on Dope,98.79
Chelsea Wolfe,Oui Oui Marie,98.74
Title Fight,Safe In Your Skin,98.74
Adrianne Lenker,Vampire Empire,98.71
The Informers,If You Love Me,98.7
LCD Soundsystem,Drunk Girls,98.59
Dear Nora,To Fall Is Not to Fail,98.47
Billie Eilish,8,98.47
Gorillaz,Momentary Bliss (feat. slowthai and Slaves),98.34
Godspeed You! Black Emperor,Sleep,98.22
Lorde,The Louvre,98.14
Nujabes,Perfect Circle,98.0
blink-182,What's My Age Again?,97.98
yeule,Anthems For A Seventeen Year-Old Girl,97.9
The Microphones,I Felt Your Shape,97.83
Frank Ocean,Godspeed,97.83
John Coltrane,Moment's Notice,97.74
セキトオ・シゲオ,ザ・ワード II,97.72
Machine Girl,Bitten Twice,97.7
Ichiko Aoba,はるなつあきふゆ,97.65
Queens of the Stone Age,I Appear Missing,97.6
Fall Out Boy,The Mighty Fall,97.5
Radiohead,Sail To The Moon,97.46
Panchiko,Kicking Cars,97.45
Suede,Filmstar (Remastered),97.34
Phoebe Bridgers,Kyoto,97.21
Daniel Johnston,True Love Will Find You in the End,97.0
The Smashing Pumpkins,Bullet With Butterfly Wings - Remastered 2012,96.97
⣎⡇ꉺლ༽இ•̛)ྀ◞ ༎ຶ ༽ৣৢ؞ৢ؞ؖ ꉺლ,ʅ͡͡͡͡͡͡͡͡͡͡͡(ƟӨ)ʃ͡͡͡͡͡͡͡͡͡͡ ꐑ(ཀ ඊູ ఠీੂ೧ູ࿃ूੂ✧✧✧✧✧✧ළඕั࿃ूੂ࿃ूੂ,96.94
Cocteau Twins,Frou-frou Foxes in Midsummer Fires,96.94
Rodríguez,I Think Of You,96.8
mxmtoon,high & dry,96.79
Arca,Nonbinary,96.61
Subhumans,No,96.55
Playboi Carti,Shoota (feat. Lil Uzi Vert),96.54
Jax Jones,You Don't Know Me (feat. RAYE),96.54
Yoshi T.,96.5 FM Remix (feat. 3ee),96.45
Will Wood,"Love, Me Normally",96.4
Oasis,Songbird,96.39
Car Seat Headrest,Substitute,96.32
Beach House,Levitation,96.31
Biig Piig,Liquorice,96.28
the pillows,Bran-New Lovesong,96.27
King Gizzard & The Lizard Wizard,Mycelium,96.2
Charli xcx,Hot Girl (Bodies Bodies Bodies),96.14
Kanye West,Runaway,96.13
JAY-Z,Otis,96.11
"Black Country, New Road","Athens, France",96.1
Christopher Jackson,One Last Time,96.0
Childish Gambino,Freaks And Geeks,95.99
Fleetwood Mac,The Chain - 2004 Remaster,95.85
Blondie,Call Me,95.84
Magdalena Bay,Killing Time,95.82
Have A Nice Life,Telephony,95.79
Harold Budd,The Plateaux Of Mirror - Remastered 2004,95.73
Otis Redding,I've Been Loving You Too Long,95.69
Crywank,Leech Boy,95.68
IDLES,Gift Horse,95.66
XEONXEONXEON,THE BLACK CAESAR,95.6
Kendrick Lamar,u,95.55
Father John Misty,Things It Would Be Helpful to Know Before the Revolution,95.52
King Gizzard & The Lizard Wizard,This Thing,95.51
"Tyler, The Creator",Yonkers,95.48
my bloody valentine,only shallow,95.4
Machine Girl,Batsu Forever,95.32
Xiu Xiu,Ian Curtis Wishlist,95.29
Tally Hall,Turn the Lights Off,95.24
underscores,Bozo bozo bozo - carolesdaughter Version,95.24
Bo Burnham,Goodbye,95.19
Dagames,Brothers in Arms,95.11
Death Grips,Eh,95.08
Godspeed You! Black Emperor,Static,95.04
Tears For Fears,"Head Over Heels - Dave Bascombe 7"" N.Mix",94.9
"Hey, Ily",Don't Talk About It (Your Weird Complex),94.9
Gorillaz,Some Kind of Nature (feat. Lou Reed),94.81
The Beatles,While My Guitar Gently Weeps - Remastered 2009,94.8
The Doors,Soul Kitchen,94.77
Marshmello,Know Me,94.59
The Beatles,Let It Be - Remastered 2009,94.58
Westside Gunn,Mr. T,94.57
Mac Miller,The Spins,94.41
My Chemical Romance,The Ghost of You,94.32
Billie Eilish,lovely,94.25
Yard Act,Tall Poppies,94.25
Queens of the Stone Age,If I Had a Tail,94.25
Avenade,Have It Your Way,94.24
King Gizzard & The Lizard Wizard,Big Fig Wasp,94.15
JPEGMAFIA,DD Form 214,94.07
Lynks,Everyone's Hot (And I'm Not),94.04
LCD Soundsystem,Home,93.98
Wilco,Heavy Metal Drummer,93.91
Billie Eilish,my strange addiction,93.88
MF DOOM,Rapp Snitch Knishes (feat. Mr. Fantastik),93.87
Elliott Smith,I Don't Think I'm Ever Gonna Figure It Out - Remixed And Remastered 2017,93.85
Radiohead,Lucky,93.84
Father John Misty,Hangout at the Gallows,93.81
Fontaines D.C.,I Love You,93.8
SAULT,Wildfires,93.55
Billie Eilish,my boy,93.53
Fiona Apple,Criminal,93.51
Marshmello,Alone,93.43
Stevie Wonder,As,93.38
Green Day,Are We the Waiting / St. Jimmy,93.23
"Tyler, The Creator",PUPPET,93.19
Oasis,Champagne Supernova - Remastered,93.16
Jungle,Back On 74,93.14
The Beatles,Michelle - Remastered 2009,93.11
Patrick Page,"Hey, Little Songbird",93.11
Mother Mother,Verbatim,93.03
Duster,Me and the Birds,92.95
The Beatles,All You Need Is Love - Remastered 2009,92.91
Darondo,Didn't I,92.86
C418,Danny,92.7
Frank Sinatra,That's Life,92.69
Machine Girl,MRK90 MIX VOL 1 SIDE B,92.62
Oasis,Half The World Away - Remastered,92.6
Noah Cyrus,Make Me (Cry) - Marshmello Remix,92.44
Angelo Badalamenti,Laura Palmer's Theme - Instrumental,92.42
Magdalena Bay,Cry for Me,92.32
glass beach,classic j dies and goes to hell part 1,92.32
Jordaan Mason,Bird's Nest,92.25
Jimi Hendrix,Voodoo Child (Slight Return),92.23
Yellowman,Zungguzungguguzungguzeng,92.21
Christopher Jackson,Cabinet Battle #1,92.21
Billie Eilish,all the good girls go to hell,92.13
Kero Kero Bonito,Flyway,92.13
Hugh Jackman,From Now On,92.05
Wilbur Soot,Your Sister Was Right,92.0
Westside Gunn,Michael Irvin,91.99
Injury Reserve,Jailbreak the Tesla (Feat. Aminé),91.97
Oasis,Listen Up,91.94
Stevie Wonder,Love's In Need Of Love Today,91.9
girl in red,i wanna be your girlfriend,91.86
The Beatles,Eight Days A Week - Remastered 2009,91.81
Nujabes,aruarian dance,91.66
Kero Kero Bonito,Only Acting - Radio Edit,91.63
Pink Siifu,Tha Divide,91.6
Sufjan Stevens,Casimir Pulaski Day,91.54
Madvillain,Raid,91.53
Daft Punk,Around the World,91.52
Ben Platt,Found/Tonight,91.5
The Voidz,Leave It In My Dreams,91.5
Paramore,Hard Times,91.47
Nujabes,Lady Brown (feat. Cise Starr from CYNE),91.41
Rex Orange County,Television / So Far So Good,91.35
Björk,Hyper-ballad,91.34
IDLES,Crawl!,91.33
Bronski Beat,Smalltown Boy,91.22
Young Fathers,I Saw,91.17
Travis Scott,LOST FOREVER (feat. Westside Gunn),91.16
"Tyler, The Creator","Sticky (feat. GloRilla, Sexyy Red & Lil Wayne)",91.12
Dagames,I Will Not Be Moved (Fnaf World Song),90.96
Jamie Muscato,Our Love Is God,90.84
Earl Sweatshirt,Shattered Dreams,90.83
Yard Act,The Overload,90.81
Everything But The Girl,Rollercoaster,90.81
Crywank,Only Everyone Can Judge Me,90.68
Jerskin Fendrix,A Star Is Born,90.64
Travis Scott,CAN'T SAY,90.61
Magdalena Bay,She Looked Like Me!,90.56
Father John Misty,I'm Writing a Novel,90.53
Chezile,Beanie,90.47
Kendrick Lamar,The Blacker The Berry,90.21
Queens of the Stone Age,Goin' Out West,90.09
Oasis,Live Forever - Remastered,90.08
Nick Cave & The Bad Seeds,Hollywood,90.03
Charli xcx,claws,89.99
Playboi Carti,Sky,89.96
Ichiko Aoba,iam POD (0%),89.95
Car Seat Headrest,Fill In The Blank,89.93
Bladee,Golden Boy,89.92
King Gizzard & The Lizard Wizard,Rattlesnake,89.9
Lil Uzi Vert,Money Longer,89.86
Marshmello,Chasing Colors (feat. Noah Cyrus),89.85
Animal Collective,My Girls,89.83
Arctic Monkeys,Cornerstone,89.75
Nicholas Britell,Succession (Main Title Theme),89.67
Harmonia,Watussi,89.64
Alice In Chains,Nutshell,89.6
Arctic Monkeys,Do Me a Favour,89.58
Opus Kink,Children,89.51
Have A Nice Life,There Is No Food,89.49
The Memories,Go Down on You,89.45
Jonathan Richman,I Was Dancing In The Lesbian Bar,89.44
Mura Masa,Love$ick (feat. A$AP Rocky),89.36
Juice WRLD,Hide (feat. Seezyn),89.35
Gorillaz,Andromeda - DRAM Specia,89.32
She & Him,I Thought I Saw Your Face Today,89.32
Spiritualized,Ladies and gentlemen we are floating in space,89.21
Ichiko Aoba,Dawn in the Adan,89.13
Alex G,Things to Do,89.12
Loyle Carner,Ain't Nothing Changed,89.11
Pink Floyd,Mother - 2011 Remastered Version,88.99
Frank Sinatra,My Way,88.92
Deki Alem,Shadowman,88.92
Nirvana,Dumb,88.91
Geese,3D Country,88.64
Death Grips,Double Helix,88.61
Weyes Blood,Picture Me Better,88.6
Queens of the Stone Age,First It Giveth,88.59
Bruno Mars,That's What I Like - Alan Walker Remix,88.56
Coldplay,Politik,88.55
Billy Ocean,Love Really Hurts Without You,88.41
Green Day,Father of All...,88.3
Thirty Seconds To Mars,The Kill,88.23
Kendrick Lamar,Savior,88.23
JPEGMAFIA,Thot Tactics,88.13
Madvillain,Fancy Clown,88.09
Otis Redding,Cigarettes and Coffee,87.95
Baby Keem,HONEST,87.86
Gorillaz,All Alone,87.83
Car Seat Headrest,Something Soon,87.63
The Kinks,This Time Tomorrow (2020 Stereo Remaster),87.56
Mitski,Class of 2013,87.48
Black Dresses,IN MY MOUTH,87.45
Lorde,Green Light,87.37
food house,mos thoser,87.34
Talking Heads,Girlfriend is Better (Live) - 2023 Remaster,87.29
Fleetwood Mac,Dreams - 2004 Remaster,87.27
Genesis Owusu,Whip Cracker,87.25
Post Malone,Sunflower - Spider-Man: Into the Spider-Verse,87.22
Lil Ugly Mane,cold in here,87.2
Gerard Canonico,The Squip Song,87.05
Weyes Blood,The Worst Is Done,87.04
Elton John,"Rocket Man (I Think It's Going To Be A Long, Long Time)",86.98
Jordy,Visions,86.85
Green Day,Walking Contradiction,86.74
Pink Floyd,Have A Cigar - 2011 Remaster,86.72
Aphex Twin,4,86.71
Chumbawamba,Nazi - Live,86.71
JPEGMAFIA,Fentanyl Tester,86.66
Phoebe Bridgers,Garden Song,86.6
Post Malone,I Fall Apart,86.53
Beach House,Lazuli,86.52
Harold Budd,Still Return - 2005 Digital Remaster,86.5
Harold Budd,Failing Light - Remastered 2004,86.5
Logic,Everyday,86.3
Dizzee Rascal,"Fix Up, Look Sharp",86.26
Mall Grab,Liverpool Street In The Rain,86.24
Arctic Monkeys,The View From The Afternoon,86.21
Arca,Tiro,86.19
KAYTRANADA,CHANCES,86.15
Suede,Trash (Remastered),86.09
Fiona Apple,Relay,86.04
Kendrick Lamar,These Walls,85.97
Arctic Monkeys,Knee Socks - Live,85.97
Travis Scott,MODERN JAM (feat. Teezo Touchdown),85.97
Yung Lean,Bliss,85.96
Ween,Tried And True,85.88
KAYTRANADA,Lover/Friend,85.8
EsDeeKid,Phantom,85.73
Earl Sweatshirt,Peanut,85.72
De La Soul,The Magic Number,85.71
The Brian Jonestown Massacre,It Girl,85.66
Ecco2k,Western Union,85.61
Ecco2k,Amygdala,85.53
Labi Siffre,Cannock Chase,85.53
Oasis,Cigarettes & Alcohol,85.46
Gorillaz,Punk,85.32
IDLES,The End,85.25
Playboi Carti,Long Time - Intro,85.24
Jimi Hendrix,Come On (Let the Good Times Roll),85.17
my bloody valentine,come in alone,85.17
Wilbur Soot,I'm Sorry Boris,85.13
Mitski,Brand New City,85.06
The Velvet Underground,I'm Waiting For The Man,84.98
Charli xcx,360,84.97
Frank Ocean,Nikes,84.96
Ewy,thru the underpass,84.89
Massive Attack,Group Four,84.88
Travis Scott,WAKE UP,84.86
Little Simz,I See You,84.69
Young Franco,"Give Thanks, Give Praise",84.68
The Armed,ALL FUTURES,84.67
Tom Waits,The Earth Died Screaming - 2023 Remaster,84.62
Orgy,Blue Monday,84.62
Gorillaz,To Binge (feat. Little Dragon),84.58
Les Rallizes Dénudés,White Awakening,84.55
Deafheaven,Dream House,84.44
my bloody valentine,to here knows when,84.42
The Beatles,Being For The Benefit Of Mr Kite! / I Want You (She's So Heavy) / Helter Skelter,84.39
Elton John,Step Into Christmas - Remastered 1995,84.37
The Garden,Thy Mission,84.33
Pink Floyd,Fearless - 2011 Remastered Version,84.28
Kendrick Lamar,"Sing About Me, I'm Dying Of Thirst",84.25
Sufjan Stevens,Futile Devices,84.22
Fall Out Boy,Novocaine,84.22
Nirvana,Lounge Act,84.2
Radiohead,Bodysnatchers,84.18
Chappell Roan,Naked In Manhattan,84.1
Fontaines D.C.,The Couple Across The Way,84.09
Ichiko Aoba,四月の支度,84.02
Derek & The Dominos,Layla,84.01
Macklemore & Ryan Lewis,Can't Hold Us (feat. Ray Dalton),83.98
Chet Baker,I Get Along Without You Very Well (Except Sometimes) - Vocal Version,83.95
CHANCE デラソウル,Loser,83.87
Parannoul,Chicken,83.86
Dominic Andersen,Big Fun,83.8
Lin-Manuel Miranda,"Aaron Burr, Sir",83.78
Lil B,B.O.R. (Birth of Rap),83.74
Vince Staples,Love Can Be...,83.72
black midi,Sugar/Tzu,83.69
Jordaan Mason,Avalanches,83.68
Queen,We Are The Champions - Live Aid,83.67
Aminé,RATCHET SATURN GIRL,83.65
Slade,Merry Xmas Everybody,83.52
Kero Kero Bonito,Sometimes,83.39
The Beatles,The Ballad Of John And Yoko - Remastered 2009,83.3
Kamasi Washington,Clair de Lune,83.3
Tiffany Mann,The Smartphone Hour (Rich Set a Fire),83.27
Al Green,Let's Stay Together,83.16
Xiu Xiu,Sad Redux-O-Grapher,83.07
Alex G,Mary,83.02
JPEGMAFIA,Orange Juice Jones,82.94
Sabrina Carpenter,15 Minutes,82.89
FKA twigs,daybed,82.83
The Beatles,Come Together - Remastered 2009,82.77
Nick Cave & The Bad Seeds,Bright Horses,82.67
Travis Scott,STARGAZING,82.57
JPEGMAFIA,I'll Be Right There,82.55
Post Malone,rockstar (feat. 21 Savage),82.46
Kanye West,Violent Crimes,82.44
Lea Salonga,A Little Fall Of Rain - Live,82.38
Westside Gunn,EGYPT - Remix,82.33
My Chemical Romance,Dead!,82.27
Nala Sinephro,Space 1,82.27
Billie Eilish,&burn,82.26
JPEGMAFIA,"Guess What Bitch, We Back Hoe!",82.18
Charli xcx,White Mercedes,82.17
Bladee,Ebay,82.12
King Gizzard & The Lizard Wizard,Hell's Itch,82.1
Sufjan Stevens,All of Me Wants All of You,82.02
Travis Scott,Oh My Dis Side (feat. Quavo),81.94
Kanye West,Mercy,81.91
Kendrick Lamar,m.A.A.d city,81.88
Gorillaz,Don't Get Lost in Heaven,81.57
Arctic Monkeys,I Bet You Look Good On The Dancefloor,81.53
Radiohead,Electioneering,81.43
Beach House,PPP,81.4
underscores,Cops and robbers,81.38
Oingo Boingo,Nasty Habits,81.35
Nate Mercereau,There You Are,81.31
Azealia Banks,Luxury,81.2
The Cranberries,(They Long To Be) Close To You,81.19
The Beatles,"Ob-La-Di, Ob-La-Da - Remastered 2009",81.15
Nirvana,Pennyroyal Tea,81.12
The Gap Band,Outstanding,81.1
Caribou,Can't Do Without You,81.08
Harold Budd,The Silver Ball - 2005 Digital Remaster,81.06
Magdalena Bay,Watching T.V.,81.03
The Beatles,Strawberry Fields Forever - Remastered 2009,81.03
Pusha T,Come Back Baby,80.97
Green Day,F.O.D.,80.92
Nia Archives,Off Wiv Ya Headz,80.89
The Garden,Good News,80.86
Darlene Love,All Alone on Christmas,80.81
Olivia Rodrigo,all-american bitch,80.81
Rachel Bay Jones,Good For You,80.8
George Salazar,Two-Player Game,80.78
Nirvana,Polly,80.72
princess xixi,LENG LOI,80.69
Boris,Afterburner,80.67
DJ Khaled,I'm the One,80.6
The Cavemen.,What a Day That Was,80.6
Ewy,Itch,80.59
MF DOOM,Potholderz,80.48
Charli xcx,Talk talk,80.45
Dagames,I Am the Animal,80.38
Aphex Twin,Ageispolis,80.36
ABBA,Kisses Of Fire,80.35
Arctic Monkeys,Tranquility Base Hotel & Casino,80.32
Goth Lipstick,your house,80.3
The Beatles,A Day In The Life,80.29
"Tyler, The Creator",Tamale,80.19
Bonnie Tyler,Total Eclipse of the Heart,80.1
Daft Punk,Technologic,79.99
Mindless Self Indulgence,Shut Me Up,79.96
Grace Jones,Walking In The Rain,79.92
Crywank,Memento Mori,79.84
Cage The Elephant,Come A Little Closer,79.84
SOPHIE,Is It Cold In The Water?,79.75
Piero Piccioni,Easy Lovers,79.64
El Cousteau,Words2LiveBy (feat. Earl Sweatshirt),79.62
Laufey,From The Start,79.52
Travis Scott,SKELETONS,79.46
Alex G,Treehouse,79.32
MGMT,She Works Out Too Much,79.26
Wilbur Soot,Losing Face,79.18
Bob Dylan,Subterranean Homesick Blues,79.14
Elliott Smith,Little One,79.02
The Avalanches,Live at Dominoes,79.0
Boyinaband,Life Is Fun,78.82
Kanye West,Wolves,78.75
Fievel Is Glauque,Decoy,78.74
Fools Garden,Lemon Tree,78.69
Will Wood and the Tapeworms,"Skeleton Appreciation Day in Vestal, NY (Bones)",78.65
Thayne Jasperson,Farmer Refuted,78.64
Nirvana,In Bloom,78.6
Death Grips,I Break Mirrors With My Face In The United States,78.56
Your Arms Are My Cocoon,Snowy!,78.47
Lin-Manuel Miranda,Hurricane,78.45
Redbone,Come and Get Your Love - Single Version,78.41
The Notorious B.I.G.,Big Poppa - 2005 Remaster,78.39
Beyoncé,AMERICA HAS A PROBLEM,78.33
Ed Sheeran,"I See Fire - From ""The Hobbit - The Desolation Of Smaug""",78.31
Blondie,One Way Or Another - Remastered 2001,78.24
Justin Hurwitz,Voodoo Mama,78.22
Squid,The Cleaner,78.18
FKA twigs,sad day,78.07
Cities Aviv,If I Could Hold Your Soul,78.05
Radiohead,High and Dry,78.04
Oasis,Supersonic,78.02
Lingua Ignota,PENNSYLVANIA FURNACE,78.02
Portishead,Roads,78.01
Taco,Puttin' on the Ritz,77.93
Gorillaz,"Out of Body (feat. Kilo Kish, Zebra Katz & Imani Vonshà)",77.83
The Beatles,Cry Baby Cry - Remastered 2009,77.76
Bloodwitch,Fly,77.74
Prince,Little Red Corvette,77.71
IDLES,Mother,77.63
Paramore,This Is Why,77.61
Gerard Way,Hazy Shade of Winter (feat. Ray Toro),77.58
Prince,Baby I'm a Star,77.53
Quadeca,MONDAY,77.5
Beach Bunny,Cloud 9,77.4
Squid,Swing (In A Dream),77.39
Run The Jewels,walking in the snow,77.38
The Cure,Let's Go To Bed,77.36
Father John Misty,Strange Encounter,77.35
underscores,Spoiled little brat,77.26
Nick Cave & The Bad Seeds,Stagger Lee - 2011 Remastered Version,77.26
Father John Misty,Tee Pees 1-12,77.2
100 gecs,800db cloud - live at fishcenter,77.19
Spectrum,F L Y,77.17
Current Joys,New Flesh,77.16
Clairo,Sexy to Someone,77.11
Oingo Boingo,Little Girls,77.04
Josh Gad,Man Up,77.02
Swans,Our Love Lies,76.97
The Beatles,A Hard Day's Night - Remastered 2009,76.97
My Chemical Romance,Cancer,76.92
Earl Sweatshirt,Azucar,76.92
Sonic Youth,Total Trash (Album Version),76.88
Mitski,Love Me More,76.88
Ichiko Aoba,Pilgrimage,76.86
Leslie Odom Jr.,Dear Theodosia,76.81
Aphex Twin,#1,76.78
Billie Eilish,bitches broken hearts,76.75
Taylor Swift,"You're On Your Own, Kid",76.71
Grouper,She Loves Me That Way,76.69
black midi,27 Questions,76.68
The White Stripes,Icky Thump,76.65
SOPHIE,It's Okay To Cry,76.52
Three 6 Mafia,Break Da Law '95',76.5
DJ Patife,Sambassim - DJ Patife Remix,76.47
Talking Heads,What a Day That Was (Live) - 2023 Remaster,76.34
William Basinski,"O, My Daughter, O, My Sorrow",76.34
KISS,I Was Made For Lovin' You,76.33
100 gecs,The Most Wanted Person In The United States,76.29
Soft Cell,Where Did Our Love Go?,76.24
Oasis,Bring It On Down,76.24
Oasis,Bonehead's Bank Holiday - Remastered,76.21
Xiu Xiu,Falling,76.19
Godspeed You! Black Emperor,Like Antennas To Heaven…,76.01
Kendrick Lamar,The Heart Part 5,75.88
Elliott Smith,Waltz #1,75.85
Bakar,Hell N Back,75.85
Oasis,Shakermaker - Remastered,75.82
Thom Yorke,Dawn Chorus,75.79
Green Day,Restless Heart Syndrome,75.79
Lily Allen,Fuck You,75.79
KMFDM,Me & My Gun,75.75
Kikuo,君はできない子,75.73
t e l e p a t h テレパシー能力者,Living on the Echoes of Yesterday,75.68
Billie Eilish,goodbye,75.64
Fiona Apple,Fast As You Can,75.61
"Tyler, The Creator",Noid,75.6
Oasis,Live Forever,75.57
MF DOOM,Rapp Snitch Knishes,75.51
Simon & Garfunkel,"Wednesday Morning, 3 A.M.",75.5
Yoshi T.,Mii MUSIC (feat. WHATMORE),75.49
girl in red,girls,75.44
Yves Tumor,Medicine Burn,75.37
SIX,Six,75.33
JP Cooper,September Song,75.33
Blur,Girls & Boys - 2012 Remaster,75.31
Slushii,Twinbow,75.31
King Gizzard & The Lizard Wizard,Satan Speeds Up,75.3
Death Grips,Houdini,75.22
Leonard Cohen,Chelsea Hotel #2,75.21
Hiroshi Sato,BLUE AND MOODY MUSIC (WENDY'S VERSION),75.2
Childish Gambino,This Is America,75.2
My Chemical Romance,Party Poison,75.1
Machine Girl,Fuck Up Your Face,75.07
Townes Van Zandt,I'll Be Here in the Morning,75.06
Kanye West,Blood On The Leaves,75.04
Aphex Twin,Come To Daddy - Pappy Mix,75.04
Mother Mother,Body,75.02
The Foundations,Build Me Up Buttercup - Mono,75.01
Ed Sheeran,Remember The Name (feat. Eminem & 50 Cent),74.82
Khalid,Better,74.68
benny blanco,Eastside (with Halsey & Khalid),74.68
Moby,When It's Cold I'd Like to Die,74.67
Westside Gunn,Dudley Boyz (feat. Action Bronson),74.64
King Gizzard & The Lizard Wizard,Lonely Steel Sheet Flyer,74.64
Viagra Boys,Troglodyte,74.59
Penelope Scott,Feel Better,74.53
Run The Jewels,yankee and the brave (ep. 4),74.51
Jockstrap,Glasgow,74.49
Green Day,All the Time,74.3
Fiona Apple,Drumset,74.21
mxmtoon,unspoken words,74.1
Playboi Carti,Stop Breathing,74.09
Blue Iverson,Jennah's Interlude,74.09
Pink Floyd,Comfortably Numb,74.07
Kanye West,We Don't Care,74.03
Cavetown,Things That Make It Warm,74.0
Will Roland,Voices in My Head,73.89
Prince,Nothing Compares 2 U,73.88
Kendrick Lamar,Alright,73.83
Pink Siifu,Remote Relocation,73.82
Weatherday,Older Than Before (Oswald Made No Way for Himself),73.8
Madvillain,Money Folder,73.78
t e l e p a t h テレパシー能力者,Have I Seen You Before?,73.75
Nia Archives,Baianá,73.72
Green Day,Platypus (I Hate You),73.72
Big Thief,Masterpiece,73.71
The Smashing Pumpkins,The Boy,73.69
King Gizzard & The Lizard Wizard,Hypertension,73.68
slowthai,Yum,73.59
SIX,All You Wanna Do,73.59
ABBA,As Good As New,73.55
Arctic Monkeys,R U Mine?,73.55
Kanye West,Street Lights,73.53
Maurice Ravel,Miroirs: III. Une barque sur l'océan,73.51
Nick Cave & The Bad Seeds,The Witness Song - 2010 Remastered Version,73.42
TV Girl,Song About Me,73.37
The Killers,Midnight Show,73.35
Ralph Castelli,Morning Sex,73.25
Nine Inch Nails,Piggy,73.25
Gorillaz,Skinny Ape,73.23
Will Wood and the Tapeworms,"Hand Me My Shovel, I'm Going In!",73.17
William Basinski,Melancholia IV,73.15
Jeff Buckley,I Know It's Over,73.14
Two Door Cinema Club,Undercover Martyn,73.11
Thundercat,Walkin',73.04
Blur,Sing - 2012 Remaster,73.0
Cage The Elephant,It's Just Forever,72.97
Björk,Venus As A Boy,72.97
The Strokes,80's Comedown Machine,72.96
Metric,Black Sheep,72.91
Elvis Presley,Suspicious Minds,72.85
Funkadelic,"You And Your Folks, Me And My Folks",72.84
Green Day,The Grouch,72.83
Tiffany,I Think We're Alone Now,72.83
Ryan McCartan,Freeze Your Brain,72.82
Getter Jaani,Rockefeller Street (New Nightcore) [#Rockefellerstreet Remix],72.8
Paramore,Figure 8,72.8
IDLES,I'm Scum,72.78
Will Wood,"Sex, Drugs, Rock 'n' Roll",72.63
Blood Orange,The Complete Knock,72.48
Wham!,The Edge of Heaven,72.45
A$AP Rocky,Jukebox Joints (feat. Joe Fox & Kanye West),72.44
Kero Kero Bonito,You Know How It Is,72.42
Addison Rae,Fame is a Gun,72.38
Babyfather,Skywalker,72.34
Kanye West,Through The Wire,72.34
Bob Dylan,Knockin' On Heaven's Door,72.13
Modern Baseball,Your Graduation,72.11
billy woods,FaceTime,72.05
The Killers,Leave The Bourbon On The Shelf,72.03
The Beatles,Nowhere Man - Remastered 2009,72.0
Daniel Johnston,Casper the Friendly Ghost,71.9
Aphex Twin,Bbydhyonchord,71.86
Harry Styles,Golden,71.85
Teedra Moses,BE YOUR GIRL - KAYTRANADA REMIX,71.76
The Stone Roses,Made of Stone - Remastered 2009,71.74
C418,Stal,71.74
Michael Jackson,Don't Stop 'Til You Get Enough,71.72
Koolism,Jam Hot,71.65
Unknown Mortal Orchestra,So Good at Being in Trouble,71.6
Unwound,Corpse Pose,71.57
Elton John,Sixty Years On - Album Edit,71.56
Chinese Football,Goalkeeper,71.5
"Tyler, The Creator",Glitter,71.48
ElyOtto,SugarCrash!,71.44
"Black Country, New Road",Bread Song,71.41
Travis Scott,Pornography,71.4
Bladee,BBY,71.33
Shiro SAGISU,A Cruel Angel's Thesis - Director's Edit Version,71.24
Radiohead,The Tourist,71.14
Madvillain,America's Most Blunted,71.13
Sam Gellaitry,Assumptions,71.1
Nirvana,About A Girl - Live,71.08
Will Wood and the Tapeworms,The Song with Five Names a.k.a. Soapbox Tao a.k.a. Checkmate Atheists! a.k.a. Neospace Government (A.K.A. You Can Never Know),71.06
Arctic Monkeys,Fake Tales Of San Francisco,71.05
Skepta,That's Not Me,71.02
Paramore,Misery Business,71.01
Prince,Let's Go Crazy,70.97
Weiland,Dangerous Woman,70.94
Father John Misty,The Night Josh Tillman Came to Our Apt.,70.92
Ashe,Moral of the Story,70.86
Blood Orange,Time Will Tell,70.85
BROCKHAMPTON,RENTAL,70.84
Sleigh Bells,Infinity Guitars,70.83
Father John Misty,One of Us Cannot Be Wrong,70.79
Westside Gunn,Margiela Split Toes (feat. Mach-Hommy),70.78
Laurie Anderson,O Superman,70.77
Madvillain,All Caps,70.72
Alan Walker,Sing Me to Sleep,70.72
Machine Girl,Cyan Hardcore,70.69
Marshmello,Silence,70.6
The Isley Brothers,This Old Heart Of Mine (Is Weak For You),70.58
Machine Girl,Post Rave Maximalist,70.53
Kanye West,No Child Left Behind,70.5
The Beatles,Dear Prudence - Remastered 2009,70.49
King Gizzard & The Lizard Wizard,Fishing For Fishies,70.47
Jack Ü,Where Are Ü Now (with Justin Bieber) - Marshmello Remix,70.4
Giles Corey,Empty Churches,70.31
Fleetwood Mac,Never Going Back Again - 2004 Remaster,70.3
Nirvana,About A Girl,70.28
Outkast,B.O.B. - Bombs Over Baghdad,70.25
TV Girl,(Do The) Act Like You Never Met Me,70.23
Fall Out Boy,My Songs Know What You Did In The Dark (Light Em Up),70.21
Wilbur Soot,La Jolla,70.21
Jax Jones,Play (with Years & Years),70.2
Dean Blunt,PRESSED,70.15
Fall Out Boy,Uma Thurman,70.14
Pink Floyd,Sheep - 2011 Remaster,70.09
Death Grips,Black Quarterback,70.09
Dorian Electra,F The World,70.08
League of Legends,Flash Funk (feat. Marshmello),70.03
Jockstrap,Debra,70.02
Travis Scott,NO BYSTANDERS,69.92
Slauson Malone 1,"Off Me! ""The Wake"" Pt. 1 & 2 (see page 153)",69.87
Caesars,Jerk It Out,69.85
Original Broadway Cast of Hamilton,The Reynolds Pamphlet,69.8
Jason Tam,The Pitiful Children,69.78
Surf Curse,Freaks,69.55
WHATMORE,go!,69.49
Father John Misty,Nothing Good Ever Happens at the Goddamn Thirsty Crow,69.44
The Music Tapes,City of Lights,69.42
Swans,Children of God,69.4
Broken Social Scene,Anthems For A Seventeen Year-Old Girl,69.29
Pink Floyd,Pigs (Three Different Ones) - 2011 Remaster,69.25
glass beach,bedroom community,69.25
J Dilla,Time: The Donut of the Heart,69.19
Lorde,Stoned at the Nail Salon,69.14
Coldplay,Trouble,69.06
Kanye West,Bound 2,69.06
Monkey and the Permavirgins,Farewell,69.05
Yard Act,100% Endurance,69.04
Berlin,"Take My Breath Away - Love Theme from ""Top Gun""",69.02
Death Grips,Centuries Of Damn,68.88
Zelooperz,Easter Sunday,68.8
Post Malone,A Thousand Bad Times,68.7
Sia,Move Your Body - Alan Walker Remix,68.62
Goose house,光るなら,68.61
Death Grips,Why A Bitch Gotta Lie,68.58
セキトオ・シゲオ,ハピネス,68.52
Phillipa Soo,That Would Be Enough,68.46
The Beatles,Revolution 1 - Remastered 2009,68.41
Venetian Snares,Öngyilkos Vasárnap,68.4
Arctic Monkeys,Teddy Picker,68.35
Daughters,"Long Road, No Turns",68.3
Panic! At The Disco,High Hopes,68.28
Björk,It's Oh So Quiet,68.26
Pat The Bunny,I'm not a good person,68.14
Harold Budd,Foreshadowed - 2005 Digital Remaster,68.12
XXXTENTACION,Moonlight,68.03
Will Wood and the Tapeworms,6up 5oh Cop-Out (Pro / Con),67.99
Yves Tumor,Romanticist,67.93
The Beatles,Happiness Is A Warm Gun - Remastered 2009,67.9
Post Malone,Hollywood's Bleeding,67.89
re6ce,can we change the subject?,67.85
Clairo,Terrapin,67.66
Jessica Keenan Wynn,Candy Store,67.65
Clairo,Sofia,67.65
Bladee,Drama,67.56
bob hund,"Tralala lilla molntuss, kom hit ska du få en puss",67.56
Aphex Twin,Acrid Avid Jam Shred,67.45
Machine Girl,うずまき,67.36
Aphex Twin,Heliosphan,67.27
Psychedelic Porn Crumpets,Cornflake,67.27
Ecco2k,Fragile,67.25
Aphex Twin,Pulsewidth,67.22
Gorillaz,Hollywood (feat. Snoop Dogg & Jamie Principle),67.21
Deftones,Around the Fur,67.21
This Heat,Cenotaph,67.2
Lil Ugly Mane,Wishmaster,67.18
Jamiroquai,Canned Heat,67.17
Yves Tumor,Noid,67.16
Madvillain,Figaro,67.13
Swans,A Piece of the Sky,67.13
Edwin Starr,Stop Her On Sight (S.O.S.),67.03
Steven Universe,Love Like You (feat. Rebecca Sugar) - End Credits,67.02
Al Bowlly,Heartaches,66.99
Nine Inch Nails,The Perfect Drug,66.98
slowthai,ENEMY,66.97
Queen,We Will Rock You - Movie Mix,66.95
Mitski,My Love Mine All Mine,66.95
Arca,Fiera,66.94
Fishmans,BABY BLUE,66.85
Dorian Electra,Edgelord,66.82
Death Grips,Come Up And Get Me,66.8
Tame Impala,Yes I'm Changing,66.78
Death Grips,BB Poison,66.73
Nirvana,Come As You Are,66.65
Panic! At The Disco,Miss Jackson (feat. LOLO),66.65
Cavetown,Sweet Tooth,66.44
Daft Punk,Instant Crush (feat. Julian Casablancas),66.41
Death Grips,Guillotine,66.37
Caroline Polachek,Fly To You (feat. Grimes and Dido),66.32
SZA,Doves In The Wind (feat. Kendrick Lamar),66.3
MF DOOM,Deep Fried Frenz,66.29
The Mothers Of Invention,Take Your Clothes Off When You Dance,66.28
Wizzard,I Wish It Could Be Christmas Everyday,66.26
King Gizzard & The Lizard Wizard,Slow Jam 1,66.26
The Killers,Mr. Brightside,66.25
Elton John,Border Song,66.23
Butthole Surfers,Pepper,66.23
MF DOOM,Hoe Cakes,66.18
Gorillaz,November Has Come,66.11
Kyle Dixon & Michael Stein,Stranger Things - Extended,66.08
Alvvays,Atop a Cake,66.08
Lemon Demon,Two Trucks,66.04
SOPHIE,Ponyboy,65.98
The Beatles,I Saw Her Standing There - Remastered 2009,65.9
Mindless Self Indulgence,What Do They Know?,65.84
Crywank,There All Is Aching,65.81
Kanye West,All Of The Lights,65.63
Cocteau Twins,Iceblink Luck,65.62
Blur,End of a Century - 2012 Remaster,65.6
KIDS SEE GHOSTS,Reborn,65.58
C418,Wet Hands,65.56
Blonde Redhead,For the Damaged Coda,65.54
King Krule,Stoned Again,65.49
Bon Iver,For Emma,65.45
Arca,Riquiquí,65.43
･ ･－･ ･－ ･･･ ･ －･･,－－ ･ －･･ ･ ･－･･ ･－,65.27
Alan Walker,Tired,65.24
deadmau5,Alone With You - Unmixed Extended Version,65.24
Lynks,Silly Boy,65.23
Boris,Naki Kyoku,65.23
Clipse,Chains & Whips,65.2
Talking Heads,Girlfriend Is Better - 2005 Remaster,65.17
John Tartaglia,What Do You Do with a B.A. in English / It Sucks to Be Me,65.12
Yves Tumor,Secrecy Is Incredibly Important To The Both of Them,65.06
"Tyler, The Creator",Peach Fuzz,65.05
Future,Like That,65.03
Orchestral Manoeuvres In The Dark,Enola Gay - Remastered 2003,64.97
The Darkness,Christmas Time (Don't Let the Bells End),64.95
T'Shan Williams,Never Shut Up Again,64.9
The Beatles,Back In The U.S.S.R. - Remastered 2009,64.85
The Beatles,You've Got To Hide Your Love Away - Remastered 2009,64.79
Fall Out Boy,Centuries,64.76
Kanye West,Coldest Winter,64.72
Cavetown,Lemon Boy,64.63
TV Girl,Loving Machine,64.63
King Gizzard & The Lizard Wizard,No Body,64.58
Swans,The Seer,64.5
Prince,Kiss,64.44
Mark Bernes,Темная ночь,64.38
Freddie Gibbs,Shitsville,64.35
Backxwash,I LIE HERE BURIED WITH MY RINGS AND MY DRESSES,64.29
Harry Styles,Satellite,64.28
Chet Baker,Time After Time - Vocal Version,64.27
Bladee,SmartWater,64.26
black midi,Ducter,64.2
JPEGMAFIA,either on or off the drugs,64.2
My Chemical Romance,"Give 'Em Hell, Kid",64.13
SIPHO.,SOBER,64.08
Playboi Carti,On That Time,64.03
Will Wood,"Suburbia Overture / Greetings from Mary Bell Township! / (Vampire) Culture / Love Me, Normally",64.01
My Chemical Romance,Teenagers,64.01
Mr.Kitty,After Dark,63.96
Barerra,All Behind,63.85
Black Flag,Rise Above,63.83
Talking Heads,Psycho Killer - 2005 Remaster,63.83
JPEGMAFIA,Post Verified Lifestyle,63.79
Squid,Paddling,63.79
Chris Travis,80 Dime Bagz [Boomin' Like Alicia Keys] (feat. Black Kray & Ethelwulf),63.72
The Antlers,Atrophy,63.71
Flume,How To Build A Relationship,63.63
Sports Team,The Drop,63.59
JPEGMAFIA,Garbage Pale Kids,63.57
Coldplay,feelslikeimfallinginlove,63.5
Dean Blunt,Rinsed,63.46
Bladee,Safehouse,63.43
The Beatles,Yellow Submarine - Remastered 2009,63.38
Big Thief,Velvet Ring,63.36
C418,Clark,63.36
"Tyler, The Creator",Pothole (feat. Jaden Smith),63.31
FKA twigs,fallen alien,63.24
Machine Girl,Scroll of Sorrow,63.21
Mitski,First Love/Late Spring,63.19
Jessie Ware,Soul Control,63.09
Vangelis,Love Theme,63.07
Beach House,Troublemaker,63.04
King Gizzard & The Lizard Wizard,Yours,63.01
Pink Floyd,Dogs,63.0
Wolf Alice,Don’t Delete The Kisses,62.99
Prince,The Beautiful Ones,62.84
Hugh Jackman,The Other Side,62.8
Geese,Taxes,62.75
Caroline Polachek,Welcome To My Island - George Daniel & Charli XCX Remix,62.65
Lil B,I'm God,62.6
black midi,Western,62.6
Noisestorm,Crab Rave,62.54
Sematary,God's Light Burns Upon My Flesh,62.54
PUP,"If This Tour Doesn't Kill You, I Will",62.44
Rodríguez,Cause,62.42
Prince,1999,62.41
Teen Suicide,haunt me (x 3),62.4
Taron Egerton,Your Song,62.38
Lil Ugly Mane,porcelain slightly,62.37
Nujabes,Gone Are The Days (feat. Uyama Hiroto),62.36
My Chemical Romance,The End.,62.34
Ho99o9,War Is Hell,62.28
Blur,Charmless Man - 2012 Remaster,62.27
"Tyler, The Creator","BLOW MY LOAD (feat. Wanya Morris, Dâm-Funk, Austin Feinstein & Sydney Bennett)",62.04
Jonas Brothers,Sucker,62.02
The Streets,Turn the Page,61.99
Wolf Alice,Play The Greatest Hits,61.96
Kanye West,Touch The Sky,61.95
Glass Animals,The Other Side Of Paradise,61.93
"Tyler, The Creator",WUSYANAME (feat. Youngboy Never Broke Again & Ty Dolla $ign),61.87
Yard Act,Fixer Upper,61.85
Kendrick Lamar,Momma,61.81
Post Malone,Enemies (feat. DaBaby),61.78
Dead Kennedys,Kill the Poor,61.78
Lewis Cleale,Making Things up Again,61.73
Harold Budd,Their Memories - 2005 Digital Remaster,61.68
Nine Inch Nails,Wish,61.67
Depeche Mode,Just Can't Get Enough,61.64
Strawberry Switchblade,Trees and Flowers,61.6
The Altons,When You Go (That's When You'll Know),61.57
Pip Blom,School,61.45
Kendrick Lamar,ELEMENT.,61.44
BROCKHAMPTON,CHAIN ON (feat. JPEGMAFIA),61.36
Kanye West,Spaceship,61.33
Charles Bradley,Changes,61.31
Sonic Youth,Eric's Trip (Album Version),61.26
TV Girl,Heaven Is a Bedroom,61.16
Nick Cave & The Bad Seeds,Ghosteen,61.14
Slowdive,Melon Yellow,61.1
Roland Faunte,End on a Hai,61.08
Billie Eilish,come out and play,61.05
Arca,My 2,61.05
The Stooges,I Wanna Be Your Dog,61.02
Travis Scott,CAROUSEL,61.01
Playboi Carti,Magnolia,60.99
FKA twigs,Striptease,60.89
Freddie Gibbs,Thuggin’,60.79
John Lennon,Happy Xmas (War Is Over) - Remastered 2010,60.76
Bill Evans Trio,Some Other Time - Live,60.76
JPEGMAFIA,HAZARD DUTY PAY!,60.75
Fall Out Boy,"Dance, Dance",60.64
Lalleshwari (Katie Jane Garside),Road Kill,60.51
Gerard Way,Here Comes the End (feat. Judith Hill),60.46
Fall Out Boy,Irresistible,60.42
Westside Gunn,Love U,60.38
bootleg gizzard,Head On/Pill (Live in Milwaukee ’19),60.34
Run The Jewels,pulling the pin (feat. Mavis Staples & Josh Homme),60.31
Calvin Harris,I'm Not Alone - Radio Edit,60.12
Subhumans,Mickey Mouse Is Dead,60.1
Doechii,NISSAN ALTIMA,60.07
LCD Soundsystem,Watch the Tapes,60.07
A$AP Rocky,Sundress,60.07
Jamie Muscato,Meant to be Yours,60.06
William Basinski,Melancholia XII,60.03
Doechii,CATFISH,59.98
Colm Wilkinson,Bring Him Home,59.92
Blksmiith,SR20DET,59.9
Machine Girl,Bullet Hell,59.87
Fall Out Boy,Jet Pack Blues,59.86
Machine Girl,Dumbass!!,59.83
Denzel Curry,Bulls on Parade - triple j Like A Version,59.77
slowthai,nhs,59.75
Gorillaz,Cracker Island (feat. Thundercat),59.74
William Basinski,Passio,59.74
Rural Internet,Infested,59.73
Mitski,The Only Heartbreaker,59.69
Self Esteem,The Winner,59.68
Weezer,Pink Triangle,59.65
Fiona Apple,Love Ridden,59.53
Jockstrap,The City,59.52
Robert Lester Folsom,"See You Later, I'm Gone",59.49
Heart,Barracuda,59.48
IDLES,June,59.47
Cage The Elephant,Ain't No Rest For The Wicked,59.45
IDLES,Model Village - feat. slowthai,59.44
Cosmo Sheldrake,Tardigrade Song,59.44
Pink Floyd,Brain Damage - 2011 Remastered Version,59.43
The Beach Boys,Don't Worry Baby - Remastered 2001,59.4
Tim Curry,Sweet Transvestite,59.33
Moby,Porcelain,59.32
Yabujin,302? ionwan2go,59.32
Tim Hecker,Boreal Kiss Pt. 1,59.31
Machine Girl,Excruciating Deth,59.29
Bill Evans,My Funny Valentine,59.29
Arca,Electra Rex,59.29
The Weeknd,House Of Balloons / Glass Table Girls,59.28
Charli xcx,365 featuring shygirl,59.28
Ecco2k,You Lose,59.27
j1nabae,trauma,59.21
Beach House,New Year,59.2
A$AP Rocky,Fashion Killa,59.19
Chris Cornell,"You Know My Name - From ""Casino Royale"" Soundtrack",59.18
Bo Burnham,ART IS DEAD,59.17
Death Grips,Hustle Bones,59.17
Michele Leigh,Sunflower,59.13
JPEGMAFIA,SIN MIEDO,59.12
Lola Young,d£aler,59.12
Charli xcx,Roll with Me,59.11
Mitski,Pink in the Night,59.08
Dizzee Rascal,Bassline Junkie,59.04
The Neighbourhood,Sweater Weather,59.03
Nujabes,Kumomi,59.02
Labrinth,All For Us - from the HBO Original Series Euphoria,58.95
Will Roland,Loser Geek Whatever,58.93
The Antlers,Wake,58.91
Trüby Trio,A Festa,58.83
Beach House,Days of Candy,58.81
MF DOOM,Beef Rap,58.68
Paramore,That's What You Get,58.68
MGMT,Weekend Wars,58.65
Mount Eerie,Moon Sequel,58.65
Ecco2k,Jalouse,58.58
The Beatles,Help! - Remastered 2009,58.57
Big Black,The Model,58.54
Machine Girl,On Coming,58.54
Massive Attack,Exchange,58.53
Bladee,Who Goes There,58.49
Death Grips,Hot Head,58.46
The Smiths,How Soon Is Now? - 2011 Remaster,58.45
Piero Piccioni,"Luna, amore e no",58.44
The Beatles,No Reply - Remastered 2009,58.39
Kanye West,Off The Grid,58.37
John + Jane Q. Public,Watermelon,58.35
Stephen Sondheim,Johanna,58.31
King Gizzard & The Lizard Wizard,Hell,58.22
Wilbur Soot,I'm in Love With an E-Girl,58.2
Marshmello,Find Me,58.15
Harold Budd,Above Chiangmai - Remastered 2004,58.1
carnivalxenon,光るなら,58.06
Danny Brown,Golddust,58.04
Phoebe Bridgers,Kyoto (Copycat Killer Version),57.99
Lana Del Rey,Did you know that there's a tunnel under Ocean Blvd,57.98
Mike And The Censations,There's Nothing I Can Do About It,57.84
Elton John,Rock And Roll Madonna,57.82
Animal Collective,Chores,57.81
Beyoncé,YA YA,57.8
David Bowie,Rock 'n' Roll Suicide - 2012 Remaster,57.76
JPEGMAFIA,Beta Male Strategies,57.71
Ricky Montgomery,This December,57.7
Caroline Polachek,Hit Me Where It Hurts,57.67
Phoebe Bridgers,Punisher (Copycat Killer Version),57.61
Thundercat,Show You The Way,57.6
Sweet Trip,Pro: Lov: Ad,57.58
Barerra,Can't Help,57.51
Paramore,All I Wanted,57.51
KNEECAP,H.O.O.D,57.5
The Music Tapes,I've Got My Love,57.47
Merky ACE,Greaze - Machine Girl Mix,57.42
Bill Evans Trio,I Fall In Love Too Easily,57.4
Ed Sheeran,"You Need Me, I Don't Need You",57.35
Christophe,Aline,57.33
The Velvet Underground,Run Run Run,57.29
The Beatles,I've Just Seen A Face - Remastered 2009,57.28
Nussy Andrews,Hag,57.26
George Harrison,My Sweet Lord - Remastered 2014,57.23
Coldplay,God Put a Smile upon Your Face,57.21
The Avalanches,Tonight May Have To Last Me All My Life,57.2
JPEGMAFIA,Shut Yo Bitch Ass Up / Muddy Waters,57.17
Riz Ortolani,Cannibal Holocaust (Main Theme),57.17
Harold Budd,The Pearl - 2005 Digital Remaster,57.13
Young Thug,Wyclef Jean,57.09
Loyle Carner,Homerton,57.08
J Dilla,Workinonit,57.05
Bladee,Obedient,57.01
Andrew Rannells,Two by Two,56.86
Chief Keef,Save Me,56.83
Billie Holiday,Blue Moon,56.82
Miles Davis,"Flamenco Sketches (feat. John Coltrane, Cannonball Adderley & Bill Evans)",56.8
Fall Out Boy,Thnks fr th Mmrs,56.69
Portishead,Mysterons,56.69
"Black Country, New Road",Across The Pond Friend - Live at Bush Hall,56.67
The Living Tombstone,My Ordinary Life,56.66
William Basinski,Melancholia I,56.66
Radiohead,Talk Show Host,56.65
Nick Cave & The Bad Seeds,Lucy,56.64
Metric,Black Sheep - Brie Larson Vocal Version,56.63
MF DOOM,Potholderz (feat. Count Bass D),56.6
My Chemical Romance,Headfirst for Halos,56.56
Lil Wayne,"Sucker for Pain (with Wiz Khalifa, Imagine Dragons, Logic & Ty Dolla $ign feat. X Ambassadors)",56.56
Arca,Luna Llena,56.53
Grimes,Vowels = space and time,56.51
The Moldy Peaches,Anyone Else But You,56.47
Psychedelic Porn Crumpets,Tally-Ho,56.46
Clipse,P.O.V.,56.42
The Beatles,I Want To Hold Your Hand - Remastered 2009,56.36
Greg Lake,I Believe in Father Christmas,56.33
A$AP Rocky,Fukk Sleep (feat. FKA twigs),56.28
Buddy Holly,Everyday,56.27
underscores,70%,56.26
100 gecs,sympathy 4 the grinch,56.23
Wu-Tang Clan,Can It Be All So Simple / Intermission,56.19
Green Day,Having a Blast,56.12
Charli xcx,Track 10,56.1
Queens of the Stone Age,The Lost Art Of Keeping A Secret,56.07
Ethel Cain,Strangers,55.99
Sonic Youth,Mote,55.95
Machine Girl,Ginger Claps,55.92
JPEGMAFIA,Jack Harlow Combo Meal,55.92
100 gecs,Hollywood Baby,55.91
Beyoncé,I'M THAT GIRL,55.89
Her's,Harvey,55.85
The Garden,Chainsaw the Door,55.84
Fiona Apple,Shadowboxer,55.79
Lynks,Str8 Acting,55.78
Vince Staples,Norf Norf,55.78
Tfwamirite,ANIMEFUCKCORE!!!,55.77
Ziv Zaifman,A Million Dreams,55.77
Elias,Explain,55.77
Lil Ugly Mane,Hello,55.76
KAYTRANADA,Oh No (feat. Estelle),55.76
Pink Siifu,garden of truth,55.69
Aphex Twin,QKThr,55.66
Mitski,Liquid Smooth,55.61
The Dresden Dolls,Girl Anachronism,55.58
Elton John,Take Me To The Pilot,55.55
Kendrick Lamar,How Much A Dollar Cost,55.54
Paramore,Fast in My Car,55.53
Chuck Sutton,"If Not, When?",55.52
Mindless Self Indulgence,Prescription,55.51
Bad Brains,Leaving Babylon,55.46
I Monster,Daydream In Blue,55.42
King Gizzard & The Lizard Wizard,The Hungry Wolf Of Fate,55.4
Jane Remover,Psychoboost feat danny brown,55.36
Ozzy Osbourne,Crazy Train,55.17
Jane Remover,Backseat Girl,55.16
My Chemical Romance,I Don't Love You,55.14
Bladee,Everlasting Flames,55.14
Injury Reserve,Postpostpartum,55.11
Devon Hendryx,Call Me Maybe,55.02
Machine Girl,Dead on the Scene (So Below Mix),54.99
Harold Budd,Not Yet Remembered - Remastered 2004,54.96
Green Day,She,54.91
Rex Orange County,Never Enough,54.91
Yves Tumor,Jackie,54.91
My Chemical Romance,Vampires Will Never Hurt You,54.88
BROCKHAMPTON,NEW ORLEANS,54.84
Harold Budd,Wind In Lonely Fences - Remastered 2004,54.79
Molchat Doma,Волны,54.77
Glass Animals,Take A Slice,54.73
The Garden,Who Am I Going To Share All Of This Wine With?,54.68
Jessie Ware,What’s Your Pleasure?,54.68
Frankie Valli,Can't Take My Eyes off You,54.67
Zack Fox,mind your business,54.62
William Basinski,Melancholia XIV,54.56
Oasis,Fade Away,54.51
Yves Tumor,Heaven Surrounds Us Like a Hood,54.43
Mount Eerie,With My Hands Out,54.41
Weyes Blood,Movies,54.39
The Rolling Stones,"Paint It, Black",54.38
Bloc Party,Banquet,54.31
Björk,Blissing Me,54.29
Bladee,So What,54.29
Pink Floyd,Run Like Hell - 2011 Remastered Version,54.18
Aphex Twin,We Are the Music Makers,54.16
Tom Lehrer,"So Long, Mom - A Song for World War III",54.12
Neutral Milk Hotel,The Fool,54.08
My Chemical Romance,I'm Not Okay (I Promise),54.04
Alex G,The Same,53.93
black midi,Of Schlagenheim,53.87
Nine Inch Nails,Sin,53.8
King Gizzard & The Lizard Wizard,Bone,53.78
Brian Eno,Signals - Remastered 2005,53.76
Jack Stauber's Micropop,There's Something Happening,53.73
Lil B,Suck My Dick Hoe,53.72
Leonard Cohen,The Stranger Song,53.69
Freddie Gibbs,High (feat. Danny Brown),53.66
Mazzy Star,Fade Into You,53.62
Uboa,Please Don't Leave Me,53.6
King Gizzard & The Lizard Wizard,Perihelion,53.55
Car Seat Headrest,Maud Gone,53.55
Cocteau Twins,I Wear Your Ring,53.48
Daft Punk,One More Time,53.47
Freddie Gibbs,Babies & Fools (feat. Conway the Machine),53.44
A Tribe Called Quest,Can I Kick It?,53.42
Grace Jones,Use Me,53.41
Death Grips,Pss Pss,53.4
Flying Lotus,Zodiac Shit,53.31
Charli xcx,360 featuring robyn and yung lean,53.3
Alex G,Memory,53.25
Green Day,East Jesus Nowhere,53.2
Harry Belafonte,Banana Boat (Day-O),53.12
Childish Gambino,3005,53.11
Blue Iverson,Hush Money,53.07
Car Seat Headrest,Cosmic Hero,53.06
Big Thief,Real Love - 2023 Remaster,53.06
The Beatles,Yer Blues - Remastered 2009,53.04
Jason Tam,"Be More Chill, Pt. 1",53.03
Madvillain,Shadows of Tomorrow,53.01
Wham!,Last Christmas,52.97
Kanye West,Jesus Walks,52.95
Nick Cave & The Bad Seeds,Do You Love Me? (Part 2) - 2011 Remastered Version,52.93
Pink Floyd,In The Flesh? - 2011 Remastered Version,52.91
glass beach,glass beach,52.91
LCD Soundsystem,You Wanted a Hit,52.8
slowthai,Tourniquet,52.79
Oasis,The Shock Of The Lightning,52.75
Aphex Twin,Actium,52.71
Madvillain,Strange Ways,52.71
Arca,Xenomorphgirl,52.68
Alex G,You Are In Trouble,52.59
Kanye West,Dark Fantasy,52.56
Radiohead,15 Step,52.54
Death Grips,Disappointed,52.54
slowthai,Northampton's Child,52.53
Rex Orange County,Face to Face,52.52
Jordana,The Party's Not Over,52.46
Ryo Fukui,It Could Happen To You,52.46
Daughters,Guest House,52.42
Carrie Hope Fletcher,Seventeen (Reprise),52.4
The Stone Roses,Waterfall - Remastered 2009,52.33
Radiohead,Where I End and You Begin,52.28
A$AP Rocky,PUNK ROCKY,52.25
Lenny Kravitz,Are You Gonna Go My Way,52.23
Nujabes,Modal Soul (feat. Uyama Hiroto),52.21
Pink Siifu,BACK'!,52.17
Queens of the Stone Age,3's & 7's,52.11
Oasis,Married With Children,52.1
slowthai,Grow Up (feat. Jaykae),52.03
Johnny Duncan & The Blue Grass Boys,Last Train To San Fernando,52.02
Massive Attack,Man Next Door,52.02
WHATMORE,put it on hearts,52.02
Laura Dreyfuss,Only Us,51.95
Bladee,Frosty the Snowman,51.89
Yung Gravy,Cheryl,51.85
Bladee,The Fool Intro,51.83
Kanye West,Father Stretch My Hands Pt. 1,51.82
Sematary,Creepin' Thru Da Woods,51.75
Olivia Rodrigo,get him back!,51.73
Snow Strippers,Under Your Spell,51.67
Mariah Carey,All I Want for Christmas Is You,51.67
The Beatles,I Am The Walrus - Remastered 2009,51.59
Charlie Parker And His Orchestra,Star Eyes,51.59
Stephanie D'Abruzzo,The Internet Is for Porn,51.47
Arctic Monkeys,Snap Out Of It,51.44
Billy Joel,Zanzibar,51.42
Duke Ellington,My Little Brown Book,51.41
Car Seat Headrest,"Hey, Space Cadet (Beast Monster Thing in Space)",51.4
Rural Internet,PERSEPHONE,51.39
The Weeknd,Party Monster,51.38
Car Seat Headrest,Anchorite (Love You Very Much),51.38
Jodie Steele,Candy Store,51.33
SOPHIE,HARD,51.3
Mura Masa,I Don’t Think I Can Do This Again (with Clairo),51.3
The Voidz,Pyramid of Bones,51.26
Queen,I Want To Break Free,51.23
Lil Ugly Mane,vpn,51.15
Ween,Waving My Dick in the Wind,51.15
Injury Reserve,Bye Storm,51.11
Lorde,The Path,51.03
Jeff Rosenstock,Nausea,50.98
Green Day,Give Me Novacaine,50.97
Kanye West,RoboCop,50.94
Ricky Montgomery,Line Without a Hook,50.94
underscores,Old money bitch,50.93
slowthai,MAZZA (feat. A$AP Rocky),50.91
Yung Lean,Smirnoff Ice,50.9
Elliott Smith,No Name No. 5,50.87
Beach House,Sparks,50.87
Ed Sheeran,Antisocial (with Travis Scott),50.86
Sufjan Stevens,Drawn to the Blood,50.82
Parannoul,Insomnia,50.81
Sufjan Stevens,The Predatory Wasp of The Palisades Is Out To Get Us,50.78
２８１４,遠くの愛好家,50.78
Billy Idol,Dancing with Myself - 2001 Remaster,50.75
Yin Yin,One Inch Punch,50.73
YAYAYI,\\\\\\\\\\\\\\\\\\\\\\\\\\\\\\\\\\\\\\\\\\\\\\\\\\\\\\\\\ 6,50.72
boygenius,Not Strong Enough,50.65
The Cure,Boys Don't Cry,50.64
Lovejoy,Sex Sells,50.63
Clipse,Ace Trumpets,50.61
Diana Ross,It's Your Move,50.6
Cypis,Gdzie jest biały węgorz ? (Zejście),50.6
Westside Gunn,$500 Ounces (feat. Freddie Gibbs & Roc Marciano),50.58
The Beatles,In My Life - Remastered 2009,50.53
King Gizzard & The Lizard Wizard,Wah Wah,50.52
Loyle Carner,Nobody Knows (Ladas Road),50.49
The Animals,House of the Rising Sun,50.46
Oasis,Stop Crying Your Heart Out,50.44
Beach House,Other People,50.44
Internet Money,"Lemonade (feat. Gunna, Don Toliver & NAV)",50.42
Lil Ugly Mane,Throw Dem Gunz,50.39
Bladee,Shadowface,50.38
Beach House,The Hours,50.37
Gorillaz,Désolé (feat. Fatoumata Diawara),50.33
Taron Egerton,I'm Still Standing,50.31
Alan Walker,Faded,50.29
Billie Eilish,CHIHIRO,50.25
Daughters,Satan In The Wait,50.15
Gorillaz,"White Flag (feat. Bashy, Kano and the National Orchestra for Arabic Music)",50.08
"Tyler, The Creator",St. Chroma (feat. Daniel Caesar),49.99
Mommy Long Legs,Call You Out,49.98
Be More Chill Original Broadway Ensemble,Halloween,49.98
Daft Punk,Veridis Quo,49.98
Wilbur Soot,Your New Boyfriend,49.97
Death Grips,Flies,49.96
SALEM,King Night,49.95
Alvvays,Dives,49.84
Elton John,Honky Cat,49.82
Yves Tumor,...And Loyalty Is A Nuisance Child,49.81
Miguel,Sky Walker (feat. Travis Scott),49.8
The Creation,Making Time,49.8
Leslie Odom Jr.,Guns and Ships,49.79
Coldplay,Amsterdam,49.79
JPEGMAFIA,ALL CAPS NO SPACES,49.75
Mumford & Sons,Little Lion Man,49.75
Oneohtrix Point Never,Replica,49.69
"Tyler, The Creator",Where This Flower Blooms (feat. Frank Ocean),49.67
Mike Oldfield,In Dulce Jubilo,49.61
Oneohtrix Point Never,Boring Angel,49.59
The Brobecks,Better Than Me,49.56
Sex Pistols,God Save The Queen,49.53
Charli xcx,Mean girls featuring julian casablancas,49.52
Pink Floyd,Echoes - Part 1 - Edit - Live at Pompeii - MCMLXXII - 2025 Mix,49.42
Green Day,Burnout,49.39
Caravan Palace,Lone Digger,49.36
Geese,Cowboy Nudes,49.3
Cities Aviv,ESCORTS,49.3
Mouseatouille,Into the Morgue,49.29
Mitski,Washing Machine Heart,49.25
MARINA,Bubblegum Bitch,49.22
Arca,Lost Woman Found,49.22
Bladee,Mallwhore Freeestyle,49.21
⣎⡇ꉺლ༽இ•̛)ྀ◞ ༎ຶ ༽ৣৢ؞ৢ؞ؖ ꉺლ,̸ ̡ ҉ ҉.·๑ඕั ҉ ̸ ̡ ҉ ҉.·๑ඕั ҉ ̸ ̡ ҉ ҉.·๑ඕั ҉ ̸ ̡ ҉ ҉.·๑ඕั ҉ ̸ ̡ ҉ ҉.·๑ඕั ҉ ̸ ̡ ҉ ҉.·๑ඕั ҉ ̸ ̡ ҉ ҉.·๑ඕั ҉,49.2
Caroline Polachek,Billions,49.2
Loyle Carner,Hate,49.19
Jax Jones,Play,49.16
Xiu Xiu,Under Pressure (feat. Michael Gira),49.12
Eminem,Venom - Music From The Motion Picture,49.09
A. G. Cook,Dread - The Moment (Original Score),49.08
Aphex Twin,Delphium,49.04
The Strokes,New York City Cops,49.0
Beyoncé,MOVE (feat. Grace Jones & Tems),48.96
Run The Jewels,ooh la la (feat. Greg Nice & DJ Premier),48.92
The Magnetic Fields,Papa Was a Rodeo,48.9
Queen,Under Pressure,48.83
Fleetwood Mac,Landslide,48.81
Sonic Youth,'Cross the Breeze (Album Version),48.77
Lil Ugly Mane,Maniac Drug Dealer III,48.76
Car Seat Headrest,Vincent,48.74
Tom Waits,Dead and Lovely,48.72
Kendrick Lamar,The Art of Peer Pressure,48.71
BROCKHAMPTON,HOTTIE,48.71
The Notorious B.I.G.,Party and Bullshit - 2008 Remaster,48.71
SOPHIE,Not Okay - Alone Mix,48.71
Alex G,Remember,48.67
Suede,Animal Nitrate,48.66
"Black Country, New Road",Opus,48.65
Car Seat Headrest,Running Up That Hill,48.64
Nine Inch Nails,13 Ghosts II,48.58
The Streets,Fit but You Know It,48.57
Nick Cave & The Bad Seeds,Henry Lee (feat. PJ Harvey) - 2011 Remastered Version,48.52
Westside Gunn,BIG DUMP BALLAD,48.51
Grace Jones,Nightclubbing,48.46
Mitski,I Don't Smoke - Audiotree Live Version,48.43
Car Seat Headrest,"Ivy - Live at the Capitol Theater, Olympia, WA",48.43
New Order,Bizarre Love Triangle - Extended Dance Mix,48.4
Christopher Jackson,History Has Its Eyes on You,48.4
King Crimson,"21st Century Schizoid Man - Including ""Mirrors""",48.36
Elton John,Mellow,48.35
Andrew Rannells,Tomorrow Is a Latter Day,48.33
The Cure,Friday I'm In Love,48.3
Crywank,Waste,48.29
Fiona Apple,For Her,48.27
Xiu Xiu,Mike,48.24
Spectrum,F・L・Y,48.23
Bill Evans,I Hear A Rhapsody,48.15
Dean Blunt,Johnny cash hurt type beat,48.15
The Doors,People Are Strange,48.09
Taron Egerton,Tiny Dancer,48.08
Rosa Walton,I Really Want to Stay at Your House,48.07
Carrie Hope Fletcher,You're Welcome,48.07
Hozier,Angel Of Small Death & The Codeine Scene,48.05
Bladee,Missing Person,48.05
Leslie Odom Jr.,Your Obedient Servant,48.03
The Microphones,I Felt My Size,47.97
The Beatles,Glass Onion - Remastered 2009,47.95
Stephen Sanchez,Until I Found You,47.86
Kanye West,Homecoming,47.85
Bill Evans,Darn That Dream,47.84
Pink Floyd,The Trial - 2011 Remastered Version,47.82
Yves Tumor,In Spite of War,47.79
Fiona Apple,I Know,47.78
blackbear,hot girl bummer,47.78
The Avalanches,Etoh,47.75
Daniel Johnston,Joy Without Pleasure,47.73
Donna Summer,I Feel Love,47.65
Björk,Pluto,47.61
Arca,Incendio,47.6
Mac Miller,Diablo,47.58
j^p^n,Bloom,47.56
Kimya Dawson,The Beer,47.55
Green Day,Nice Guys Finish Last,47.51
MF DOOM,Guinnesses (feat. Angelika & 4ize),47.5
Arctic Monkeys,Why'd You Only Call Me When You're High?,47.45
Kenny Beats,Last Words,47.44
Ed Sheeran,Take Me Back to London (feat. Stormzy),47.43
Beyoncé,AMERICA HAS A PROBLEM (feat. Kendrick Lamar),47.42
The Beatles,Taxman - Remastered 2009,47.42
Fiona Apple,Ladies,47.42
Dorian Electra,My Agenda,47.4
Nathan Amzi,My Dead Gay Son,47.38
HEALTH,HATE YOU,47.37
Sufjan Stevens,Carrie & Lowell,47.35
Will Wood,"Marsha, Thankk You for the Dialectics, but I Need You to Leave",47.33
Radiohead,The National Anthem,47.31
Rural Internet,Government,47.26
Talking Heads,Moon Rocks,47.26
2021 London Cast of Cabaret,What Would You Do?,47.25
Kanye West,Can't Tell Me Nothing,47.23
Madvillain,Eye,47.22
The Beach Boys,Little Saint Nick,47.21
Nujabes,Eclipse (feat. Substantial),47.19
The Beatles,I'm So Tired - Remastered 2009,47.19
Jme,96 F**kries,47.19
bootleg gizzard,Hot Water (Live at Red Rocks '22),47.17
Undo K From Hot,Back Pages,47.16
Bob Dylan,Blowin' in the Wind,47.15
Snakehips,Don't Leave,47.14
John Coltrane,Locomotion,47.04
Lucy Dacus,Night Shift,47.03
The Killers,Jenny Was A Friend Of Mine,47.01
The Beatles,Got To Get You Into My Life - Remastered 2009,46.98
Crywank,Welcome to Castle Irwell,46.93
Michael Potts,Hasa Diga Eebowai,46.91
The Garden,Clay,46.87
Frank Ocean,Novacane,46.85
Kendrick Lamar,Mortal Man,46.83
The Stone Roses,Love Spreads,46.82
Dean Blunt,BLOW,46.81
Beach House,Wild,46.8
Fall Out Boy,Fourth Of July,46.79
Kim Jung Mi,Your Dream,46.77
The Velvet Underground,Rock & Roll - Full Length Version; 2015 Remaster,46.75
George Michael,Careless Whisper,46.74
Terrence Parker,Somethin' Here - Original Mix,46.67
Will Wood,BlackBoxWarrior - OKULTRA,46.67
Alex G,Mis,46.66
Bleachers,"Merry Christmas, Please Don't Call",46.66
Leonard Cohen,Hallelujah,46.64
Arca,Rip the Slit,46.63
Kendrick Lamar,Institutionalized,46.63
Kanye West,Gorgeous,46.61
slowthai,Selfish,46.57
The Rills,Pyro,46.55
Alan Walker,Alone,46.52
Swans,Big Strong Boss,46.51
Elton John,Amoreena,46.5
Prince,Dirty Mind,46.49
Will Roland,Two-Player Game,46.48
Devon Hendryx,White Girls ♥ DeVon Hendryx,46.46
Muse,Supermassive Black Hole,46.41
Viper,You'll Cowards Don't Even Smoke Crack,46.38
ruby,Flippin' tha Bird,46.36
Penelope Scott,Sweet Hibiscus Tea,46.35
Kenny Beats,So They Say,46.31
The Clash,Rock the Casbah (Ranking Roger),46.31
Arca,Mequetrefe,46.27
Metronomy,You Could Easily Have Me,46.26
The Beatles,Don't Pass Me By - Remastered 2009,46.25
Lean Low,Out Of Rhythm,46.23
Lil Yachty,the ride-,46.22
Sly & The Family Stone,If You Want Me to Stay,46.22
WHATMORE,bombay (keep it alive),46.21
Elton John,(I'm Gonna) Love Me Again,46.18
Getter Jaani,Rockefeller Street,46.15
"Tyler, The Creator",IFHY (feat. Pharrell),46.14
Radiohead,Just,46.13
Charli xcx,Everything is romantic,46.11
Talking Heads,Take Me to the River (Live) - 2023 Remaster,46.1
Joel Grey,Mister Cellophane,46.0
TV Girl,It Almost Worked,46.0
oakland,bad em up,45.97
Talk Talk,It's My Life - 1997 Remaster,45.94
King Gizzard & The Lizard Wizard,People-Vultures,45.94
The Avalanches,Electricity,45.93
Kanye West,I Am A God,45.91
BROCKHAMPTON,BOYS,45.87
Madvillain,Supervillain Theme,45.87
Xiu Xiu,Brian the Vampire,45.87
King Gizzard & The Lizard Wizard,Deadstick,45.8
Sam Smith,How Do You Sleep?,45.75
Carpenters,(They Long To Be) Close To You,45.73
KFC Murder Chicks,I Don't Give A Fuck,45.73
Pink Floyd,"Another Brick In The Wall, Pt. 2 - 2011 Remastered Version",45.71
Adrianne Lenker,forwards beckon rebound,45.67
FKA twigs,thousand eyes,45.66
Psychedelic Porn Crumpets,Hymn for a Droid,45.61
deadmau5,Strobe,45.59
Injury Reserve,SS San Francisco (feat. Zelooperz),45.58
Standing On The Corner,Vomets,45.57
Elvis Presley,Jailhouse Rock,45.56
Erick the Architect,Let It Go,45.55
Van Morrison,Brown Eyed Girl,45.54
IDLES,Great,45.53
Father John Misty,Goodbye Mr Blue,45.53
William Basinski,For Whom the Bell Tolls,45.52
Swans,Apostate,45.51
Xiu Xiu,"Dear God, I Hate Myself",45.51
Labi Siffre,It Must Be Love,45.48
Elton John,Someone Saved My Life Tonight,45.47
Amy Winehouse,Back To Black,45.46
Jasmine Cephas-Jones,Say No to This,45.45
Jax Jones,Breathe (feat. Ina Wroldsen),45.42
Quadeca,WAGING WAR,45.39
Lil Uzi Vert,20 Min,45.38
Olivia Dean,So Easy (To Fall In Love),45.37
PinkPantheress,Boy's a Liar,45.34
King Gizzard & The Lizard Wizard,Anoxia,45.32
The Beatles,With A Little Help From My Friends - Remastered 2009,45.32
Chief Keef,Save That Shit,45.3
Vampire Weekend,A-Punk,45.29
２８１４,悲哀,45.28
King Gizzard & The Lizard Wizard,Hate Dancin',45.26
SOPHIE,Infatuation,45.22
Sohodolls,Mayday,45.21
Taron Egerton,Rocket Man,45.15
Carrie Hope Fletcher,Fight for Me,45.12
Genesis Owusu,A Song About Fishing,45.07
Hobo Johnson,Typical Story,45.05
Dean Blunt,50 CENT,45.0
PinkPantheress,Boy's a liar Pt. 2,44.99
The Killers,Somebody Told Me,44.97
t e l e p a t h テレパシー能力者,海側恋人,44.95
The Magnetic Fields,A Chicken With Its Head Cut Off,44.9
Jean Sibelius,"5 Pieces, Op. 75, ""The Trees"": No. 5 Granen (The Spruce)",44.86
Thibaut Barbillon,Angie - Instrumental Cover,44.85
Pink Floyd,Nobody Home - 2011 Remastered Version,44.85
Trent Reznor and Atticus Ross,Challengers: Match Point,44.83
Phoebe Bridgers,Chinese Satellite (Copycat Killer Version),44.78
Kendrick Lamar,Mr. Morale,44.77
Brian Eno,2/2 - Remastered 2004,44.77
LCD Soundsystem,Pow Pow,44.76
KAYTRANADA,Call U Up (feat. Lou Phelps),44.72
Ryan McCartan,Meant to Be Yours,44.7
"Black Country, New Road",Happy Birthday,44.66
The Strokes,12:51,44.65
Jim Croce,Time in a Bottle,44.62
Coldplay,In My Place,44.6
Nujabes,sea of cloud,44.58
Yusef Lateef,Michelle,44.57
Dorian Electra,Iron Fist,44.51
Mort Garson,Plantasia,44.49
Ween,Baby Bitch,44.48
Little Simz,Selfish,44.48
Sadness,I Want to Be There,44.47
KAYTRANADA,Drip Sweat (feat. Channel Tres),44.41
Big Black,Heartbeat,44.38
Alvvays,After The Earthquake,44.36
Olivia Dean,I've Seen It,44.33
Fiona Apple,The First Taste,44.32
Gorillaz,Pac-Man (feat. ScHoolboy Q),44.31
Yard Act,The Incident,44.3
C418,Dry Hands,44.3
slowthai,Wotz Funny,44.23
Jamie Muscato,I Am Damaged,44.22
KIDS SEE GHOSTS,Feel The Love,44.21
Machine Girl,ZERO»NOVA»BLOSSOM»___,44.2
Bruno Mars,Leave The Door Open,44.19
Lil Ugly Mane,Twistin,44.19
Alvvays,In Undertow,44.12
MGMT,Time to Pretend,44.01
MGMT,One Thing Left to Try,43.99
Crim3s,Stay Ugly,43.97
２８１４,新宿ゴールデン街,43.93
Madvillain,Curls,43.85
Pink Floyd,Speak To Me - 2011 Remastered Version,43.8
Bladee,Vanilla Sky,43.79
Swans,Stay Here,43.76
Slauson Malone 1,Smile #2,43.74
Jeff Buckley,Forget Her,43.74
She Wants Revenge,Sister,43.67
slowthai,Peace Of Mind,43.64
Paramore,C’est Comme Ça,43.57
Green Day,Horseshoes and Handgrenades,43.55
Post Malone,Die For Me (feat. Future & Halsey),43.52
Uboa,Detransitioning,43.51
The Velvet Underground,What Goes On,43.49
Sabrina Carpenter,Busy Woman,43.48
Memo Boy,I'm Having a Rave in My Room All By Myself,43.46
Arctic Monkeys,Anyways,43.44
Loyle Carner,Loose Ends,43.43
MASS OF THE FERMENTING DREGS,Kono Speed no Saki e,43.43
Aphex Twin,On,43.43
Harold Budd,An Echo Of Night - 2005 Digital Remaster,43.36
２８１４,新しい日の誕生,43.36
Purple Mountains,All My Happiness is Gone,43.35
Nia Archives,Sunrise Bang Ur Head Against Tha Wall,43.31
Ho99o9,Punk Police (unknown virus 5.),43.28
Crywank,I'm a Cliché,43.24
Death Grips,Blackjack,43.23
JPEGMAFIA,BBW,43.19
Teddybears,Punkrocker (feat. Iggy Pop) - As featured in Superman,43.15
Ricky Montgomery,Mr. Loverman,43.14
Ghais Guevara,Fuck the Nordic Model,43.03
Bob Dylan,"It Ain't Me, Babe - Live at Philharmonic Hall, New York, NY - October 1964",43.01
Coldplay,Christmas Lights,43.01
Post Malone,Take What You Want (feat. Ozzy Osbourne & Travis Scott),43.0
Mitski,Stay Soft,42.99
black midi,Talking Heads,42.99
Hozier,Take Me To Church,42.99
Will Wood,"2econd-2ight-2eer (that was fun, goodbye.)",42.96
Nick Cave & The Bad Seeds,Crow Jane - 2011 Remastered Version,42.94
Raffertie,The Substance,42.94
King Gizzard & The Lizard Wizard,Billabong Valley,42.93
100 gecs,xXXi_wud_nvrstøp_ÜXXx,42.91
Björk,Like Someone In Love,42.91
Death Grips,Hunger Games,42.91
Danny Brown,Downward Spiral,42.87
Jordaan Mason,1990 Was A Long Year And We Are All Out Of Hot Water,42.86
Asian Glow,Be Nice To Me,42.85
Depeche Mode,Personal Jesus,42.85
Nina Simone,I Wish I Knew How It Would Feel to Be Free,42.83
King Gizzard & The Lizard Wizard,Black Hot Soup,42.78
Molchat Doma,На Дне,42.76
Magdalena Bay,Chaeri,42.75
Father John Misty,Now I'm Learning to Love the War,42.74
The Rills,The Angler,42.65
black midi,"Near DT, MI",42.64
Aphex Twin,Green Calx,42.64
Merzbow,Promotion Man,42.64
Jane Remover,Movies for Guys,42.63
Burial,Ghost Hardware,42.62
David Bowie,Girl Loves Me,42.58
Marvin Gaye,Where Are We Going?,42.57
LCD Soundsystem,Tribulations,42.56
Bill Evans,Stella By Starlight,42.56
"Black Country, New Road",Dancers - Live at Bush Hall,42.5
Radiohead,Airbag,42.49
Reneé Rapp,Leave Me Alone,42.45
Wolf Alice,"Santa Baby (Recorded at Strongroom Studios, London)",42.45
Xiu Xiu,Walnut House,42.41
Run The Jewels,Close Your Eyes (And Count To Fuck),42.4
Nine Inch Nails,Eraser,42.36
Panic! At The Disco,This Is Gospel,42.31
Viagra Boys,Baby Criminal,42.3
Ed Sheeran,Happier,42.3
Aphex Twin,Vordhosbn,42.25
Zedd,Beautiful Now - Marshmello Remix,42.24
Nine Inch Nails,Terrible Lie,42.16
Fitz and The Tantrums,Out of My League,42.11
MF DOOM,Beef Rapp,42.1
Wire,Mannequin - 2006 Remastered Version,42.04
The Beatles,Blackbird - Remastered 2009,41.94
Arctic Monkeys,505 - Live,41.94
Monkey and the Permavirgins,leaves,41.94
Yard Act,Payday,41.93
Bladee,Desire is a Trap,41.81
Carrie Hope Fletcher,Dead Girl Walking,41.81
Hadestown Original Broadway Company,Way Down Hadestown,41.77
King Gizzard & The Lizard Wizard,Honey,41.77
The Specials,Little Bitch,41.74
Dessa,Congratulations,41.71
Alex G,Candy,41.71
Kendrick Lamar,untitled 05 | 09.21.2014.,41.6
Sonic Youth,Purr,41.59
Prince,Darling Nikki,41.59
JPEGMAFIA,Papi I Missed U,41.56
Aphex Twin,Hedphelym,41.56
The Strokes,"Alone, Together",41.52
Be More Chill Original Broadway Ensemble,Sync Up,41.5
Thundercat,I Love Louis Cole,41.49
Yung Lean,Kyoto,41.47
"Tyler, The Creator",911 / Mr. Lonely (feat. Frank Ocean & Steve Lacy),41.46
Big Black,Bad Penny,41.45
Azealia Banks,1991,41.44
Slayyyter,Daddy AF,41.41
Nirvana,Scentless Apprentice,41.4
Frank Ocean,Chanel,41.39
Queen,Good Old-Fashioned Lover Boy - Remastered 2011,41.36
Sufjan Stevens,"Concerning the UFO sighting near Highland, Illinois",41.33
Car Seat Headrest,"Bodys - Live at La Lune des Pirates, Amiens, France",41.29
Father John Misty,Leaving LA,41.27
Oasis,Turn Up The Sun,41.26
Westside Gunn,"Celine Dion (feat. Heem, Chase Fetti & Flee Lord)",41.25
Travis Scott,goosebumps,41.24
Yung Scuff,Die Young Online,41.23
Nick Cave & The Bad Seeds,Jubilee Street - Live in Copenhagen,41.19
Danny Brown,Rolling Stone,41.18
Rachel Bay Jones,Anybody Have a Map?,41.17
Kanye West,Hell Of A Life,41.15
Leonard Cohen,Lover Lover Lover,41.13
Original Cast of Billy Elliot,Merry Christmas Maggie Thatcher,41.12
Playboi Carti,New Tank,41.09
Death Grips,Lost Boys,41.09
Jamie Muscato,Freeze Your Brain,41.08
Loyle Carner,Polyfilla,41.08
Frank Ocean,Bad Religion,41.08
KAYTRANADA,Dance Dance Dance Dance,41.01
XXXTENTACION,Fuck Love,40.99
Slauson Malone 1,"Two Thousand Eighteen, Bye (see page 199–203)",40.95
Pink Floyd,One Of My Turns - 2011 Remastered Version,40.94
TV Girl,Butterflies,40.93
Run The Jewels,out of sight (feat. 2 Chainz),40.88
Sophia Anne Caruso,Dead Mom,40.87
Coldplay,Shiver,40.86
Kero Kero Bonito,Visiting Hours,40.85
Run The Jewels,JU$T (feat. Pharrell Williams & Zack de la Rocha),40.82
Westside Gunn,George Bondo (feat. Conway the Machine & Benny The Butcher),40.81
Viagra Boys,Return To Monke,40.79
slowthai,Nothing Great About Britain,40.78
XXXTENTACION,BAD!,40.76
Sinéad O'Connor,Mandinka,40.72
Childish Gambino,Feels Like Summer,40.7
Aphex Twin,Schottkey 7th Path,40.66
Genesis Owusu,Smiling with No Teeth,40.63
Psychedelic Porn Crumpets,Mango Terrarium,40.63
Taron Egerton,Amoreena,40.61
Geese,Au Pays du Cocaine,40.6
John Coltrane,I'm Old Fashioned,40.59
Ed Sheeran,What Do I Know?,40.54
Pink Floyd,Any Colour You Like - 2011 Remastered Version,40.53
Travis Scott,Antidote,40.52
My Chemical Romance,You Know What They Do to Guys Like Us in Prison,40.45
SIX,I Don't Need Your Love,40.34
Fontaines D.C.,In The Modern World,40.33
Madvillain,Rainbows,40.31
Hugh Jackman,The Greatest Show,40.3
Saucy Santana,Material Girl,40.29
Roy Orbison,In Dreams,40.29
Vera Lynn,We'll Meet Again,40.25
Ghais Guevara,I Personally Wouldn't Revive Queen Elizabeth (Pack Watch),40.24
Clive Carter,Drink With Me,40.24
Death Grips,The Cage,40.16
"Tyler, The Creator",Foreword (feat. Rex Orange County),40.16
Devon Hendryx,Call Me Maybe - Remastered,40.15
Wham!,Last Christmas - Remastered,40.14
Yves Tumor,Crushed Velvet,40.12
JPEGMAFIA,Lean Beef Patty,40.07
garden airplane-trap,self portrait,40.04
black midi,The Race Is About To Begin,40.02
JPEGMAFIA,Steppa Pig,40.01
Arca,Altar,39.99
Earl Sweatshirt,Nowhere2go,39.92
fakemink,MAKKA,39.92
Pink Floyd,In The Flesh - 2011 Remaster,39.89
Sunday Cruise,Loser,39.83
JPEGMAFIA,i just killed a cop now i'm horny,39.78
Elton John,Tiny Dancer,39.78
Drew Gehling,It Only Takes a Taste,39.78
Taylor Swift,I Knew You Were Trouble (Taylor's Version),39.77
King Gizzard & The Lizard Wizard,Catching Smoke,39.71
Khalid,Love Lies (with Normani),39.68
mishasgrave,do you hear me :3,39.62
Quelle Chris,Alive Ain't Always Living,39.57
Run The Jewels,holy calamafuck,39.56
The Antlers,Two,39.56
Westside Gunn,Versace,39.54
The Holydrug Couple,Lunes 1 De Abril,39.53
Lingua Ignota,Woe to All (On the Day of My Wrath),39.5
Nujabes,Counting Stars,39.49
Hooverphonic,2 Wicky,39.48
Machine Girl,Frenesi - Machine Girl GabberTrap Mix,39.48
Charli xcx,Sympathy is a knife,39.48
"Earth, Wind & Fire",September,39.44
The Avalanches,Take Care In Your Dreaming,39.42
The Alchemist,6 Five Heartbeats (feat. Vince Staples),39.42
The Beatles,Love Me Do - Remastered 2009,39.39
David Bowie,Blackstar,39.37
Green Day,Uptight,39.36
Steve Lacy,Dark Red,39.35
Trent Reznor and Atticus Ross,Yeah x10,39.34
Natural Snow Buildings,Daughters of Darkness,39.31
Sadness,You Dance Like the June Sky,39.3
Oasis,Acquiesce - Remastered,39.29
Durand Jones & The Indications,Sea Gets Hotter,39.28
The Streets,Weak Become Heroes,39.26
Kero Kero Bonito,Trampoline,39.25
Travis Scott,Apple Pie,39.24
The Flaming Lips,"Yoshimi Battles the Pink Robots, Pt. 1",39.23
Aphex Twin,Cornish Acid,39.23
King Gizzard & The Lizard Wizard,Empty,39.22
Alex Brightman,"The Whole ""Being Dead"" Thing",39.15
Vince Staples,WHEN SPARKS FLY,39.13
Nick Cave,Carnage,39.13
slowthai,push (feat. Deb Never),39.13
The Birthday Party,Nick The Stripper,39.07
Paul McCartney,Wonderful Christmastime - Edited Version / Remastered 2011,39.05
JPEGMAFIA,Kenan Vs. Kel,39.04
My Chemical Romance,The Jetset Life Is Gonna Kill You,38.95
Green Day,Boulevard of Broken Dreams,38.92
Björk,Lionsong,38.9
BROCKHAMPTON,HEAVEN BELONGS TO YOU,38.89
Nirvana,Territorial Pissings,38.89
John Coltrane,My One And Only Love,38.87
Lil Ugly Mane,ricochet,38.87
The Beatles,The Continuing Story Of Bungalow Bill - Remastered 2009,38.85
Fiona Apple,Get Gone,38.83
JPEGMAFIA,NO! NO! NO! NO! NO! NO! NO! NO! NO! NO! NO! NO! NO! NO! NO! NO! NO! NO! NO! NO! NO! NO! NO! NO! NO! NO! NO! NO! NO! NO! NO! NO!,38.82
Nine Inch Nails,Get Down Make Love,38.82
black midi,The Defence,38.79
Car Seat Headrest,"Los Borrachos (I Don't Have Any Hope Left, But The Weather Is Nice)",38.78
Marshmello,Alone (Slushii Remix),38.78
Have A Nice Life,Waiting for Black Metal Records to Come in the Mail,38.69
R.E.M.,Losing My Religion,38.67
Queens of the Stone Age,"Sick, Sick, Sick",38.67
"Black Country, New Road",Science Fair,38.65
Car Seat Headrest,You're in Love with Me,38.62
Travis Scott,MY EYES,38.62
Bob Dylan,Mr. Tambourine Man,38.6
Yves Tumor,Lovely Sewer,38.56
Will Wood,"Sex, Drugs, Rock 'n' roll",38.54
Arctic Monkeys,Fluorescent Adolescent,38.54
The Beatles,P.S. I Love You - Remastered 2009,38.5
Taron Egerton,Crocodile Rock,38.5
She Wants Revenge,Tear You Apart,38.47
Bill Nelson's Red Noise,Don't Touch Me (I'm Electric) - 1999 Remaster,38.46
Machine Girl,It Takes a Nation of Millenials to Destroy a Nation of Millions…,38.46
Bladee,Skin,38.44
Alex G,16 Mirrors,38.42
Big Black,Kitty Empire,38.42
Mount Eerie,Real Death,38.4
mxmtoon,prom dress,38.34
Bill Evans,Romain,38.3
Bladee,Upgrade Enabled,38.23
100 gecs,ringtone,38.23
The Notorious B.I.G.,Hypnotize - 2014 Remaster,38.21
The Garden,"Please, Fuck Off",38.2
Father John Misty,Only Son of the Ladiesman,38.19
Pink Floyd,"Another Brick In The Wall, Pt. 1 - 2011 Remastered Version",38.12
Taron Egerton,The Bitch Is Back - Introduction,38.09
Jax Jones,All Day And Night,38.08
EsDeeKid,Number (N)ine Freestyle,38.05
Ricky Montgomery,My Heart Is Buried in Venice,38.04
Pink Floyd,Goodbye Blue Sky - 2011 Remastered Version,38.03
Carrie Hope Fletcher,Seventeen,38.02
The Avalanches,We Will Always Love You,38.0
Suede,Beautiful Ones (Remastered),37.98
Aphex Twin,Ptolemy,37.98
Dorian Electra,Ram It Down,37.97
Panic! At The Disco,Emperor's New Clothes,37.97
Earl Sweatshirt,Sunday (feat. Frank Ocean),37.95
The Avalanches,Two Hearts in 3/4 Time,37.94
Sonic Youth,B) Hyperstation (Album Version),37.92
Xiu Xiu,Rumpus Room,37.92
Car Seat Headrest,"psst, teenagers, take off your clo",37.91
The Velvet Underground,Venus In Furs,37.88
Arctic Monkeys,Baby I'm Yours,37.86
Father John Misty,(Everything But) Her Love,37.85
My Chemical Romance,Demolition Lovers,37.81
Tom Waits,Clap Hands - 2023 Remaster,37.8
Neutral Milk Hotel,King of Carrot Flowers Pts. 2 & 3,37.78
Amy Winehouse,He Can Only Hold Her,37.77
Blut Own,drifting,37.77
The Beatles,Sgt. Pepper's Lonely Hearts Club Band - Remastered 2009,37.75
Kanye West,Jail,37.73
Danny Brown,Tell Me What I Don't Know,37.73
MGMT,When You're Small,37.7
Pixies,Is She Weird,37.69
mxmtoon,cliché,37.68
Imagine Dragons,Believer,37.68
Richard O'Brien,The Time Warp,37.65
Pink Floyd,Is There Anybody Out There? - 2011 Remastered Version,37.65
JT Music,Hungry for Another One,37.63
Galantis,Rich Boy,37.62
The Garden,Call This # Now,37.58
Mac DeMarco,Watching Him Fade Away,37.56
black midi,Eat Men Eat,37.53
Boris,To the Beach,37.52
my bloody valentine,who sees you,37.47
The Beatles,Birthday - Remastered 2009,37.35
Black Flag,Nervous Breakdown,37.33
Odyssey,Roots Suite,37.33
Talking Heads,This Must Be the Place (Naïve Melody) [Live] - 2023 Remaster,37.33
WHATMORE,chicken shop date,37.3
Jane Remover,your clothes,37.3
Squid,G.S.K.,37.28
Jerskin Fendrix,Onigiri,37.26
Rural Internet,huh???,37.23
Andrew Rannells,I Believe,37.22
Paul Whitty,The Pants Song,37.18
Denzel Curry,SIRENS | Z1RENZ [FEAT. J.I.D | J.1.D],37.11
Pulp,Common People - Full Length Version,37.09
SOPHIE,GET HIGHER,37.06
Jason SweetTooth Williams,The Pants Song,37.06
Lil Nas X,MONTERO (Call Me By Your Name),37.06
Björk,Stonemilker,37.05
Beach House,Wishes,37.03
Arctic Monkeys,Arabella,37.02
Weatherday,My Sputnik Sweetheart,36.97
Ewy,i heard,36.97
Brushy One String,Chicken in the Corn (RiseUp Original Version),36.96
10cc,I'm Not In Love,36.91
My Chemical Romance,Disenchanted,36.91
Sophia Bel,No More,36.9
Ludwig Göransson,Can You Hear The Music,36.88
Minor Threat,I Don't Wanna Hear It,36.84
Ed Sheeran,Hearts Don't Break Around Here,36.81
Evan Todd,Blue,36.78
Charli xcx,party 4 u,36.78
Billy Joel,Uptown Girl,36.78
Charli xcx,Mean girls,36.75
Machine Girl,Fuck Puppet,36.75
BROCKHAMPTON,BOOGIE,36.72
Radiohead,Packt Like Sardines In a Crushd Tin Box,36.7
Okay Kaya,Mother Nature's Bitch,36.68
Kanye West,Amazing,36.68
"Tyler, The Creator",OKRA,36.64
George Clanton,"For You, I Will",36.64
Bladee,I Want It That Way,36.63
Have A Nice Life,The Future,36.63
Lemon Demon,As Your Father I Expressly Forbid It,36.59
Jockstrap,50/50,36.57
Michael Jackson,The Way You Make Me Feel - 2012 Remaster,36.57
Grouper,Moon Is Sharp,36.52
Aphex Twin,Ventolin - Video Edit,36.49
Car Seat Headrest,It's Only Sex,36.47
"Tyler, The Creator",Garden Shed (feat. Estelle),36.42
"Tyler, The Creator",RUNNING OUT OF TIME,36.38
Memo Boy,Insomniac,36.37
Radiohead,How To Disappear Completely,36.36
Grouper,Alien Observer,36.35
Radical Face,"Welcome Home, Son",36.34
"Tyler, The Creator",I DON'T LOVE YOU ANYMORE,36.33
KAYTRAMINÉ,letstalkaboutit,36.28
Carissa's Wierd,Ignorant Piece of Shit,36.27
Harold Budd,The Chill Air - Remastered 2004,36.26
Radiohead,The Bends,36.24
Leonard Cohen,Is This What You Wanted,36.2
KAYTRANADA,LITE SPOTS,36.2
Thundercat,Black Qualls,36.19
Westside Gunn,KITCHEN LIGHTS,36.16
Ninajirachi,London Song,36.14
2hollis,crush,36.13
Alice Longyu Gao,I <3 Harajuku,36.06
my bloody valentine,if i am,36.05
Animal Collective,Daily Routine,36.04
Bladee,Wrist Cry,36.03
Miracle Musical,Dream Sweet in Sea Major,36.03
The Strokes,You Only Live Once,36.02
This Heat,A New Kind of Water,35.99
Drain Pipe,Monday Melodie,35.97
Fiona Apple,Everyday,35.97
IDLES,Love Song,35.95
Hiroshi Yoshimura,CREEK,35.94
Nine Inch Nails,Memorabilia,35.93
King Gizzard & The Lizard Wizard,Am I in Heaven,35.89
The Beatles,Revolution 9 - Remastered 2009,35.88
Chris Rea,Driving Home for Christmas,35.87
Kid606,Ecstasy Motherfucker,35.87
Death Grips,Fuck Me Out,35.86
Jon Eidson,Big Fun,35.85
Thundercat,Miguel's Happy Dance,35.85
Frankie Goes To Hollywood,The Power Of Love,35.75
Charli xcx,Club classics featuring bb trickz,35.74
Rex Orange County,It Gets Better,35.72
Home,We're Finally Landing,35.7
Sufjan Stevens,Eugene,35.64
Oasis,Hello,35.64
Arca,Chiquito,35.62
deadmau5,Jaded,35.6
Pet Shop Boys,West End Girls - 2018 Remaster,35.47
boygenius,$20,35.42
JID,Surround Sound (feat. 21 Savage & Baby Tate),35.42
Home,Nights (I Wish I Could Be There),35.4
Adventure Time,Everything Stays (feat. Olivia Olson),35.39
M.C. Mack,"EZ Come, EZ Go",35.38
jonatan leandoer96,Wooden Girl,35.38
C418,Équinoxe,35.36
Radiohead,Go To Sleep,35.36
Andrew Rannells,Hello!,35.33
The Beatles,Day Tripper - Remastered 2009,35.26
The Beach Boys,Surfin' U.S.A. - Remastered 2001,35.25
The Beatles,Across The Universe - Remastered 2009,35.22
Gorillaz,White Light,35.2
The Beatles,You Never Give Me Your Money - Remastered 2009,35.16
Frost Children,COUP - VIP,35.15
Zedd,Beautiful Now,35.14
Father John Misty,Date Night,35.14
The Armed,A LIFE SO WONDERFUL,35.08
JPEGMAFIA,BMT!,35.05
Arctic Monkeys,One For The Road,34.96
Baltic House Orchestra,"Country Roads (From the ""Fallout 76"" Teaser Trailer) [Recreated Version]",34.94
Ed Sheeran,New Man,34.94
William Basinski,92982.1,34.93
Lil Ugly Mane,Can Sex Me,34.9
Florence + The Machine,Dog Days Are Over,34.86
"Tyler, The Creator",BUFFALO (feat. Shane Powers),34.84
MF DOOM,Kookies,34.83
Oasis,Magic Pie,34.82
Yves Tumor,God Is a Circle,34.8
Harry Styles,She,34.78
Charli xcx,360 featuring robyn & yung lean,34.77
Billie Eilish,watch,34.75
Nick Cave & The Bad Seeds,Jangling Jack - 2011 Remastered Version,34.74
The Weeknd,Reminder,34.72
Jodie Steele,Yo Girl,34.65
Kendrick Lamar,FEEL.,34.64
Madvillain,Operation Lifesaver aka Mint Test,34.64
Freddie Gibbs,"Robes (feat. Domo Genesis, Earl Sweatshirt)",34.56
Ariana Grande,Side To Side - Slushii Remix,34.54
Jane Remover,Dreamflasher,34.54
Standing On The Corner,Bns,34.52
Nujabes,Spiritual State (feat. Uyama Hiroto),34.51
Coldplay,Sparks,34.51
Jeff Mangum,Naomi - Live,34.48
Jane Remover,homeswitcher,34.47
Massive Attack,Daydreaming - 2012 Mix/Master,34.46
William Basinski,Melancholia VIII,34.45
The Weeknd,Starboy,34.43
Father John Misty,Misty's Nightmares 1 & 2,34.41
Slauson Malone 1,Smile #1,34.41
Aphex Twin,Peek 82454201,34.4
beabadoobee,Apple Cider,34.39
William Basinski,Melancholia VII,34.37
Minor Threat,In My Eyes,34.36
The Beatles,Hey Jude,34.35
Nirvana,Serve The Servants,34.35
Suede,So Young,34.33
The Ponderosa Twins Plus One,Bound - 2023 Remaster,34.31
Kendrick Lamar,luther (with sza),34.3
Machine Girl,Cloud99 (As Above Mix),34.27
Yeah Yeah Yeahs,Maps,34.25
Oasis,Slide Away - Remastered,34.22
Sonic Youth,Kill Yr. Idols,34.22
King Gizzard & The Lizard Wizard,The Book,34.21
Rebecca Lock,Shine a Light,34.21
Thee Sacred Souls,Will I See You Again?,34.19
Charli xcx,Beg for You (feat. Rina Sawayama),34.18
The Beatles,Being For The Benefit Of Mr. Kite! - Remastered 2009,34.18
underscores,Johnny johnny johnny,34.16
slowthai,MAGIC,34.16
Spiritualized,Cop Shoot Cop...,34.09
JPEGMAFIA,Grimy Waifu,34.09
Paramore,Ain't It Fun,34.07
Sabrina Carpenter,Sugar Talking,34.06
WHATMORE,eastside w my dogs,34.06
IDLES,The Beachland Ballroom,33.98
Beyoncé,COZY,33.96
Nujabes,Music is mine,33.95
Daniel Lopatin,The Apple,33.95
Father John Misty,In Twenty Years or So,33.92
Lingua Ignota,I WHO BEND THE TALL GRASSES,33.88
The Beatles,Two Of Us - Remastered 2009,33.86
Original Cast of Billy Elliot,Expressing Yourself,33.85
Car Seat Headrest,Times To Die,33.85
SOPHIE,LEMONADE,33.83
Cage The Elephant,Teeth,33.82
The Armed,REAL FOLK BLUES,33.82
Arca,Time,33.81
Kanye West,Welcome To Heartbreak,33.8
Bob Vylan,CSGB,33.8
Kanye West,Believe What I Say,33.74
Paramore,Running Out Of Time,33.74
Fleetwood Mac,Go Your Own Way - 2004 Remaster,33.68
Nirvana,Stay Away,33.68
Charli xcx,Speed Drive,33.67
Green Day,Chump,33.67
William Basinski,Melancholia IX,33.66
Danny Brown,Tantor,33.63
Talk Talk,Taphead,33.63
Slauson Malone 1,Ttrabul 2 (see page 42),33.62
Pharoah Sanders,The Creator Has A Master Plan,33.62
100 gecs,gecgecgec (Remix) [feat. Lil West and Tony Velour],33.6
Jalen Ngonda,If You Don't Want My Love,33.59
Injury Reserve,Smoke Don't Clear,33.56
Phoebe Bridgers,Savior Complex (Copycat Killer Version),33.55
Charli xcx,Backseat (feat. Carly Rae Jepsen),33.55
Lorde,California,33.53
Run The Jewels,Hey Kids (Bumaye) [feat. Danny Brown],33.5
BROCKHAMPTON,BUZZCUT (feat. Danny Brown),33.48
MF DOOM,Rapp Snitch Knishes feat. Mr. Fantastik,33.47
TV Girl,Taking What's Not Yours,33.44
my bloody valentine,soon,33.43
Playboi Carti,COCAINE NOSE,33.39
Martin Garrix,The Only Way Is Up,33.38
"Hey, Ily",DigitalLung.EXE,33.37
Elliott Smith,Don't Go Down,33.36
Backxwash,BURN TO ASHES,33.36
Kanye West,Feedback,33.36
Pavement,Summer Babe - Winter Version,33.33
King Gizzard & The Lizard Wizard,You Can Be Your Silhouette,33.32
my bloody valentine,in another way,33.3
The Beatles,Getting Better - Remastered 2009,33.26
Kanye West,Gold Digger,33.23
Neutral Milk Hotel,Song Against Sex,33.21
Oingo Boingo,You Really Got Me,33.21
The Front Bottoms,Father,33.19
Cameron Winter,Drinking Age,33.18
The Avalanches,Close to You,33.18
Elvis Costello,Please Mr. Kennedy,33.17
"Tyler, The Creator",Who Dat Boy (feat. A$AP Rocky),33.16
Taron Egerton,Hercules,33.13
Run The Jewels,Jeopardy,33.12
"Tyler, The Creator","2SEATER (feat. Aaron Shaw, Samantha Nelson & Austin Feinstein)",33.12
David Bowie,Beauty and the Beast - 2017 Remaster,33.09
Pixies,Where Is My Mind?,33.09
Barrett Wilbert Weed,Fight for Me,33.09
Nirvana,Frances Farmer Will Have Her Revenge On Seattle,33.09
Cameron Winter,Nausicaä (Love Will Be Revealed),33.08
CAKE,I Will Survive,33.07
Green Day,Walking Alone,33.05
Nick Cave,White Elephant,33.04
Sonic Youth,Kissability (Album Version),33.04
King Gizzard & The Lizard Wizard,Ambergris,33.03
King Gizzard & The Lizard Wizard,Countdown,33.02
The Beatles,Norwegian Wood (This Bird Has Flown) - Remastered 2009,32.99
BROCKHAMPTON,SWAMP,32.98
Ewy,i wish that i was the modern day guy fawkes,32.98
EsDeeKid,Century,32.98
Elliott Smith,The Last Hour,32.89
Post Malone,Goodbyes (feat. Young Thug),32.84
Turnstile,DANCE-OFF,32.83
Fiona Apple,Limp,32.83
Lynks,USE IT OR LOSE IT,32.82
Your Arms Are My Cocoon,Illinois//alberta,32.82
LSD and the Search for God,I Don't Care,32.78
Dominic Fike,Babydoll,32.77
Makaveli,To Live And Die In L.A.,32.75
"Tyler, The Creator","Come On, Let's Go (with Nigo)",32.74
Colm Wilkinson,Who Am I?,32.72
Thundercat,Fair Chance,32.7
DJ Rozwell,I'VE NOT SEEN SUCH BRAVERY,32.67
Joy Division,Heart and Soul - 2020 Digital Master,32.63
Tom Waits,Hell Broke Luce,32.63
William Basinski,The Wheel of Fortune,32.62
The Garden,Banana Peel,32.6
Arctic Monkeys,American Sports,32.57
100 gecs,"ringtone (Remix) [feat. Charli XCX, Rico Nasty, Kero Kero Bonito]",32.57
Boris,Huge,32.56
mxmtoon,suffice,32.52
Pink Floyd,Waiting For The Worms - 2011 Remastered Version,32.51
Nick Cave & The Bad Seeds,The Carny - 2009 Remastered Version,32.5
Father John Misty,This Is Sally Hatchet,32.48
Black Rebel Motorcycle Club,Spread Your Love,32.46
Sigur Rós,Svefn-g-englar,32.46
Boris,Farewell,32.42
Daughters,The Flammable Man,32.4
Nick Drake,From The Morning,32.39
Ichiko Aoba,"Asleep Among Endives - live at Milton Court, London, 2022",32.37
Westside Gunn,BDP (feat. Rome Streetz & Stove God Cooks),32.36
The Blackbyrds,Dreaming About You,32.34
Nick Cave & The Bad Seeds,Into My Arms,32.34
Elliott Smith,Christian Brothers,32.33
slowthai,terms (feat. Dominic Fike & Denzel Curry),32.33
２８１４,ふわっと,32.24
The Hellp,Beacon 002,32.23
Massive Attack,Voodoo In My Blood,32.2
Parannoul,White Ceiling,32.18
Run The Jewels,Run the Jewels,32.16
Ben Platt,If I Could Tell Her,32.14
Lil Ugly Mane,headboard,32.13
King Krule,Easy Easy,32.11
Death Grips,Voila,32.11
Miles Davis,Calypso Frelimo,32.09
King Gizzard & The Lizard Wizard,Gila Monster,32.08
Ichiko Aoba,海辺の葬列,32.07
Ichiko Aoba,水辺の妖精,32.06
Talking Heads,Born Under Punches (The Heat Goes On),32.06
Ricky Nelson,Lonesome Town,32.04
Fleetwood Mac,Little Lies - 2017 Remaster,32.02
AJJ,Body Terror Song,32.0
Westside Gunn,"Hell on Earth, Pt. 2 (feat. Benny The Butcher & Conway The Machine)",31.99
Leslie Odom Jr.,The World Was Wide Enough,31.99
Pietro Mascagni,Cavalleria rusticana: Intermezzo,31.98
PinkPantheress,Break It Off - Bonus,31.95
piri,updown,31.92
Phoebe Bridgers,Have Yourself a Merry Little Christmas,31.92
Fall Out Boy,Young Volcanoes,31.85
Talking Heads,Born Under Punches (The Heat Goes On) - 2005 Remaster,31.85
Nick Cave & The Bad Seeds,Death Is Not the End - 2011 Remastered Version,31.84
Wham!,Wake Me Up Before You Go-Go,31.83
KAYTRANADA,WEIGHT OFF,31.82
Crywank,Hikikomori,31.81
Cavetown,Home,31.8
Amy Winehouse,Love Is A Losing Game,31.8
Xiu Xiu,Fast Car,31.79
Nina Simone,Nobody Knows You When You're Down And Out,31.79
Jack Douglass,Raping Vs. Rapping,31.78
Penelope Scott,Moonsickness,31.76
Armand Hammer,Black Sunlight,31.73
Queen,Bohemian Rhapsody - Remastered 2011,31.7
Sonic Youth,The Sprawl (Album Version),31.65
King Gizzard & The Lizard Wizard,Infinite Rise,31.65
Bikini Kill,Rebel Girl,31.62
"Tyler, The Creator",CORSO,31.61
JPEGMAFIA,The 27 Club,31.59
Balu Brigada,Backseat,31.57
Car Seat Headrest,Connect the Dots (The Saga of Frank Sinatra),31.57
William Basinski,Melancholia III,31.55
Aphex Twin,in a room7 F760,31.54
SIX,No Way,31.53
Teedra Moses,Be Your Girl (Kaytranada Edition),31.52
The Beatles,I Want To Hold Your Hand - Remastered 2015,31.51
PinkPantheress,Attracted to You,31.5
Snow Strippers,It's A Dream (feat. Lil Uzi Vert),31.46
Racoma,Howl,31.46
Gorillaz,The Tired Influencer,31.44
M83,Gone,31.42
Penelope Scott,Born2Run,31.41
The Longest Johns,Wellerman,31.36
Little Simz,Broken,31.35
Cavetown,Fool,31.34
Kim Jung Mi,Wind,31.34
Caramella Girls,Caramelldansen,31.34
Ethel Cain,Crush,31.32
Bladee,Best Buy,31.3
Lebanon Hanover,Kiss Me Until My Lips Fall Off,31.3
Ichiko Aoba,いりぐちでぐち,31.28
Nick Cave & The Bad Seeds,The Curse of Millhaven - 2011 Remastered Version,31.27
Patti LuPone,I Dreamed A Dream,31.26
Mort Garson,Ode to an African Violet,31.25
Lana Del Rey,If You Lie Down With Me,31.24
Green Day,Pulling Teeth,31.23
FKA twigs,holy terrain,31.21
glass beach,orchids,31.18
glass beach,welcome to the black parade,31.14
Dagames,Build Our Machine,31.14
Zedd,Ignite - 2016 League Of Legends World Championship,31.13
Rural Internet,starving...,31.12
Death Grips,Shitshow,31.06
Les Rallizes Dénudés,Night Of The Assasins,31.05
Kate Bush,Army Dreamers - 2018 Remaster,31.03
Radiohead,Ful Stop,31.0
"Tyler, The Creator",DOGTOOTH,30.96
Hugh Jackman,Come Alive,30.96
glass beach,(forever?????????),30.96
BROCKHAMPTON,SISTER/NATION,30.95
George Harrison,"While My Guitar Gently Weeps (Live from Madison Square Garden, New York, U.S.A, 1971 / 2009 Remaster)",30.91
Grace Jones,Love Is The Drug,30.87
Flying Lotus,Crust,30.85
Snow Strippers,So What If I'm A Freak,30.83
Frankie Valli & The Four Seasons,The Night,30.82
Elton John,Hercules,30.8
King Gizzard & The Lizard Wizard,Supercell,30.79
Queen,Don't Stop Me Now - Remastered 2011,30.77
Big Thief,Paul,30.73
Pale Waves,You Don't Own Me,30.73
The Verve,Bitter Sweet Symphony - Remastered 2016,30.72
Carrie Hope Fletcher,I Say No,30.7
Major Lazer,Light It Up (feat. Nyla),30.69
Charli xcx,Talk talk featuring troye sivan,30.68
Oneohtrix Point Never,Babylon,30.66
Coldplay,Strawberry Swing,30.65
Vince Staples,Get The Fuck Off My Dick,30.64
C418,Cat,30.62
Chicano Batman,Crosseyed and Painless,30.57
Kanye West,Send It Up,30.56
Bad Bunny,DtMF,30.53
PinkPantheress,Mosquito,30.53
Baby Keem,ORANGE SODA,30.49
Waynewood,My Voices Told Me You Want to Hear This,30.48
Nick Cave & The Bad Seeds,Brompton Oratory - 2011 Remastered Version,30.48
Westside Gunn,Whoopy,30.43
DJ Shadow,Nobody Speak,30.43
The Clash,I Fought the Law,30.39
Millionaires,Take Your Shirt Off,30.36
Machine Girl,A Song Called Clive Barker,30.36
slowthai,Crack,30.35
LSD and the Search for God,This Time,30.34
Roland Faunte,How to Reappear,30.34
Xiu Xiu,Fabulous Muscles,30.33
Charli xcx,anthems,30.31
PinkPantheress,Girl Like Me,30.28
"Tyler, The Creator",Thought I Was Dead (feat. ScHoolboy Q & Santigold),30.21
Playboi Carti,Rockstar Made,30.17
Green Day,"Fire, Ready, Aim",30.16
girl in red,bad idea!,30.11
Pale Waves,She's My Religion,30.1
black midi,Dethroned,30.06
Leslie Odom Jr.,A Winter's Ball,30.05
King Gizzard & The Lizard Wizard,Converge,30.04
･ ･－･ ･－ ･･･ ･ －･･,－･－･ －－－ ･－･･ －－－ ･･－ ･－･ ･･－･ ･･ ･ ･－･･ －･･ ･･･,30.04
Tom Waits,Gun Street Girl - 2023 Remaster,30.03
Chappell Roan,Red Wine Supernova,30.02
William Basinski,Melancholia VI,29.99
The Velvet Underground,All Tomorrow's Parties,29.98
Queen,"The Show Must Go On - Live At The O2, London, UK, 04/07/2018",29.97
Kimya Dawson,So Nice So Smart,29.94
Bladee,Sick,29.93
mxmtoon,dream of you,29.92
Tom Waits,Tango Till They're Sore,29.9
John Denver,"Take Me Home, Country Roads - Original Version",29.86
Sonic Youth,Candle,29.84
Stereolab,Come And Play In The Milky Night (Demo),29.82
Ed Sheeran,Nancy Mulligan,29.78
Death Grips,I'm Overflow,29.78
Car Seat Headrest,Misheard Lyrics,29.78
Ichiko Aoba,太陽さん,29.73
my bloody valentine,nothing is,29.71
Pink Floyd,Pigs (Three Different Ones),29.7
Boris,Just Abandoned Myself,29.7
Ed Sheeran,Way To Break My Heart (feat. Skrillex),29.68
Shakin' Stevens,Merry Christmas Everyone,29.68
King Gizzard & The Lizard Wizard,Evil Death Roll,29.68
Daniel Lopatin,Endo’s Game,29.68
A-Wall,Loverboy,29.64
King Gizzard & The Lizard Wizard,I'm in Your Mind,29.63
Pink Floyd,Eclipse - 2011 Remastered Version,29.62
Sadness,Somewhere,29.6
Vashti Bunyan,I'd Like To Walk Around In Your Mind,29.59
Ghais Guevara,Prison Riot,29.59
Arctic Monkeys,A Certain Romance,29.55
Kanye West,Get Em High,29.55
Travis Scott,5% TINT,29.55
Daughters,Daughter,29.54
Travis Scott,Pray 4 Love (feat. The Weeknd),29.54
Deftones,Mascara,29.54
Kid Trash,EXOTIC,29.52
Machine Girl,Beta Beast,29.51
Chuck Berry,You Never Can Tell,29.51
Yves Tumor,A Greater Love,29.51
Undo K From Hot,Ziplock Quilts That Kill From Hot,29.47
Phoebe Bridgers,Halloween,29.46
Bladee,Romeo,29.46
Quadeca,FORGONE,29.39
Rihanna,S&M,29.37
TV Girl,Pantyhose,29.37
Ed Sheeran,Shape of You - Galantis Remix,29.35
Machine Girl,Mchngrl vs Wlfgrl,29.33
Katie Ladner,The Smartphone Hour (Rich Set a Fire),29.31
Arca,Crown,29.31
Arca,La Chíqui,29.3
Yard Act,Peanuts,29.29
Ed Sheeran,BLOW (with Chris Stapleton & Bruno Mars),29.26
Talk Talk,After The Flood,29.23
Sufjan Stevens,Jacksonville,29.21
King Gizzard & The Lizard Wizard,Polygondwanaland,29.19
Pixies,Monkey Gone to Heaven,29.17
King Gizzard & The Lizard Wizard,Blue Morpho,29.16
MGMT,Me and Michael,29.14
Yves Tumor,Licking An Orchid,29.12
Mk.gee,Alesis,29.11
Charli xcx,c2.0,29.1
Dean Blunt,X,29.07
Weezer,Say It Ain't So - Original Mix,29.06
BROCKHAMPTON,QUEER,29.01
Flume,Is It Real (feat. Ravyn Lenae),29.0
Dean Blunt,SKETAMINE,29.0
Nick Drake,Which Will,29.0
WHATMORE,emptyy,28.99
Hatchie,Quicksand,28.98
Yung Lean,Skimask,28.97
Sex Pistols,Anarchy In The UK,28.97
Jane Remover,angels in camo,28.97
"Tyler, The Creator",I Ain't Got Time!,28.97
underscores,Horror movie soundtrack,28.96
Daniel Romano,All The Reaching Trims,28.95
Ethel Cain,Sun Bleached Flies,28.89
Swans,"You're Not Real, Girl",28.8
Nick Drake,Free Ride,28.79
"Tyler, The Creator",MANIFESTO (feat. Domo Genesis),28.78
girl in red,Rue,28.75
yeule,"Anthems For A Seventeen Year-Old Girl - From ""I Saw the TV Glow""",28.75
glass beach,dallas,28.74
Dean Blunt,HUSH,28.74
Sex Bob-Omb,Threshold,28.74
Westside Gunn,Mamas PrimeTime,28.71
Queen,Crazy Little Thing Called Love - Remastered 2011,28.66
Quadeca,DUSTCUTTER,28.65
PUP,See You At Your Funeral,28.63
Car Seat Headrest,(Joe Gets Kicked Out of School for Using) Drugs With Friends (But Says This Isn't a Problem),28.62
Nick Cave & The Bad Seeds,"Papa Won't Leave You, Henry - 2010 Remaster",28.62
glass beach,(blood rivers),28.61
Fall Out Boy,Grand Theft Autumn / Where Is Your Boy,28.59
Party in Backyard,Bitch Lasagna,28.57
Yoshi T.,BOSS COFFEE Remix (feat. Lord Sko & LIFEOFTHOM),28.57
Machine Girl,Vomit,28.56
Frank Wilson,Do I Love You (Indeed I Do),28.52
Dominic Fike,3 Nights,28.52
King Gizzard & The Lizard Wizard,Kepler-22b,28.49
Floating Points,Movement 7,28.49
Lil Nas X,LIFE AFTER SALEM,28.47
Kanye West,Don't Like.1,28.44
The Beatles,Mother Nature's Son - Remastered 2009,28.43
Twinkle Park,"Ten Million, Sleepless",28.4
Jimi Hendrix,Little Miss Strange,28.37
Johnny Cash,Hurt,28.36
Dizzee Rascal,Bonkers,28.32
Nick Cave & The Bad Seeds,The Kindness of Strangers - 2011 Remastered Version,28.32
My Chemical Romance,Thank You for the Venom,28.31
"Black Country, New Road",Up Song - Live at Bush Hall,28.28
Yard Act,Land Of The Blind,28.28
Ichiko Aoba,うたのけはい,28.24
The Cure,Lovesong - Remastered,28.24
Fiona Apple,To Your Love,28.23
100 gecs,"hand crushed by a mallet (Remix) [feat. Fall Out Boy, Craig Owens, Nicole Dollanganger]",28.23
ScHoolboy Q,Collard Greens,28.22
Adele,Skyfall,28.22
Sufjan Stevens,Chicago,28.21
Pink Floyd,Young Lust - 2011 Remastered Version,28.2
Master Peace,GET NAUGHTY !,28.19
Nia Archives,Don't Kid Urself,28.17
Arctic Monkeys,Batphone,28.17
Neutral Milk Hotel,King of Carrot Flowers Pt. 1,28.16
Pathetic,Dreamcore,28.16
Charli xcx,1999,28.14
"Black Country, New Road",Laughing Song - Live at Bush Hall,28.13
Kero Kero Bonito,Outside,28.12
awakebutstillinbed,life,28.12
Taylor Swift,You Belong With Me (Taylor’s Version),28.12
Swans,In My Garden,28.1
Kanye West,Love Lockdown,28.08
Pixies,Ana,28.08
Quadeca,PRETTY PRIVILEGE,28.06
IDLES,Rachel Khoo,28.05
Denzel Curry,Didn't Cha Know - Live At Electric Lady,28.05
Elliott Smith,Rose Parade - Remastered 2017,28.05
Ethel Cain,Michelle Pfeiffer (feat. lil aaron),28.04
Sonic Youth,Providence,28.04
KAYTRANADA,Need It (feat. Masego),28.04
Kanye West,So Appalled,28.03
Lorde,Solar Power,28.03
Brave Little Abacus,Pile! No Pile! Pile!,28.03
Car Seat Headrest,Romantic Theory,28.01
MF DOOM,Potholderz feat. Count Bass D,28.01
Pixies,No 13 Baby,28.0
Pink Siifu,Creme's Interlude,27.99
George Clanton,I Been Young,27.97
Arctic Monkeys,She Looks Like Fun,27.96
２８１４,Embrace,27.93
Blur,Mirrorball,27.9
Lorde,Hammer,27.89
TheFatRat,Windfall,27.89
JPEGMAFIA,What the hip hop hell is this ?,27.87
King Gizzard & The Lizard Wizard,Exploding Suns,27.86
Barrett Wilbert Weed,Seventeen,27.85
Car Seat Headrest,Nervous Young Inhumans,27.8
King Gizzard & The Lizard Wizard,Paper Mache Dream Balloon,27.79
Nirvana,Scoff,27.79
David Bowie,The Next Day,27.76
Sonic Youth,Rain King (Album Version),27.74
Title Fight,Head in the Ceiling Fan,27.69
Car Seat Headrest,Not What I Needed,27.69
boygenius,Cool About It,27.68
Jane Remover,Cage Girl / Camgirl,27.67
JPEGMAFIA,FIX URSELF!,27.67
Pink Floyd,Time,27.65
Brian Eno,The Lost Day - Remastered 2004,27.62
mxmtoon,seasonal depression,27.61
BROCKHAMPTON,GOLD,27.58
ROSALÍA,BIZCOCHITO,27.57
Mother Mother,Arms Tonite,27.57
Joji,CAN'T GET OVER YOU (feat. Clams Casino),27.55
KIDS SEE GHOSTS,Fire,27.51
Tommy Richman,MILLION DOLLAR BABY,27.49
Lemon Demon,When He Died,27.49
Dead Kennedys,Nazi Punks Fuck Off,27.49
BROCKHAMPTON,TOKYO,27.45
Lil Yachty,sHouLd i B?,27.43
Nick Cave & The Bad Seeds,Where Do We Go Now But Nowhere? - 2011 Remastered Version,27.42
MAVI,Self Love,27.38
Talking Heads,This Must Be the Place (Naive Melody) - 2005 Remaster,27.38
Stephanie Hsu,I Love Play Rehearsal,27.37
Radiohead,I Will,27.36
Arctic Monkeys,No. 1 Party Anthem,27.36
Frank Sinatra,I'm Gonna Live Till I Die,27.35
Jordana,Better in the Dark,27.35
Vince Staples,Homage,27.33
belac,Know Bout Me,27.33
The Pharcyde,Runnin',27.32
salvia palth,i was all over her,27.31
Dean Blunt,FOREVER,27.29
King Gizzard & The Lizard Wizard,Magma,27.29
Neutral Punk Hotel,...And Out Come The Aeroplanes Over The Sea,27.27
Quadeca,THE GREAT BAKUNAWA (with Danny Brown),27.25
Death Grips,More Than the Fairy,27.25
Amy Winehouse,You Know I'm No Good,27.24
The Hellp,Ssx,27.23
Paramore,You First,27.23
Wabie,Hey Lover!,27.23
Björk,Army Of Me,27.22
Sematary,Murder Ride,27.22
Wu-Tang Clan,Wu-Tang Clan Ain't Nuthing ta F' Wit,27.2
Uboa,Misspent Youth,27.16
Makeout Reef,So Slowly,27.14
Pink Siifu,Blame,27.11
LCD Soundsystem,All My Friends - Edit,27.08
Oliver Coates,Last Dance (score),27.08
C418,Oxygène,27.07
George Clanton,You Hold the Key and I Found It,27.07
Pixies,Bone Machine - 2007 Remaster,27.06
Miles Davis,"Bitches Brew (feat. Wayne Shorter, Bennie Maupin, John McLaughlin, Chick Corea, Joe Zawinul, Dave Holland & Harvey Brooks)",27.04
Ecco2k,Blue Eyes,27.01
Florist,Riding Around In The Dark,27.01
blackbear,idfc,27.0
Original Broadway Cast of Hamilton,Stay Alive,26.99
Kero Kero Bonito,Time Today,26.98
The Beatles,Sgt. Pepper's Lonely Hearts Club Band - Reprise / Remastered 2009,26.98
Stevie Wonder,Part-Time Lover,26.98
Gorillaz,Oil (feat. Stevie Nicks),26.96
The Hellp,Hot Fun,26.95
King Gizzard & The Lizard Wizard,Automation,26.94
Death Grips,Poser Killer,26.9
Nick Cave & The Bad Seeds,Hard On for Love - 2009 Remastered Version,26.9
Nia Archives,Silence Is Loud,26.9
Ben Platt,Finale,26.84
Quadeca,DANCING WITHOUT MOVING,26.8
mxmtoon,feelings are fatal,26.8
Green Day,Minority,26.78
Connie Conway,How You Lie Lie Lie,26.76
Freddie Dredd,GTG,26.73
Grimes,Genesis,26.72
Tom Waits,Rain Dogs - 2023 Remaster,26.71
Nujabes,ordinary joe (feat. Terry Callier),26.7
Oasis,Digsy's Dinner - Remastered,26.68
black midi,Still,26.67
Coldplay,Yellow,26.66
Mother Mother,Oh Ana,26.66
Jordaan Mason,Racehorse: Get Married!,26.63
Makaveli,Krazy,26.63
Lingua Ignota,THE ORDER OF SPIRITUAL VIRGINS,26.62
Sematary,Skin Mask 2,26.61
Post Malone,Circles,26.59
Dean Blunt,DASH SNOW,26.57
Loyle Carner,Mean It In The Morning,26.56
Kendrick Lamar,The Recipe - Bonus Track,26.55
underscores,My guy (Corporate shuffle),26.52
Leslie Kritzer,What I Know Now,26.52
Pink Siifu,Oatmeal,26.52
Arctic Monkeys,From The Ritz To The Rubble,26.52
Oasis,The Turning,26.49
Christian Borle,Take It Like a Man,26.49
"Tyler, The Creator",Ring Ring Ring,26.47
Run The Jewels,Legend Has It,26.46
The Beatles,Oh! Darling - Remastered 2009,26.46
Arctic Monkeys,Golden Trunks,26.45
BROCKHAMPTON,SWEET,26.43
Yard Act,Dead Horse,26.38
mxmtoon,porcelain,26.37
Ed Sheeran,Galway Girl,26.36
The Garden,California Here We Go,26.34
Laura Les,Haunted,26.33
Pixies,Mr. Grieves,26.3
Charli xcx,Everything is romantic featuring caroline polachek,26.28
The Weeknd,Can't Feel My Face - Martin Garrix Remix,26.26
The Avalanches,Frontier Psychiatrist,26.24
Run The Jewels,Banana Clipper,26.24
Kendrick Lamar,Complexion (A Zulu Love),26.24
Saba Lou,Good Habits (and Bad),26.21
Bill Evans,I'm Gettin' Sentimental Over You,26.2
Natural Snow Buildings,"Satanic Demona, Pt. 1",26.18
Weyes Blood,Mirror Forever,26.18
Slauson Malone 1,"I can make you feel freedom, Katri… (see page 72, 42, and 127)",26.17
Lovejoy,One Day,26.12
Frank Ocean,Pyramids,26.09
Chuck Sutton,Score (Pep Talk Outro),26.08
King Gizzard & The Lizard Wizard,Cellophane,26.07
Thundercat,It Is What It Is,26.02
Nujabes,reflection eternal,26.02
PinkPantheress,Just for Me,26.02
Xeo,Obnoxious Youngsta,26.0
Green Day,Oh Yeah!,26.0
Cavetown,Telescope,26.0
Black Dresses,PEACESIGN!!!!!!!!!!!!!!!!!,26.0
Post Malone,Wow.,25.97
Beastie Boys,No Sleep Till Brooklyn,25.96
Pink Floyd,Don't Leave Me Now - 2011 Remastered Version,25.96
MASS OF THE FERMENTING DREGS,Kakuiumono,25.96
Squid,Peel St.,25.94
Benny The Butcher,Crowns for Kings (Feat. Black Thought),25.94
Penelope Scott,Lotta True Crime,25.94
Arctic Monkeys,I Wanna Be Yours,25.91
my bloody valentine,new you,25.91
feeble little horse,Freak,25.88
Sematary,Necromanser,25.87
Xiu Xiu,Nieces Pieces,25.85
King Gizzard & The Lizard Wizard,Her & I (Slow Jam II),25.76
Ed Sheeran,South of the Border (feat. Camila Cabello & Cardi B),25.75
Lorde,Oceanic Feeling,25.74
Blur,London Loves - 2012 Remaster,25.72
Jason Tam,"Be More Chill, Pt. 2",25.71
DJ Rozwell,Elder Grof,25.71
Kim Gordon,I'm A Man,25.71
King Gizzard & The Lizard Wizard,Open Water,25.7
The Smashing Pumpkins,Today - 2011 Remaster,25.7
Kim Jung Mi,Spring,25.68
Boards of Canada,Gyroscope,25.61
Zedd,True Colors,25.61
2003 Toyota Corolla,2006 Toyota Corolla,25.57
JPEGMAFIA,PTSD,25.54
Tom Francis,Sunset Boulevard,25.53
Run The Jewels,No Come Down,25.51
JPEGMAFIA,All My Heroes Are Cornballs,25.51
"Tyler, The Creator",November,25.49
Thundercat,Innerstellar Love,25.48
boygenius,True Blue,25.47
DJ Shadow,Changeling,25.43
underscores,Geez louise (with henhouse!),25.41
BROCKHAMPTON,JELLO,25.41
Merzbow,Woodpecker No. 1,25.4
999 Heartake Sabileye,Godspeed,25.39
King Gizzard & The Lizard Wizard,Dreams,25.39
Death Grips,Full Moon (Death Classic),25.38
Nick Cave & The Bad Seeds,Foi Na Cruz - 2010 Remastered Version,25.38
Lin-Manuel Miranda,The Story of Tonight,25.37
Injury Reserve,What's Goodie (feat. Cakes da Killa),25.35
IDLES,Gram Rock,25.34
Lil Darkie,drink my piss you nasty slut yeah yeah,25.33
Mort Garson,Rhapsody in Green,25.33
Kendrick Lamar,LOYALTY. FEAT. RIHANNA.,25.3
Leonard Cohen,"So Long, Marianne",25.3
Frédéric Chopin,"Nocturne No. 19 in E Minor, Op. 72, No. 1",25.3
Jaco Pastorius,Portrait of Tracy,25.29
George Clanton,F.U.M.L.,25.27
mxmtoon,blame game,25.23
WHATMORE,put it on hearts - A COLORS SHOW,25.22
Japancakes,When You Sleep,25.21
boygenius,Bite The Hand,25.19
Kanye West,Say You Will,25.18
Brian Eno,Lantern Marsh - Remastered 2004,25.17
Ichiko Aoba,Horo,25.17
clipping.,La Mala Ordina,25.15
Arca,Ripples,25.13
Vince Staples,BagBak,25.11
Oneohtrix Point Never,Submersible,25.11
Lorde,Hard Feelings/Loveless,25.1
Jordaan Mason,Prayer,25.09
Makaveli,Hail Mary,25.09
Kanye West,Pure Souls,25.08
Mother Mother,Hayloft,25.07
Jockstrap,Neon,25.05
Makaveli,Against All Odds,25.05
Arca,Queer,25.03
Blur,Pyongyang,24.99
Chet Baker,That Old Feeling,24.99
Lil Ugly Mane,hostage master,24.99
The Garden,All Access,24.98
Jim Croce,Operator (That's Not the Way It Feels),24.97
100 gecs,gec 2 Ü,24.96
Harold Budd,Steal Away - Remastered 2004,24.96
Everything But The Girl,Missing,24.94
Squid,Pamphlets,24.93
Pink Floyd,"Shine On You Crazy Diamond, Pts. 6-9 - 2011 Remaster",24.92
Ed Sheeran,Eraser,24.91
Westside Gunn,Free Shots,24.91
SpaceGhostPurrp,Pheel Tha Phonk 1990,24.86
Clipse,The Birds Don't Sing,24.85
Menahan Street Band,Queens Highway,24.84
Mild High Club,Tesselation,24.82
Arctic Monkeys,Diamonds Are Forever,24.81
Tame Impala,The Moment,24.8
Pink Floyd,Money,24.79
Burial,In McDonalds,24.76
Kaskade,I Remember,24.7
Panchiko,CUT,24.69
Daft Punk,Robot Rock,24.66
Pink Floyd,Pigs On The Wing 1 - 2011 Remaster,24.64
Lingua Ignota,REPENT NOW CONFESS NOW,24.63
Fall Out Boy,Young And Menace,24.61
My Chemical Romance,Drowning Lessons,24.58
Kanye West,Saint Pablo,24.57
Green Day,Worry Rock,24.57
Nirvana,Very Ape,24.54
Curtis Mayfield,Move on Up - Single Edit,24.52
King Gizzard & The Lizard Wizard,Venusian 1,24.52
Oasis,Bag It Up,24.52
Lingua Ignota,MAN IS LIKE A SPRING FLOWER,24.51
Rag'n'Bone Man,Skin,24.51
Aphex Twin,Wax The Nip,24.49
Pink Siifu,by any means,24.48
Björk,Enjoy,24.48
ABBA,Gimme! Gimme! Gimme! (A Man After Midnight),24.47
Queen,Death On Two Legs (Dedicated To...) - Remastered 2011,24.47
EsDeeKid,4 Raws,24.44
Green Day,Jinx,24.43
Björk,Big Time Sensuality,24.42
Car Seat Headrest,America (Never Been),24.42
Lorde,Man Of The Year,24.41
Kendrick Lamar,For Sale? - Interlude,24.4
The Dresden Dolls,Good Day,24.39
KAYTRANADA,Weird (feat. Durand Bernarr),24.39
ミドリ,さよなら、パーフェクトワールド。,24.38
Standing On The Corner,Off a Little Bit,24.38
Animal Collective,Also Frightened,24.37
Radiohead,Sit Down. Stand Up,24.36
Sematary,Slaughter House,24.33
Lil Ugly Mane,Slick Rick,24.33
Ninajirachi,Delete,24.32
The Beatles,Now And Then,24.32
Boris,Electric,24.31
TOKYOPILL,Cyber Psyche Green,24.29
A Tribe Called Quest,Excursions,24.29
The Avalanches,A Different Feeling,24.28
KAYTRANADA,DYSFUNCTIONAL,24.27
Nick Cave & The Bad Seeds,The Good Son - Live,24.27
DJ Rozwell,SOUNDS FROM HELL,24.25
Aphex Twin,The Waxen Pith,24.23
Prince,Computer Blue,24.19
MF DOOM,Kon Queso,24.15
Parannoul,To See the Next Part of the Dream,24.15
Björk,Black Lake,24.14
Bladee,For Nothing,24.13
Molchat Doma,Фильмы,24.12
Loyle Carner,Speed Of Plight,24.1
The Avalanches,Extra Kings,24.09
Joy Division,I Remember Nothing - 2007 Remaster,24.07
Slint,Breadcrumb Trail,24.04
Death Grips,Streaky,24.04
Little Simz,Introvert,24.02
Slauson Malone 1,Smile #4,24.01
Dean Blunt,VIGIL,24.0
Alison's Halo,Dozen,23.99
Alex G,Race,23.95
Yabujin,HARDSTYLE DRILL 2009 NOKIA ANGELZ 1.6,23.95
Young Fathers,Drum,23.95
Royel Otis,Murder on the Dance Floor - triple j Like A Version,23.93
slowthai,BB (BODYBAG),23.93
Xiu Xiu,"Faith, Torn Apart",23.92
Joy Division,Atrocity Exhibition - 2020 Digital Master,23.92
Zelooperz,Arugula,23.92
Travis Scott,Maria I'm Drunk (feat. Justin Bieber & Young Thug),23.92
2021 London Cast of Cabaret,I Don't Care Much,23.92
Floating Points,Movement 6,23.9
The Stills,Still in Love Song,23.9
BROCKHAMPTON,FAKE,23.89
Lorde,Secrets from a Girl (Who's Seen it All),23.89
Danny Brown,Hell For It,23.87
Kanye West,Blame Game,23.87
Kendrick Lamar,For Free? - Interlude,23.87
The Antlers,Stubborn Man,23.85
M.I.A.,Bad Girls,23.84
Yard Act,The Trapper’s Pelts,23.83
Laufey,Winter Wonderland - Spotify Singles Holiday,23.83
carwash,swings,23.81
Your Arms Are My Cocoon,Metamorphosis,23.8
Spiritualized,Come Together,23.79
Thundercat,Uh Uh,23.77
Rural Internet,Beginning of the End,23.75
Chappell Roan,Casual,23.73
The Velvet Underground,European Son,23.73
Kendrick Lamar,Auntie Diaries,23.72
The Weeknd,Heaven Or Las Vegas,23.71
Sufjan Stevens,You Give Death A Bad Name,23.7
Nick Cave & The Bad Seeds,People Ain't No Good - 2011 Remastered Version,23.69
Aphex Twin,#9,23.69
Pink Floyd,Shine On You Crazy Diamond (Pts. 1-5),23.69
Buckcherry,Dirty Mind,23.68
Twinkle Park,Leash,23.67
Death Grips,The Fear,23.67
"Tyler, The Creator","FUCKING YOUNG / PERFECT (feat. Charlie Wilson, Chaz Bundick, Sydney Bennett & Kali Uchis)",23.67
Psychedelic Porn Crumpets,The Tale of Gurney Gridman,23.66
Coldplay,Clocks,23.66
Nikki M. James,Sal Tlay Ka Siti,23.65
Eric William Morris,Be More Chill - Pt. 1,23.64
Ethel Cain,A House In Nebraska,23.63
Miles Davis,Pharaoh's Dance,23.6
Nick Drake,Horn,23.59
The Notorious B.I.G.,Dead Wrong (feat. Eminem) - 2005 Remaster,23.55
Quadeca,NO QUESTIONS ASKED,23.54
DJ Rozwell,Three Tickets,23.54
Playboi Carti,Go2DaMoon (feat. Kanye West),23.53
Sly & The Family Stone,Everyday People,23.53
Nick Cave & The Bad Seeds,The Good Son,23.52
Arctic Monkeys,This House is a Circus,23.52
Loyle Carner,all i need,23.51
Bladee,Xd Out,23.48
Talk Talk,Myrrhman,23.48
Bob Vylan,We Live Here,23.47
Adrianne Lenker,"not a lot, just forever",23.47
Kraftwerk,The Model - 2009 Remaster,23.44
Lil Nas X,SUN GOES DOWN,23.44
"Tyler, The Creator",Balloon (feat. Doechii),23.44
Sunami,Mind Your Business,23.41
boygenius,Salt In The Wound,23.4
Green Day,Redundant,23.37
Arca,Hija,23.37
Jazmin Bean,Saccharine,23.37
Major Lazer,"Know No Better (feat. Travis Scott, Camila Cabello & Quavo)",23.36
Father John Misty,The Next 20th Century,23.35
Julee Cruise,Into the Night,23.35
Radiohead,Kid A,23.35
Machine Girl,Splatter!,23.35
John Coltrane,"A Love Supreme, Pt. I – Acknowledgement",23.3
Beach Weather,"Sex, Drugs, Etc.",23.28
Sonic Youth,Sugar Kane,23.27
Goblin,Suspiria,23.27
King Gizzard & The Lizard Wizard,The Castle in the Air,23.22
Makaveli,White Man'z World,23.21
Meat Loaf,Hot Patootie / Bless My Soul,23.2
Slint,For Dinner…,23.2
Godspeed You! Black Emperor,“GOVERNMENT CAME” (9980.0kHz 3617.1kHz 4521.0 kHz),23.18
Psychedelic Porn Crumpets,Mr. Prism,23.18
Grouper,Poison Tree,23.18
MGMT,TSLAMP,23.17
Kay Greyson,Give It All,23.17
Radiohead,Bishop's Robes,23.16
Little Nell,Time Warp,23.16
A$AP Rocky,Long Live A$AP,23.15
Joy Division,A Means to an End - 2020 Digital Master,23.15
Nujabes,World's end Rhapsody,23.13
The Ronettes,"You Came, You Saw, You Conquered",23.12
Lady Pank,Mniej niż zero,23.1
JPEGMAFIA,Rock N Roll Is Dead,23.08
t e l e p a t h テレパシー能力者,心と魂の核変換/私たちの感情は一緒になって,23.08
The Alchemist,Mac 10 Wounds (feat. Conway),23.04
Parannoul,I Can Feel My Heart Touching You,23.02
boygenius,Emily I'm Sorry,23.01
セキトオ・シゲオ,イエスタディ,23.01
The Armed,MASUNAGA VAPORS,22.98
Kanye West,God Breathed,22.96
C418,Far,22.96
Kenny Beats,Get Around,22.95
Ichiko Aoba,機械仕掛乃宇宙,22.94
Kero Kero Bonito,Cinema,22.94
Elton John,Susie (Dramas),22.94
Hadestown Original Broadway Company,Chant,22.94
my bloody valentine,i only said,22.91
Phoebe Bridgers,Would You Rather,22.91
Claire Rosinkranz,Backyard Boy,22.91
King Gizzard & The Lizard Wizard,Gondii,22.91
BROCKHAMPTON,JOHNNY,22.91
The Beatles,Carry That Weight - Remastered 2009,22.9
The Cramps,Garbageman,22.9
The Avalanches,Radio,22.89
Beyoncé,AMERIICAN REQUIEM,22.88
Swans,Volcano,22.87
James Ferraro,Upper East Side Pussy,22.86
Green Day,21st Century Breakdown,22.85
Denzel Curry,VENGEANCE | VENGEANCE [FEAT. JPEGMAFIA & ZILLAKAMI | JPEGMAF1A + Z1LLAKAM1],22.83
Swans,Beautiful Child,22.83
BROCKHAMPTON,STAR,22.81
Elton John,The King Must Die,22.78
chloe moriondo,Silly Girl,22.78
Arca,Afterwards,22.77
William Basinski,92982.2,22.75
Machine Girl,Out By 16 (ACIDPUNKMIX),22.73
Elliott Smith,Coast To Coast,22.73
Pink Floyd,The Thin Ice - 2011 Remastered Version,22.73
Cassius,I <3 U SO - Skream's Made Zdar Feel Like He Was 20 Again Remix,22.71
Nujabes,Blessing It -remix (feat. Substantial & Pase Rock from Five Deez),22.7
SIX,Get Down,22.69
Turnstile,WILD WRLD,22.69
Snow Strippers,Just Your Doll,22.67
C418,Thirteen,22.66
Dean Blunt,9,22.65
Swans,"Sex, God, Sex",22.65
The Dresden Dolls,Coin-Operated Boy,22.62
Run The Jewels,All Due Respect,22.62
Green Day,Last Night on Earth,22.6
East 17,Stay Another Day,22.59
The Stylistics,You're A Big Girl Now,22.59
Brent Faiyaz,"GRAVITY (FEAT. TYLER, THE CREATOR)",22.58
Aphex Twin,#22,22.56
Sweet Trip,Milk - 2021 Remaster,22.55
Ichiko Aoba,テリフリアメ,22.54
Miles Davis,Rated X,22.53
Armand Hammer,VX,22.53
JPEGMAFIA,Panic Emoji,22.5
The Stone Roses,Sally Cinnamon - Single Mix,22.5
Boris,Ganbouki,22.5
Sabrina Carpenter,Go Go Juice,22.47
Billie Eilish,everything i wanted,22.43
Phoebe Bridgers,ICU,22.38
The Beatles,I Me Mine - Remastered 2009,22.37
Kanye West,Jonah,22.36
稲垣次郎とソウル・メディア,ブリーズ,22.35
Sly & The Family Stone,Luv N' Haight - Single Version,22.31
Paramore,Burning Down the House,22.31
boygenius,Revolution 0,22.3
The Microphones,Instrumental,22.26
William Basinski,"All These Too, I, I Love",22.26
girl in red,4am,22.23
DJ Rozwell,DREAMS,22.23
Aphex Twin,umil 25-01 [Manchester 20.09.2019],22.22
New Order,Bizarre Love Triangle - 2024 Digital Master,22.21
Earl Sweatshirt,Vision (feat. Zelooperz),22.18
JPEGMAFIA,DOTS FREESTYLE REMIX,22.15
Townes Van Zandt,Lungs,22.14
Jessie Ware,Spotlight,22.13
Charles Mingus,Better Git It in Your Soul,22.13
Freddie Dredd,Weather,22.13
Daughters,The Lords Song,22.12
The Beatles,Savoy Truffle - Remastered 2009,22.11
Slauson Malone 1,THE MESSAGE 2,22.1
Hole,Petals,22.1
The Cars,Just What I Needed,22.09
Parannoul,Youth Rebellion,22.08
Run The Jewels,DDFH,22.08
Sly & The Family Stone,Family Affair - Single Version,22.07
Cities Aviv,URL Irl,22.06
Queen,Tie Your Mother Down - Remastered 2011,22.04
Makaveli,Life Of An Outlaw,22.03
George Clanton,Everything I Want,22.02
２８１４,再生,22.01
Father John Misty,Buddy's Rendezvous,22.01
Weatherday,Water Dreamer the Same,22.0
Chat Pile,Slaughterhouse,21.98
Mort Garson,Swingin' Spathiphyllums,21.97
Aphex Twin,#10,21.95
mxmtoon,late nights,21.95
Sonic Youth,A) the Wonder (Album Version),21.95
Denzel Curry,HOT ONE (with TiaCorine & A$AP Ferg),21.94
Lorde,The Man with the Axe,21.94
Slint,Nosferatu Man,21.93
Oasis,Cum On Feel The Noize - Remastered,21.92
Father John Misty,Everyman Needs a Companion,21.91
Biig Piig,Kerosene,21.91
Twinkle Park,For Everyone You've Ever,21.9
Elliott Smith,Clementine,21.89
Westside Gunn,Shootouts In Soho (feat. A$AP Rocky & Stove God Cooks),21.88
Bruno Mars,Smokin Out The Window,21.87
Bing Crosby,White Christmas - 1947 Version,21.86
Massive Attack,Mezzanine,21.85
Lil Nas X,ONE OF ME (feat. Elton John),21.85
Killing Joke,Eighties - 2007 Digital Remaster,21.84
Nine Inch Nails,Ruiner,21.83
Pale Waves,Wish U Were Here,21.83
King Gizzard & The Lizard Wizard,Dirt,21.83
King Gizzard & The Lizard Wizard,Ice V,21.82
Clairo,Bags,21.82
Olivia Rodrigo,brutal,21.81
George Clanton,Vapor King / SubReal,21.8
BROCKHAMPTON,ALASKA,21.8
Father John Misty,Things It Would Have Been Helpful to Know Before the Revolution,21.79
The Weeknd,High For This,21.77
Will Wood and the Tapeworms,Red Moon,21.76
Björk,Utopia,21.74
Nick Cave,Old Time,21.73
Viagra Boys,Man Made of Meat,21.72
Sonic Youth,Hey Joni (Album Version),21.71
Westside Gunn,The Cow,21.7
Björk,Play Dead,21.69
Hozier,Do I Wanna Know? - Live At the BBC,21.69
Jane Remover,kodak moment,21.69
Bobby Helms,Jingle Bell Rock,21.67
King Gizzard & The Lizard Wizard,Plastic Boogie,21.67
Michael Jackson,Get on the Floor,21.66
TheFatRat,Unity,21.65
Carrie Hope Fletcher,Dead Girl Walking (Reprise),21.64
C418,Key,21.63
Madness,Baggy Trousers - 2010 Remaster,21.62
Charli xcx,Cross You Out (feat. Sky Ferreira),21.61
Okieriete Onaodowan,The Story of Tonight - Reprise,21.58
awakebutstillinbed,opener,21.57
The Streets,The Irony of It All,21.56
Xiu Xiu,Brooklyn Dodgers,21.56
Bladee,Freeze,21.56
Kaizo Slumber,NAPALM STICKS TO KIDS,21.55
Grouper,Vapor Trails,21.54
Bladee,Unreal,21.52
Nick Cave & The Bad Seeds,Galleon Ship,21.52
Yves Tumor,Folie Imposée,21.52
Kanye West,Ultralight Beam,21.51
black midi,Reggae,21.51
Lingua Ignota,THE SACRED LINAMENT OF JUDGMENT,21.51
Converge,Heaven in Her Arms,21.51
Earl Sweatshirt,Lye,21.5
Crywank,If I Were You I'd Be Throwing Up,21.5
The Lumineers,Ophelia,21.49
John Coltrane,Lazy Bird,21.47
John Coltrane,"A Love Supreme, Pt. III - Pursuance",21.47
FKA twigs,Girl Feels Good,21.47
Muse,Micro Cuts,21.46
Fleetwood Mac,Don't Stop - 2004 Remaster,21.46
The Beatles,Boys - Remastered 2009,21.45
David Bowie,"Nature Boy - From ""Moulin Rouge"" Soundtrack",21.45
Bob Vylan,England's Ending,21.44
Jamie Paige,BIRDBRAIN,21.39
Sonic Youth,Theresa's Sound-World,21.39
Crywank,I Am a Familiar Creak in Your Floorboards,21.38
Little Simz,"Hello, Hi",21.36
Will Wood,"Marsha, Thankk You for the Dialectics, but I Need You to Leave.",21.34
ミドリ,かなしい日々。,21.33
Bladee,SAD MEAL,21.31
King Gizzard & The Lizard Wizard,2.02 Killer Year,21.3
Lil Wayne,Scared of the Dark (feat. XXXTENTACION),21.28
Talking Heads,And She Was - 2005 Remaster,21.27
Armand Hammer,Sir Benni Miles,21.26
Wu-Tang Clan,Protect Ya Neck,21.18
Oasis,Some Might Say,21.18
Lingua Ignota,MANY HANDS,21.17
The Weeknd,The Hills,21.16
Frank Sinatra,Have Yourself A Merry Little Christmas - Remastered 1999,21.14
Father John Misty,Q4,21.14
Sebastiano,Without U,21.14
Type O Negative,Be My Druidess,21.13
Bad Brains,I,21.12
Skrillex,Ceremony,21.12
Dean Blunt,MOLLY & AQUAFINA,21.11
Coldplay,Warning Sign,21.11
Edvard Grieg,"Lyric Pieces, Book VI, Op. 57: No. 6, Hjemve. Andante",21.1
Neutral Milk Hotel,Communist Daughter,21.08
Kendrick Lamar,Mother I Sober (feat. Beth Gibbons of Portishead),21.05
Masayoshi Takanaka,OH! TENGO SUERTE,21.04
The Flaming Lips,One More Robot / Sympathy 3000-21,21.03
Leonard Cohen,"Hey, That's No Way to Say Goodbye",21.02
underscores,Loansharks,21.02
Father John Misty,Only a Fool,21.0
BROCKHAMPTON,MILK,20.98
Alvvays,Saved by a Waif,20.96
Desired,Emotions,20.92
Sylendanna,Nice To Know Ya,20.91
Aphex Twin,XMAS_EVET10 [120][thanaton3 mix],20.9
BROCKHAMPTON,TEAM,20.89
'Be More Chill' Ensemble,The Play,20.88
Sufjan Stevens,Come On! Feel the Illinoise! Part I: The World's Columbian Exposition Part II: Carl Sandburg Visits Me In A Dream,20.88
Oasis,Gas Panic!,20.87
slowthai,UGLY,20.86
slowthai,Fuck It Puppet,20.83
Xiu Xiu,Clowne Towne,20.83
Thundercat,King Of The Hill,20.83
Travis Scott,R.I.P. SCREW,20.82
Jona Lewie,Stop The Cavalry,20.82
Dusty Springfield,Son Of A Preacher Man,20.82
Nine Inch Nails,Reptile,20.82
Kid Cudi,love.,20.81
MF DOOM,Datura Stramonium,20.8
Danny Brown,Pneumonia,20.77
The Beatles,This Boy - Remastered 2009,20.76
The Spits,All I Want,20.76
The Beach Boys,Ding Dang - Remastered 2000,20.75
Big Black,The Power Of Independent Trucking,20.73
Green Day,Scattered,20.71
The Streets,Same Old Thing,20.69
the sleepover disaster,29 Seconds,20.68
Molchat Doma,Танцевать,20.68
･ ･－･ ･－ ･･･ ･ －･･,･･･ － ･･ ･－･･ ･－･･ ････ ･ ･－･ ･,20.67
Big Black,"Tiny, King Of the Jews",20.66
Clairo,Harbor,20.65
Kanye West,Roses,20.62
ABBA,Mamma Mia,20.61
Toby Fox,Shop,20.59
Kim Gordon,The Candy House,20.58
Elliott Smith,Pretty (Ugly Before),20.58
Oasis,Cigarettes & Alcohol - Remastered,20.57
Green Day,No Pride,20.57
Kanye West,Frank's Track,20.56
Freddie Gibbs,Automatic,20.55
The Beatles,Martha My Dear - Remastered 2009,20.52
Death Grips,Lil Boy,20.52
Andy Williams,It's the Most Wonderful Time of the Year,20.52
Will Wood,Outliars and Hyppocrates: a fun fact about apples,20.51
black midi,Diamond Stuff,20.51
J Dilla,Last Donut Of The Night,20.49
Machine Girl,Blood Magic,20.47
JPEGMAFIA,PRONE!,20.47
boygenius,Voyager,20.47
Addison Rae,Money is Everything,20.43
BROCKHAMPTON,JUNKY,20.43
Jane Remover,Fadeoutz,20.41
Matt Elliott,The Maid We Messed,20.41
Death Grips,Two Heavens,20.4
Animal Collective,Taste,20.4
The Beatles,Can't Buy Me Love - Remastered 2009,20.4
Danny Brown,White Lines,20.39
Blur,I Broadcast,20.37
Ewy,spirit,20.37
Jeff Buckley,Last Goodbye,20.36
Daughters,Less Sex,20.36
Andy Stott,Numb,20.35
CMAT,EURO-COUNTRY,20.34
Kesha,Praying,20.26
BROCKHAMPTON,ZIPPER,20.26
Rural Internet,Let's Go!,20.26
BROCKHAMPTON,BANK,20.22
Father John Misty,The Memo,20.22
Machine Girl,Psycho Signal Jammer,20.18
Lil Ugly Mane,orange over,20.18
William Basinski,92982.4,20.15
Cavetown,Pyjama Pants,20.15
The Rills,Stardog,20.13
Olivia Rodrigo,vampire,20.13
"Tyler, The Creator",Jamba (feat. Hodgy),20.09
Big Thief,Simulation Swarm,20.08
Alex G,String,20.07
Nick Cave & The Bad Seeds,Song of Joy - 2011 Remastered Version,20.05
King Gizzard & The Lizard Wizard,The Cruel Millennial,20.04
The Prodigy,Out of Space,20.04
black midi,Ascending Forth,20.04
Car Seat Headrest,Kimochi Warui (When? When? When? When? When? When? When?),20.03
SPIRIT OF THE BEEHIVE,fell asleep with a vision,20.03
Weatherday,"Mio, Min Mio",20.02
slowthai,feel away (feat. James Blake & Mount Kimbie),20.02
TV Girl,Not Allowed,20.01
BROCKHAMPTON,WASTE,20.01
André De Shields,Road to Hell,19.99
Nick Cave & The Bad Seeds,I Let Love In - 2011 Remastered Version,19.99
Aphex Twin,#7,19.99
Michael Bublé,It's Beginning to Look a Lot like Christmas,19.98
Thaiboy Digital,30th Floor,19.97
Joey Bada$$,Show Me,19.96
Death Grips,Ring A Bell,19.95
Earl Sweatshirt,December 24,19.92
Armand Hammer,Indian Summer,19.91
King Gizzard & The Lizard Wizard,The Great Chain of Being,19.9
Loyle Carner,Plastic,19.9
JPEGMAFIA,Rap Grow Old & Die x No Child Left Behind,19.89
The Magnetic Fields,Andrew in Drag,19.89
Bladee,Acid Rain,19.88
The Beatles,Rocky Raccoon - Remastered 2009,19.87
Kenny Beats,Family Tree,19.87
Stevie Wonder,Have A Talk With God,19.87
Neutral Milk Hotel,Ghost,19.87
Boris,Pink,19.85
Green Day,Armatage Shanks,19.85
Pink Floyd,Breathe (In the Air),19.85
Christopher Jackson,Cabinet Battle #2,19.84
FKA twigs,Perfect Stranger,19.84
Suede,Beautiful Ones,19.84
Boards of Canada,Telephasic Workshop,19.83
Stephanie D'Abruzzo,"There's a Fine, Fine Line",19.81
Blur,This Is a Low - 2012 Remaster,19.79
Aphex Twin,Icct Hedral,19.79
Bladee,I'm Goofy,19.78
Arctic Monkeys,Science Fiction,19.78
mxmtoon,the idea of you,19.76
Dagames,Break My Mind,19.76
Kendrick Lamar,Crown,19.76
Hatchie,Giving The World Away,19.75
Oasis,Roll With It - Remastered,19.74
Kendrick Lamar,untitled 02 | 06.23.2014.,19.72
Minor Threat,Minor Threat,19.72
Neggy Gemmy,Mysterious Girl,19.72
Benny The Butcher,Dirty Harry (feat. Rj Payne & Conway the Machine),19.71
awakebutstillinbed,safe,19.7
Nick Cave & The Bad Seeds,Ghosteen Speaks,19.67
Lin-Manuel Miranda,We Know,19.67
Godspeed You! Black Emperor,OUR SIDE HAS TO WIN (for D.H.),19.66
The Velvet Underground,The Black Angel's Death Song,19.66
Aphex Twin,Blue Calx,19.66
Travis Scott,Nightcrawler (feat. Swae Lee & Chief Keef),19.65
Pink Siifu,3 Dope Boys,19.64
Colin Stetson,Reborn,19.63
The Avalanches,Flight Tonight,19.63
Machine Girl,Fully in It,19.61
Slint,"Don, Aman",19.61
Clairo,Wade,19.59
Cisco Swank,Changes (feat. Laura Elliott),19.59
A$AP Rocky,Tailor Swif,19.59
KIDS SEE GHOSTS,Freeee (Ghost Town Pt. 2),19.58
Pure X,Dream Over,19.58
Sly & The Family Stone,Just Like a Baby,19.57
Sonic Youth,Mary-Christ,19.57
Bladee,I Think...,19.57
Lorde,400 Lux,19.56
Little Simz,Fear No Man,19.56
Talk Talk,Ascension Day,19.56
Injury Reserve,S on Ya Chest,19.56
Phoebe Bridgers,Chelsea,19.55
Jockstrap,What's It All About?,19.55
Kendrick Lamar,Sherane a.k.a Master Splinter’s Daughter,19.54
Parannoul,Age of Fluctuation,19.54
Run The Jewels,Down (feat. Joi),19.52
Kanye West,All Of The Lights (Interlude),19.51
Green Day,Panic Song,19.51
The Armed,FAITH IN MEDICATION,19.51
Miracle Musical,Variations on a Cloud,19.51
Father John Misty,I Guess Time Just Makes Fools of Us All,19.5
Psychedelic Porn Crumpets,Sawtooth Monkfish,19.5
Oasis,Part Of The Queue,19.5
Kamasi Washington,Re Run,19.5
Tame Impala,Eventually,19.49
Mach-Hommy,#RICHAXXHAITIAN,19.48
Boards of Canada,An Eagle In Your Mind,19.47
Have A Nice Life,Hunter,19.46
Lil Nas X,THATS WHAT I WANT,19.45
King Gizzard & The Lizard Wizard,Self-Immolate,19.45
Funkadelic,Wars Of Armageddon,19.44
Will Wood and the Tapeworms,¡Aikido! (Neurotic / Erotic),19.44
Joy Division,Shadowplay - 2007 Remaster,19.43
Kendrick Lamar,LOVE. FEAT. ZACARI.,19.43
"Tyler, The Creator","FIND YOUR WINGS (feat. Roy Ayers, Sydney Bennett & Kali Uchis)",19.42
The Dresden Dolls,Missed Me,19.42
My Chemical Romance,Cubicles,19.41
Joy Division,Insight - 2007 Remaster,19.4
Grace Jones,La Vie en rose,19.39
MASS OF THE FERMENTING DREGS,World Is Yours,19.39
Creedence Clearwater Revival,Fortunate Son,19.36
Sonic Youth,Tunic (Song For Karen),19.36
Sonic Youth,My Friend Goo,19.36
Blur,Jubilee - 2012 Remaster,19.36
Bladee,Spellbound,19.35
Benny The Butcher,Joe Pesci 38,19.35
The Avalanches,Summer Crane,19.34
"Earth, Wind & Fire",Boogie Wonderland,19.34
William Basinski,Tear Vial,19.3
Car Seat Headrest,Golden Years,19.3
Alvvays,Party Police,19.29
John Fahey,The Last Steam Engine Train,19.29
Grace Jones,My Jamaican Guy,19.29
Talking Heads,Crosseyed and Painless - 2005 Remaster,19.27
FKA twigs,mirrored heart,19.26
Psychedelic Porn Crumpets,Pukebox,19.25
Sufjan Stevens,(This Is) The Thing,19.23
Run The Jewels,Thursday in the Danger Room (feat. Kamasi Washington),19.22
C418,Door,19.21
My Chemical Romance,Planetary (GO!),19.19
Bladee,Topman,19.17
St. Vincent,Piggy,19.16
Bad Brains,I Luv I Jah,19.15
Sly & The Family Stone,Poet,19.14
The Prodigy,Invaders Must Die,19.14
my bloody valentine,wonder 2,19.13
Nick Cave & The Bad Seeds,Lay Me Low - 2011 Remastered Version,19.13
Mort Garson,Symphony for a Spider Plant,19.13
The Mothers Of Invention,Bow Tie Daddy,19.13
Frank Ocean,Close To You,19.13
The Beatles,I Should Have Known Better - Remastered 2009,19.13
Daniel Johnston,No More Pushing Joe Around,19.11
Weatherday,Agatka (Agatha! You're Being Melodramatic!),19.11
Genesis Owusu,On the Move!,19.1
Oso Oso,that's what time does,19.09
Kevin Aviance,Cunty - Wave Edit,19.06
Marvin Gaye,What's Going On,19.06
Oneohtrix Point Never,Americans,19.03
Sufjan Stevens,"Decatur, or, Round of Applause for Your Step-Mother!",19.02
King Gizzard & The Lizard Wizard,Butterfly 3000,19.02
Sonic Youth,Silver Rocket (Album Version),19.01
Jordana,Sweet to Dream,18.99
Ethel Cain,Thoroughfare,18.99
Arctic Monkeys,The World's First Ever Monster Truck Front Flip,18.98
Dean Blunt,LA RAZA,18.97
LCD Soundsystem,Yr City's a Sucker,18.97
Alex G,Advice,18.96
King Gizzard & The Lizard Wizard,Horology,18.96
Polygon Window,Polygon Window,18.96
Nujabes,Horizon,18.94
２８１４,Mishazawa,18.94
The Garden,Horseshit on Route 66,18.91
Frank Ocean,Futura Free,18.89
Lemon Demon,Ancient Aliens,18.89
King Gizzard & The Lizard Wizard,Road Train,18.88
BROCKHAMPTON,STUPID,18.88
Ryan Gosling,A Lovely Night,18.88
Bladee,Bloodveil / Stillborn,18.86
Tom Jones,Baby It's Cold Outside,18.86
Alex Brightman,Fright of Their Lives,18.85
Björk,Notget,18.84
AJ Tracey,Graveyard Shift (feat. slowthai),18.84
Kanye West,Crack Music,18.83
Alex Brightman,Say My Name,18.82
Aphex Twin,Yellow Calx,18.82
Run The Jewels,"36"" Chain",18.8
Daveed Diggs,The Election of 1800,18.79
Laraaji,Meditation No. 1,18.79
DANGERDOOM,Crosshairs,18.78
Roger Eno,The Turning Year,18.78
Bladee,Inside Out,18.78
Player,Baby Come Back,18.75
Viagra Boys,Slow Learner,18.73
Parannoul,Excuse,18.72
A. G. Cook,Windowlicker,18.72
Bladee,Don't Worry,18.71
Elliott Smith,Shooting Star,18.71
Madness,It Must Be Love,18.7
The Beatles,Lovely Rita - Remastered 2009,18.68
Arctic Monkeys,Perhaps Vampires Is A Bit Strong But…,18.68
William Basinski,Melancholia XIII,18.66
Nick Cave,Lavender Fields,18.65
my bloody valentine,blown a wish,18.65
Nina Simone,"Ain't Got No - I Got Life (From the musical production ""Hair"")",18.65
Aphex Twin,Start As You Mean To Go On,18.64
Throbbing Gristle,Hot on Heels of Love,18.62
The Strokes,Machu Picchu,18.6
Nick Cave & The Bad Seeds,Lovely Creature - 2011 Remastered Version,18.58
mxmtoon,i miss you,18.58
Aphex Twin,zin2 test5,18.57
The North 41,My Ecstasy,18.57
CMAT,"I Wanna Be a Cowboy, Baby!",18.56
Cavetown,For You,18.56
Jordan Gelber,There Is Life Outside Your Apartment,18.56
KAYTRANADA,SPACE INVADER,18.55
Nick Cave,Balcony Man,18.55
Lil Nas X,DEAD RIGHT NOW,18.55
Kanye West,See You In My Nightmares,18.53
The Armed,THE MUSIC BECOMES A SKULL,18.52
Boris,Rattlesnake,18.51
Death Grips,Deep Web,18.51
Death Grips,80808,18.5
Cocteau Twins,Pitch the Baby,18.5
Coldplay,A Rush of Blood to the Head,18.49
Machine Girl,Loop Version,18.48
Lady Gaga,Telephone,18.47
kwes.,Lgoyh,18.47
Rural Internet,MARS GIRLS FREESTYLE,18.46
Quadeca,RUIN MY LIFE,18.46
Brian Eno,Lizard Point - Remastered 2004,18.46
The Oozes,Blah Blah Blah,18.46
A Town Called Panic,Broken Phone,18.46
Cavetown,Trying,18.45
Grouper,"Mary, On the Wall - Second Heart Tone",18.44
Cocteau Twins,"Road, River and Rail",18.43
Twinkle Park,On Goat Rock (In Winter),18.43
Swans,Like A Drug (Sha La La La),18.41
Ariana DeBose,Blow Us All Away,18.4
MF DOOM,Gas Drawls,18.38
By Storm,Double Trio,18.38
King Gizzard & The Lizard Wizard,Time=$$$,18.37
Daniel Johnston,Desperate Man Blues,18.35
Phoebe Bridgers,Punisher,18.35
mxmtoon,untitled,18.35
Lincoln,Saint Bernard,18.34
Nick Cave & The Bad Seeds,Red Right Hand,18.32
Lemon Demon,Spiral of Ants,18.3
Ben Platt,Words Fail,18.3
２８１４,私たちは、ハイパーマーケットをさまよう,18.29
The Little Dippers,Forever - Single Version,18.29
Squid,Boy Racers,18.29
Lorde,Sober,18.28
The Beatles,I'm Happy Just To Dance With You - Remastered 2009,18.27
Injury Reserve,Wild Wild West,18.26
Nick Cave & The Bad Seeds,Idiot Prayer - 2011 Remastered Version,18.24
KAYTRANADA,Spit It Out (feat. Rochelle Jordan),18.24
Xiu Xiu,Blacks,18.23
George Harrison,My Sweet Lord - 2014 Remaster,18.19
The Prodigy,Diesel Power,18.19
Mud,Lonely This Christmas,18.18
Pink Siifu,Mind Right,18.17
David Guetta,"Hey Mama (feat. Nicki Minaj, Bebe Rexha & Afrojack)",18.16
Nick Drake,Harvest Breed,18.14
King Gizzard & The Lizard Wizard,Minimum Brain Size,18.14
Aphex Twin,Wet Tip Hen Ax,18.14
BROCKHAMPTON,NO HALO,18.13
Sabrina Carpenter,Tears,18.12
Charli xcx,Guess featuring Billie Eilish,18.12
King Gizzard & The Lizard Wizard,I'm Not in Your Mind,18.1
Danny Brown,Get Hi,18.09
David Bowie,"""Heroes"" - 2017 Remaster",18.09
Kerry Butler,Barbara 2.0,18.07
death's dynamic shroud,이보다 좋을 수는 없겠어,18.07
Sonic Youth,Mildred Pierce,18.05
Travis Scott,Impossible,18.05
awakebutstillinbed,beauty,18.05
Loyle Carner,Georgetown,18.04
Cocteau Twins,Fotzepolitic,18.04
Radiohead,The Numbers,18.04
Bladee,Plastic Surgery,18.04
Lil Nas X,Old Town Road,18.03
Oasis,Let There Be Love,18.03
Sonic Youth,Cinderella's Big Score,18.02
clipping.,Piano Burning,18.01
The Who,Baba O'Riley,18.01
Lemon Demon,Reaganomics,17.99
Run The Jewels,"Blockbuster Night, Pt. 1",17.97
Swans,Power for Power,17.96
Sematary,Bunny Suit,17.94
Nirvana,Rape Me,17.92
Swans,Blood and Honey,17.92
Wolf Alice,The Last Man on Earth,17.92
Aphex Twin,#5,17.92
John Tartaglia,If You Were Gay,17.9
A$AP Rocky,"1Train (feat. Kendrick Lamar, Joey Bada$$, Yelawolf, Danny Brown, Action Bronson & Big K.R.I.T.)",17.9
Gorillaz,Cloud of Unknowing (feat. Bobby Womack and Sinfonia ViVA),17.9
Death Grips,Bitch Please,17.89
Elton John,Salvation,17.89
Lin-Manuel Miranda,Ten Duel Commandments,17.88
Floating Points,Movement 5,17.87
Pusha T,Infrared,17.87
Madvillain,Sickfit,17.85
Kanye West,Heartless,17.83
The Strokes,Take It Or Leave It,17.83
Xiu Xiu,Born to Suffer,17.82
Lorde,Tennis Court,17.82
Bladee,Dg Jeans,17.81
Genesis Owusu,Centrefold,17.81
The Avalanches,Tonight May Have To Last Me All My Life - MF DOOM Remix,17.8
King Gizzard & The Lizard Wizard,The Wheel,17.8
Xiu Xiu,Girl with Basket of Fruit,17.8
Alan Walker,Faded - Slushii Remix,17.78
My Chemical Romance,Blood - Hidden Track,17.77
Paul McCartney,Temporary Secretary - 2011 Remaster,17.76
Cavetown,Self Control,17.76
Xiu Xiu,Crank Heart,17.74
Original Broadway Cast of Hamilton,The Adams Administration,17.72
Quadeca,I DREAM ABOUT SINKING,17.72
"Black Country, New Road",Socks,17.71
BROCKHAMPTON,FIGHT,17.69
Childish Gambino,Heartbeat,17.68
Aphex Twin,To Cure A Weakling Child,17.66
Steve Lacy,Guide,17.64
The Hellp,Hazel,17.62
Floating Points,Movement 1,17.61
King Gizzard & The Lizard Wizard,Motor Spirit,17.61
Sigrid,Don't Kill My Vibe,17.6
Travis Scott,Drugs You Should Try It,17.59
Bladee,egobaby,17.58
Sematary,Haunted Mound Reapers,17.57
"Tyler, The Creator",Rah Tah Tah,17.56
Shinichi Atobe,Regret,17.55
Radiohead,Myxomatosis,17.54
Queens of the Stone Age,Regular John,17.53
Earl Sweatshirt,2010,17.53
Jonathan Groff,What Comes Next?,17.52
Beach House,Irene,17.52
A. G. Cook,Dread - The Moment (The Score),17.51
Jane Remover,seventeen,17.51
Injury Reserve,Ground Zero,17.5
Quadeca,born yesterday,17.48
Sufjan Stevens,Lamentation V,17.48
Coldplay,A Whisper,17.48
Nine Inch Nails,I Do Not Want This,17.48
Chuck Sutton,Thought I Was,17.47
Ed Sheeran,Dive,17.47
BROCKHAMPTON,GAMBA,17.46
clipping.,All in Your Head,17.45
BROCKHAMPTON,CHICK,17.43
Deftones,Digital Bath,17.41
Kendrick Lamar,untitled 07 | 2014 - 2016,17.38
Pusha T,Hard Piano,17.36
Eyedress,Romantic Lover,17.36
King Krule,Slush Puppy,17.35
Run The Jewels,All My Life,17.35
Lil Yachty,THE zone~,17.35
chloe moriondo,GIRL ON TV,17.34
DJ Shadow,What Does Your Soul Look Like - Pt. 4,17.34
Pretenders,2000 Miles - 2007 Remaster,17.34
The Caretaker,Libet's delay,17.34
Galantis,No Money,17.33
"Tyler, The Creator",RISE! (feat. DAISY WORLD),17.33
Paramore,"For a Pessimist, I'm Pretty Optimistic",17.32
A Tribe Called Quest,Conrad Tokyo (feat. Kendrick Lamar & Jack White),17.32
Big Black,Kasimir S. Pulaski Day,17.3
TOTO,Africa,17.3
MGMT,James,17.27
２８１４,赤い夜明け,17.27
Tom Waits,Dead and Lovely - Remastered,17.24
The Hotelier,An Introduction to the Album,17.23
Alessia Cara,Here,17.21
Kevin Abstract,SLUGGER (feat. $NOT & slowthai),17.18
Jim Legxacy,'06 wayne rooney,17.17
Ed Sheeran,Perfect,17.14
The Beatles,Golden Slumbers - Remastered 2009,17.14
Penelope Scott,American Healthcare (Glitzy),17.13
Daniel Johnston,Despair Came Knocking,17.13
Avenade,Over the Windbreak / Bloom,17.12
Nick Drake,Know,17.12
Sonic Youth,Disappearer,17.1
Wilbur Soot,Internet Ruined Me,17.1
Nick Cave & The Bad Seeds,Jack's Shadow - 2009 Remastered Version,17.09
Fall Out Boy,"Sugar, We're Goin Down",17.09
100 gecs,gecgecgec,17.08
Nick Drake,Road,17.08
Clarence Clarity,Cancer™ in the Water,17.07
Kendrick Lamar,Worldwide Steppers,17.07
JPEGMAFIA,SCARING THE HOES,17.07
Nick Cave & The Bad Seeds,Thirsty Dog - 2011 Remastered Version,17.06
Stevie Wonder,Black Man,17.06
The Armed,AVERAGE DEATH,17.05
Green Day,Geek Stink Breath,17.04
Kendrick Lamar,Mirror,17.04
boygenius,Afraid of Heights,17.04
Earl Sweatshirt,Cold Summers,17.03
LCD Soundsystem,Us V Them,17.02
Jane Remover,TURN UP OR DIE,17.02
Stevie Wonder,Another Star,17.0
Post Malone,Internet,17.0
Will Wood,"…well, better than the alternative",17.0
Wu-Tang Clan,Method Man,17.0
Run The Jewels,2100 (feat. BOOTS),17.0
Kendrick Lamar,GOD.,16.99
Prison Affair,I want ya (in my cell),16.97
levitation room,Til You Reach Your Last Breath,16.97
100 gecs,I Need Help Immediately,16.96
Quadeca,THUNDRRR,16.95
Ed Sheeran,Cross Me (feat. Chance the Rapper & PnB Rock),16.95
Nick Cave & The Bad Seeds,Lime Tree Arbour - 2011 Remastered Version,16.95
Kenny Beats,Still - Extended Edit,16.93
２８１４,フローティング,16.93
Sonic Youth,Bull In The Heather,16.92
Lenny Kravitz,Fly Away,16.92
Yves Tumor,Let The Lioness In You Flow Freely,16.92
The Alchemist,Arrival,16.91
Lana Del Rey,Video Games,16.89
Ethel Cain,God's Country (feat. Wicca Phase Springs Eternal),16.89
Nine Inch Nails,The Becoming,16.88
Jane Remover,TWICE REMOVED,16.88
The Strokes,Welcome To Japan,16.88
Spiritualized,I Think I'm in Love,16.87
Rex Orange County,10/10,16.86
Arctic Monkeys,Four Out Of Five - Live,16.84
Paramore,Tell Me It's Okay - Demo,16.83
Pink Floyd,The Happiest Days Of Our Lives - 2011 Remastered Version,16.82
Bo Burnham,Welcome to the Internet,16.82
King Gizzard & The Lizard Wizard,Flamethrower,16.82
Slauson Malone 1,"—Fred Hampton's Door, Farewell Sassy— …na (see page 37 and 87)",16.81
Bladee,Keys to the City,16.8
Keaton Henson,You Don't Know How Lucky You Are,16.8
Zedd,Stay (with Alessia Cara) - Jonas Blue Remix,16.78
Gorillaz,Glitter Freeze (feat. Mark E Smith),16.78
DJ Rozwell,LIFEFORCE (POTION QUEST),16.77
Viagra Boys,Ain’t No Thief,16.77
Elton John,Don't Go Breaking My Heart,16.76
Danny Brown,When It Rain,16.76
Chuck Sutton,Homebound//Energy,16.76
Arca,Paw,16.75
Monkey and the Permavirgins,Song About A Raccoon,16.75
Oneohtrix Point Never,Andro,16.74
Vince Staples,Rain Come Down,16.73
Arctic Monkeys,Dancing Shoes,16.73
underscores,Duhhhhhhhhhhhhhhhhh,16.73
King Gizzard & The Lizard Wizard,The Spider and Me,16.72
KIDS SEE GHOSTS,Kids See Ghosts,16.71
Genesis Owusu,I Don't See Colour,16.71
Grace Jones,Private Life,16.69
Westside Gunn,BOSWELL,16.65
IceyYuh,Yeat Dub,16.65
100 gecs,Hey Big Man,16.65
Amyl and The Sniffers,Doing In Me Head,16.64
JPEGMAFIA,NEMO!,16.63
clipping.,Nothing is Safe,16.63
Dean Blunt,GRADE,16.63
Aphex Twin,Goon Gumpas,16.62
Otoboke Beaver,YAKITORI,16.6
Wu-Tang Clan,Shame On a Nigga,16.6
Stevie Wonder,Saturn,16.59
Little Simz,Protect My Energy,16.58
Pink Floyd,Bring The Boys Back Home - 2011 Remastered Version,16.58
Ed Sheeran,Beautiful People (feat. Khalid),16.58
Kenny Beats,Parenthesis,16.58
The Avalanches,Stay Another Season,16.58
Run The Jewels,Don't Get Captured,16.58
DJ Patife,Enigma,16.57
Animal Collective,Who Could Win A Rabbit,16.57
Car Seat Headrest,Stop Smoking (We Love You),16.56
David Bowie,Starman - 2012 Remaster,16.56
Conor Maynard,R U Crazy,16.55
Original West End Cast of Everybody's Talking About Jamie,Ugly in This Ugly World,16.55
Body Meat,Ghost,16.55
itoldyouiwouldeatyou,Divine Violence,16.54
MGMT,4th Dimensional Transition,16.53
Jack Stauber,Lifeline,16.49
Animal Collective,Bluish,16.48
Machine Girl,Xleepy,16.46
glass beach,neon glow,16.46
Kendrick Lamar,untitled 01 | 08.19.2014.,16.45
Radiohead,Backdrifts,16.44
Jane Remover,Lips,16.44
Panchiko,Stabilisers For Big Boys,16.43
Godspeed You! Black Emperor,Cliffs Gaze / cliffs’ gaze at empty waters’ rise / ASHES TO SEA or NEARER TO THEE,16.41
Tom Waits,Time,16.4
PinkPantheress,Last Valentines,16.4
Home Is Where,Sewn Together from the Membrane of the Great Sea Cucumber,16.4
Massive Attack,Take It There,16.39
The Jesus and Mary Chain,The Hardest Walk,16.39
Blur,Badhead - 2012 Remaster,16.36
Leslie Kritzer,No Reason,16.36
JPEGMAFIA,don't rely on other men,16.33
Huey Lewis & The News,Hip To Be Square,16.33
Will Wood and the Tapeworms,Everything Is a Lot,16.31
Bob Vylan,Pulled Pork,16.31
Blue Öyster Cult,(Don't Fear) The Reaper,16.31
Imagine Dragons,Whatever It Takes,16.3
King Gizzard & The Lizard Wizard,Invisible Face,16.3
Fleet Foxes,White Winter Hymnal,16.29
Machine Girl,Lilith,16.29
Gorillaz,How Far? (feat. Tony Allen and Skepta),16.29
WHATMORE,slow down,16.28
Squid,Sludge,16.28
The Weeknd,Thursday,16.27
Daryl Hall & John Oates,Maneater,16.27
The Beatles,She Loves You - Remastered 2009,16.26
Les Rallizes Dénudés,Ice Fire,16.25
Will Wood,Laplace’s Angel (Hurt People? Hurt People!),16.25
Gorillaz,Sweepstakes (feat. Mos Def and Hypnotic Brass Ensemble),16.24
Oasis,Keep The Dream Alive,16.24
Leslie Kritzer,Day-O (The Banana Boat Song) - Act 1 Finale,16.24
BROCKHAMPTON,STAINS,16.23
Sonic Youth,"Z) Eliminator, Jr.",16.23
Radiohead,(Nice Dream),16.23
Les Rallizes Dénudés,Strung Out Deeper Than The Night,16.23
Queen,Love Of My Life - Remastered 2011,16.22
Bladee,Thee 9 Is Up,16.2
The Armed,AN ITERATION,16.19
Lil Darkie,GENOCIDE,16.19
"Tyler, The Creator",Sucka Free,16.17
Pink Floyd,Seamus - 2011 Remastered Version,16.15
Conor Maynard,R U Crazy - Radio Edit,16.14
The Raconteurs,Consoler Of The Lonely,16.11
Sufjan Stevens,They Are Night Zombies!! They Are Neighbors!! They Have Come Back From the Dead!! Ahhhh!,16.11
The Strokes,Soma,16.1
mxmtoon,fever dream,16.1
The Waitresses,Christmas Wrapping,16.09
Kamasi Washington,Askim,16.09
Pierce The Veil,King For A Day,16.08
Godspeed You! Black Emperor,Job's Lament,16.08
Grouper,Come Softly - For Daniel D.,16.07
Rex Orange County,"OPEN A WINDOW (feat. Tyler, The Creator)",16.04
The Weeknd,Sidewalks,16.04
Action Bronson,TANK (feat. Big Body Bes),16.02
Slowdive,40 Days,16.02
Rex Orange County,Always,16.01
Ichiko Aoba,Prologue,16.0
Genesis Owusu,No Looking Back,16.0
2003 Toyota Corolla,2008 Toyota Corolla,16.0
slowthai,25% Club,15.98
Mort Garson,Baby's Tears Blues,15.97
my bloody valentine,is this and yes,15.97
Nirvana,Milk It,15.96
Pale Waves,"Last Christmas - Recorded at Metropolis Studios, London",15.94
Ray Laurél,MANIC PIXIE DREAM BOY,15.93
Ethel Cain,Family Tree,15.93
King Gizzard & The Lizard Wizard,Astroturf,15.92
King Gizzard & The Lizard Wizard,I'm Sleepin' In,15.92
Viagra Boys,It Ain't Enough,15.91
Tally Hall,Good Day,15.91
Tom Waits,Big Black Mariah,15.9
Molchat Doma,Коммерсанты,15.9
Sophia Anne Caruso,Prologue: Invisible,15.87
William Basinski,Melancholia X,15.87
The Garden,OC93,15.86
Alvvays,Ones Who Love You,15.85
Yard Act,100% Endurance - Elton John Version,15.85
Westside Gunn,055,15.85
Father John Misty,Screamland,15.82
Nick Cave & The Bad Seeds,Sorrow's Child - 2010 Remastered Version,15.81
Charli xcx,Von dutch a. g. cook remix featuring addison rae,15.81
slowthai,Gorgeous,15.8
Charli xcx,7 years,15.8
Gorillaz,Fire Coming out of the Monkey's Head,15.79
Kali Uchis,Only Girl,15.79
Coldplay,Everything's Not Lost - Includes Hidden Track 'Life Is For Living',15.78
"Tyler, The Creator",Slater (feat. Frank Ocean),15.78
Parannoul,Extra Story,15.78
Mitski,Fireworks,15.77
Young Fathers,In My View,15.77
Pusha T,Santeria,15.76
Mitski,"Valentine, Texas",15.75
Lana Del Rey,Dealer,15.75
Swans,Blind Love,15.74
The Caretaker,The great hidden sea of the unconscious,15.74
Machine Girl,Kill Screen,15.74
Swans,Blackmail,15.72
Herbie Hancock,Chameleon,15.72
Cliff Richard,Mistletoe and Wine,15.72
Rebzyyx,all I want is you,15.7
death's dynamic shroud,"CD Player, Pt. III",15.7
William Basinski,Melancholia V,15.7
King Gizzard & The Lizard Wizard,Gliese 710,15.69
Devon Hendryx,Montebello High School Prom,15.67
Radiohead,Tinker Tailor Soldier Sailor Rich Man Poor Man Beggar Man Thief,15.67
Bladee,Sugar,15.65
Squid,Documentary Filmmaker,15.62
Pink Floyd,Us and Them,15.61
Gorillaz,New Gold (feat. Tame Impala and Bootie Brown),15.6
Grimes,Circumambient,15.59
Tom Waits,Cemetery Polka,15.59
Travis Scott,3500 (feat. Future & 2 Chainz),15.58
Stevie Wonder,All Day Sucker,15.56
Death Grips,Lock Your Doors,15.56
Arctic Monkeys,I Want It All,15.54
Sabrina Carpenter,House Tour,15.52
Talking Heads,Life During Wartime - 2005 Remaster,15.52
Lady Gaga,G.U.Y.,15.51
Elliott Smith,A Passing Feeling,15.51
JPEGMAFIA,Libtard Anthem,15.5
Machine Girl,Kill All Borders (2020 Worldwide Fucker),15.5
Pink Floyd,Brain Damage,15.5
Metallica,Nothing Else Matters - Remastered 2021,15.5
Parannoul,Wheel,15.5
Ninajirachi,CSIRAC,15.49
Oasis,Rock 'n' Roll Star - Remastered,15.48
Daniel Johnston,Keep Punching Joe,15.48
JPEGMAFIA,1488,15.48
Talk Talk,Runeii,15.48
The Dresden Dolls,Half Jack,15.46
Alex Brightman,That Beautiful Sound,15.46
CHANCE デラソウル,A Hole in the Disco,15.45
Rural Internet,BRAINWORMS,15.44
King Gizzard & The Lizard Wizard,Mr.Beat,15.43
My Chemical Romance,Early Sunsets Over Monroeville,15.43
Jane Remover,goldfish,15.43
Sufjan Stevens,Lamentation I,15.42
Mobb Deep,"Shook Ones, Pt. II",15.42
Mid-Air Thief,Why?,15.42
Green Day,Bab's Uvula Who?,15.4
Jordaan Mason,Hymn / Her,15.4
KNEECAP,Sayōnara,15.4
Död Mark,Min Dag,15.39
Armand Hammer,Scaffolds,15.37
Charles Mingus,Goodbye Pork Pie Hat,15.37
deadmau5,Ghosts 'n' Stuff,15.36
Kanye West,Two Words,15.36
Aphex Twin,#11,15.35
FKA twigs,papi bones (feat. shygirl),15.35
mxmtoon,i feel like chet,15.34
Sabrina Carpenter,When Did You Get Hot?,15.32
slowthai,adhd,15.32
Ash Red,The Stupid Song,15.3
Run The Jewels,Job Well Done,15.29
slowthai,Toaster,15.29
Licellow,Just Cause,15.28
Talking Heads,Girlfriend Is Better - Live,15.27
JPEGMAFIA,Burfict!,15.27
Neon Trees,Everybody Talks,15.25
Kendr Cole,6:16 In LA,15.25
Porches,Grab The Phone,15.23
J.T. Machinima,Hungry for Another One,15.22
Jordaan Mason,O Jarhead! O Wife!,15.22
IDLES,Rottweiler,15.21
Kamasi Washington,Seven Prayers,15.21
Xiu Xiu,"20,000 Deaths for Eidelyn Gonzales, 20,000 Deaths for Jamie Peterson",15.2
Elton John,I Need You To Turn To,15.2
blackbear,do re mi,15.2
Nirvana,Radio Friendly Unit Shifter,15.17
Jun Togawa,好き好き大好き - 2016 Remaster,15.16
David Bowie,I Can't Give Everything Away,15.16
Supertramp,Breakfast In America - 2010 Remastered,15.16
Yves Tumor,Dream Palette,15.16
Danny Brown,Lost,15.16
Miles Davis,Mtume,15.16
Bladee,Into Dust,15.16
Charli xcx,Break the Rules - Tiësto Remix,15.15
Playboi Carti,Poke It Out (with Nicki Minaj),15.15
２８１４,一緒に私たちは、市内の遺跡を歩く,15.14
Candy Claws,White Seal (Shell & Spine),15.13
Panchiko,Failed at Math(s),15.13
Kanye West,Drive Slow,15.13
LCD Soundsystem,Sound of Silver,15.12
JPEGMAFIA,CUTIE PIE!,15.12
Zac Efron,Rewrite The Stars,15.1
King Gizzard & The Lizard Wizard,The Land Before Timeland,15.09
MASS OF THE FERMENTING DREGS,Nan Nan,15.08
KIDS SEE GHOSTS,Cudi Montage,15.08
２８１４,2814スカイライン,15.08
Britney Spears,Toxic,15.07
Slowdive,Sing,15.07
Nick Cave & The Bad Seeds,There is a Kingdom - 2011 Remastered Version,15.06
MGMT,Pieces of What,15.06
Subhumans,Black and White,15.04
Gorillaz,Aries (feat. Peter Hook and Georgia),15.03
Run The Jewels,Oh My Darling Don't Cry,15.02
Pink Floyd,The Great Gig in the Sky,15.01
Monkey and the Permavirgins,Kind Hands,15.0
Jimi Hendrix,Voodoo Chile,15.0
The Avalanches,Born To Lose,14.99
Bruno Mars,Put On A Smile,14.99
Sufjan Stevens,Have Yourself A Merry Little Christmas,14.98
death's dynamic shroud,Loving Is Easy,14.98
The Hotelier,Housebroken,14.97
Gorillaz,Intro,14.96
"Tyler, The Creator",PartyIsntOver/Campfire/Bimmer (feat. Frank Ocean & Laetitia Sadier),14.96
Sonic Youth,Swimsuit Issue,14.95
Pink Floyd,Pigs On The Wing 2 - 2011 Remaster,14.94
Vince Staples,Jump Off The Roof,14.93
Arca,Alien Inside,14.93
Radiohead,Morning Bell,14.93
Dorian Electra,M'Lady,14.92
Jane Remover,misplace,14.92
Sonic Youth,100%,14.92
Jane Remover,search party,14.91
The Flaming Lips,Ego Tripping at the Gates of Hell,14.91
Yabujin,DRUGS IN HER ROOM,14.9
Sufjan Stevens,Lamentation III,14.9
Animal Collective,Guys Eyes,14.89
Pink Floyd,Young Lust,14.88
Portishead,Numb,14.88
Weatherday,Come In,14.88
Natasha Richardson,Perfectly Marvelous,14.88
Jane Remover,Video,14.87
Utro,И Всюду Запах Затухших Свечей,14.86
Miles Davis,Maiysha,14.86
Parannoul,Analog Sentimentalism,14.85
Joy Division,Passover - 2020 Digital Master,14.85
Roy Orbison,"Oh, Pretty Woman",14.85
George Clanton,Make It Forever,14.84
Brave Little Abacus,Bug-Infested Floorboards Can We Please Just Leave This Place Now,14.83
Run The Jewels,"Lie, Cheat, Steal",14.82
Arca,Esuna,14.82
This Heat,Paper Hats,14.82
Kamasi Washington,The Next Step,14.81
Phoebe Bridgers,Chinese Satellite,14.81
Nujabes,The Sign (feat. Pase Rock),14.81
A Town Called Panic,Hollow Skull -1,14.81
Duster,Gold Dust,14.8
Death Grips,Black Dice,14.8
Arctic Monkeys,D is for Dangerous,14.8
Taron Egerton,Saturday Night's Alright (For Fighting),14.79
Nick Cave & The Bad Seeds,(Are You) the One That I've Been Waiting For? - 2011 Remastered Version,14.78
Kendrick Lamar,untitled 06 | 06.30.2014.,14.77
Flying Lotus,Never Catch Me,14.77
Earl Sweatshirt,Tabula Rasa (feat. Armand Hammer),14.77
Fontaines D.C.,How Cold Love Is,14.75
Molchat Doma,Тоска,14.74
Kings of Leon,Use Somebody,14.74
Playboi Carti,Fell In Luv (feat. Bryson Tiller),14.73
Aphex Twin,Girl/Boy Song,14.73
The Prodigy,Molotov Bitch,14.72
John Coltrane,"A Love Supreme, Pt. II - Resolution",14.72
Dean Blunt,A_X,14.72
Lil Nas X,DOLLA SIGN SLIME (feat. Megan Thee Stallion),14.72
Run The Jewels,goonies vs. E.T.,14.72
Yabujin,LIQUID FAIRY CORP.,14.72
Gorillaz,Welcome to the World of the Plastic Beach (feat. Snoop Dogg and Hypnotic Brass Ensemble),14.71
Bladee,It Girl,14.7
"Hey, Ily",Pretty Boi!,14.7
Joey Bada$$,Love Is Only a Feeling,14.7
Oasis,Lyla,14.68
King Gizzard & The Lizard Wizard,Cold Cadaver,14.67
Adrianne Lenker,half return,14.66
Tom Waits,Jockey Full Of Bourbon,14.66
Quadeca,WHAT’S IT TO HIM?,14.66
frozes,Dovni,14.66
KAYTRANADA,Stuntin,14.65
Charli xcx,detonate,14.64
Band Aid,Do They Know It's Christmas? - 1984 Version,14.62
Kendrick Lamar,BLOOD.,14.62
black midi,Chondromalacia Patella,14.6
Sweet After Tears,In the Bosom,14.6
Deerhunter,Cover Me (Slowly),14.6
セキトオ・シゲオ,カーリーとキャロル,14.6
Ecco2k,Big Air,14.59
Craic Boi Mental,Dance 4 Me Mr. Tayto Man,14.57
Little Simz,"I Love You, I Hate You",14.57
Wyldest,Seastroke,14.56
Queens of the Stone Age,I Think I Lost My Headache,14.56
Bladee,Nike Just Do It,14.55
Elton John,First Episode At Hienton,14.54
Pink Floyd,Hey You,14.54
Cavetown,Empty Bed,14.53
Kanye West,Addiction,14.53
Beyoncé,ALL UP IN YOUR MIND,14.52
The Avalanches,Overcome,14.5
Shygirl,Woe,14.5
Oneohtrix Point Never,Chrome Country,14.5
Nick Cave & The Bad Seeds,Green Eyes - 2011 Remastered Version,14.5
David Bowie,Star - 2012 Remaster,14.49
Nick Cave & The Bad Seeds,Leviathan,14.49
Daughter,The Right Way Around,14.48
Run The Jewels,Early,14.46
Loyle Carner,Angel,14.44
Aphex Twin,minipops 67 [120.2][source field mix],14.44
Lorde,Team,14.44
"""Les Misérables Original London Cast"" Ensemble",Finale,14.43
Clipse,F.I.C.O.,14.42
Xiu Xiu,Normal Love,14.41
Daniel Johnston,Big Business Monkey,14.4
Aphex Twin,Digeridoo,14.4
Car Seat Headrest,Hollywood,14.39
Swans,Mind / Body / Light / Sound,14.39
Will Wood and the Tapeworms,Chemical Overreaction / Compound Fracture,14.39
Machine Girl,Phase Alpha,14.39
Travis Scott,COFFEE BEAN,14.39
Psychedelic Porn Crumpets,Tripolasaur,14.38
Cocteau Twins,Wolf in the Breast,14.36
Fontaines D.C.,In ár gCroíthe go deo,14.35
Brian Eno,"Dunwich Beach, Autumn, 1960 - Remastered 2004",14.35
Arca,Witch,14.34
Radiohead,Decks Dark,14.34
Backxwash,SONG OF SINNERS,14.34
ABBA,Lay All Your Love On Me,14.33
Westside Gunn,Elizabeth,14.33
Afterhours,White Widow,14.32
CHANCE デラソウル,Burning,14.32
Little Simz,X,14.32
The Hotelier,Discomfort Revisited,14.32
Paul McCartney,Wonderful Christmastime [Edited Version] - Remastered 2011 / Edited Version,14.31
mxmtoon,my ted talk,14.3
CHANCE デラソウル,Ready For This,14.29
The Beatles,Octopus's Garden - Remastered 2009,14.29
The Beatles,Let It Be - Remastered 2015,14.29
Xiu Xiu,Pink City,14.28
Loyle Carner,Blood On My Nikes,14.28
Blue Iverson,Soulseek,14.27
Alan Walker,Sing Me to Sleep - Marshmello Remix,14.25
KAYTRANADA,2 The Music (feat. Iman Omari),14.25
Little Simz,Fever,14.25
TV Girl,Hate Yourself,14.25
Bruno Pernadas,Anywhere in Spacetime,14.25
Radiohead,Identikit,14.25
Loaded Honey,Homemade Gun,14.24
The Cure,Pictures Of You - Remastered,14.23
MGMT,Days That Got Away,14.23
C418,Excuse,14.22
The Skallywags,Don't Preach to Me,14.21
Travis Scott,Piss On Your Grave (feat. Kanye West),14.19
John Coltrane,"A Love Supreme, Pt. IV - Psalm",14.19
Dean Blunt,MERSH,14.19
Cocteau Twins,Fifty-fifty Clown,14.17
Big Black,Colombian Necktie,14.16
2003 Toyota Corolla,2009 Toyota Corolla,14.14
Ewy,jewellery and teeth,14.14
BROCKHAMPTON,TRIP,14.13
Machine Girl,Suck Shit,14.13
Crying,Well and Spring,14.13
Sufjan Stevens,"The Tallest Man, the Broadest Shoulders Part I: The Great Frontier Part II: Come to Me Only With Playthings Now",14.13
Oasis,Some Might Say - Remastered,14.12
Alex Turner,Stuck on the puzzle,14.12
Elton John,Mona Lisas And Mad Hatters,14.11
Slauson Malone 1,"The Flying Africans board mothership Zong! to colonize the new nubian planet called X ""The World laughs as it turns another degree, hotter"" (see page 44, 127, 102–136, 147)",14.11
Spiritualized,All of My Thoughts,14.11
Radiohead,Glass Eyes,14.11
Goth Lipstick,carolynn,14.11
Elton John,The Cage,14.11
IDLES,The New Sensation,14.1
Kamasi Washington,Re Run Home,14.1
Future,Where Ya At (feat. Drake),14.1
Aphex Twin,Come On You Slags,14.09
Pink Siifu,Shawty,14.09
"Tyler, The Creator",PILOT (feat. Sydney Bennett),14.09
André De Shields,Wait for Me,14.08
"Tyler, The Creator",THE BROWN STAINS OF DARKEESE LATIFAH PART 6-12 (REMIX) (feat. ScHoolboy Q),14.07
Arctic Monkeys,Do I Wanna Know? - Live,14.07
boygenius,Stay Down,14.07
Yves Tumor,All The Love We Have Now,14.07
Undo K From Hot,Incomplete Spanks,14.06
Loyle Carner,A Lasting Place,14.06
glass beach,planetarium,14.04
death's dynamic shroud,난 괜찮다고 또 웃으며 / Good Bye,14.04
Clairo,Pretty Girl,14.04
Nirvana,Love Buzz,14.03
Nirvana,Aneurysm,14.02
Pink Floyd,The Show Must Go On - 2011 Remastered Version,14.0
Arca,Morbo,14.0
Green Day,All by Myself,14.0
Air,Sexy Boy,14.0
Harry Styles,Matilda,14.0
Avenade,Trainwreck,14.0
Massive Attack,Karmacoma,14.0
Lil Mariko,Catboys,14.0
M83,Beauties Can Die,13.99
Lil Ugly Mane,Radiation (Lung Pollution) [feat.Supasortahuman],13.99
Jockstrap,Robert,13.99
The Orion Experience,Obsessed With You,13.99
Pixies,Break My Body - 2007 Remaster,13.98
Gotye,Somebody That I Used To Know,13.98
Leonard Cohen,Stories of the Street,13.98
Monkey and the Permavirgins,Stardust,13.98
SIX,Heart of Stone,13.96
John Coltrane,Mr. P.C. - Mono,13.94
Kanye West,Paranoid,13.94
Ween,Mutilated Lips,13.94
Elliott Smith,A Distorted Reality Is Now A Necessity To Be Free,13.93
JPEGMAFIA,Puff Daddy,13.93
Talking Heads,Genius of Love (Live) - 2023 Remaster,13.92
The Oozes,Cryin' (Like a Baby),13.92
Daft Punk,Something About Us,13.9
black midi,Love Story,13.9
Dorian Electra,Gentleman,13.9
John Tartaglia,Purpose,13.9
Sufjan Stevens,Revelation VI,13.9
Kero Kero Bonito,Dear Future Self,13.9
Sematary,Chainsaw Party,13.89
Queens of the Stone Age,Feel Good Hit Of The Summer,13.89
Minor Threat,Screaming At A Wall,13.88
Ewy,don't waste your time,13.88
Lauren Marcus,Do You Wanna Ride?,13.87
Swans,Real Love,13.87
Cavetown,I Miss My Mum,13.87
Nick Cave & The Bad Seeds,Fireflies,13.86
Tom Waits,Hang Down Your Head,13.84
Erykah Badu,Penitentiary Philosophy,13.84
Alvvays,Pharmacist,13.84
Baby Keem,MOSHPIT,13.84
Panchiko,The Eyes of Ibad,13.83
Armand Hammer,Aubergine,13.83
Home,Intro,13.82
Standing On The Corner,Played Us Cheap,13.81
Hotline TNT,The Scene,13.81
Purple Mountains,That’s Just the Way That I Feel,13.81
Nicole Scherzinger,The Phone Call,13.81
"Tyler, The Creator",Judge Judy,13.79
Kendrick Lamar,Rich Spirit,13.79
Beach House,Beyond Love,13.79
Nirvana,"Endless, Nameless",13.78
David Bowie,Suffragette City - 2012 Remaster,13.77
Wham!,Last Christmas - Single Version,13.77
wokeups,fragged aht,13.77
Brenda Lee,Rockin' Around The Christmas Tree,13.77
The Microphones,The Moon (Acoustic),13.76
Arca,Araña,13.76
Pink Siifu,pray everyday,13.75
The Dresden Dolls,Slide,13.75
Danger Mouse,Aquamarine (feat. Michael Kiwanuka),13.74
Marvin Gaye,I Want You,13.73
Genesis Owusu,Bye Bye,13.73
Ichiko Aoba,Adan no Shima no Tanjyosai,13.73
Måneskin,I WANNA BE YOUR SLAVE,13.73
shame,Snow Day,13.71
Pusha T,Neck & Wrist (feat. JAY-Z & Pharrell Williams),13.7
Pink Siifu,Kin'tro,13.7
Kero Kero Bonito,The Princess and the Clock,13.69
Daniel Johnston,Hey Joe,13.69
Nick Cave & The Bad Seeds,She Fell Away - 2009 Remastered Version,13.69
The Beatles,Drive My Car - Remastered 2009,13.68
Linda Scott,I've Told Every Little Star,13.68
Little Simz,Offence,13.68
A$AP Rocky,Trilla (feat. A$AP Nast & A$AP Twelvyy),13.67
Xeo,Horrid Henry,13.67
Grimes,4ÆM,13.66
Jimi Hendrix,1983...(A Merman I Should Turn to Be),13.66
Slauson Malone 1,"""I can't see"", Smile #3",13.66
Yard Act,Quarantine The Sticks,13.65
PinkPantheress,Romeo,13.65
shame,Station Wagon,13.65
Father John Misty,"Well, You Can Do It Without Me",13.64
1 9 0 5,Recorddeals,13.64
Chuck Sutton,Rosetta,13.62
Stephanie D'Abruzzo,Mix Tape,13.62
Kanye West,Heaven and Hell,13.61
Swans,The Sound,13.61
⣎⡇ꉺლ༽இ•̛)ྀ◞ ༎ຶ ༽ৣৢ؞ৢ؞ؖ ꉺლ,ƪ. ◖ƪ❍⊁◞.|◗щ (*ㅇ△₊⁎❝᷀ົཽ*ೃ:(꒡͡ ❝᷀ົཽ ꉺ¨.·*:･✧⃛(ཽ๑,13.6
Phoebe Bridgers,Georgia,13.6
Queens of the Stone Age,The Sky Is Fallin',13.59
Green Day,86,13.59
boygenius,Souvenir,13.58
Kendrick Lamar,We Cry Together,13.57
Paramore,Daydreaming,13.55
Kim Jung Mi,Unknowingly,13.53
Yung Lean,Waterfall,13.52
Aphex Twin,Jynweythek,13.5
Lemon Demon,No Eyed Girl,13.49
Machine Girl,Hidden Power,13.48
Deftones,Lhabia,13.48
Jessie Mueller,She Used to Be Mine,13.48
Sigala,Came Here for Love,13.48
Joy Division,Candidate - 2007 Remaster,13.47
Björk,Paradisia,13.46
Wu-Tang Clan,Da Mystery of Chessboxin',13.46
The Weeknd,The Party & The After Party,13.46
Billie Eilish,No Time To Die,13.46
Yves Tumor,Katrina,13.46
Ornette Coleman,Lonely Woman,13.46
Eric William Morris,Be More Chill - Pt. 2,13.45
Yung Lean,bender++girlfriend,13.45
Madvillain,Great Day,13.44
Carissa's Wierd,September Come Take This Heart Away,13.44
Death Grips,Bottomless Pit,13.44
King Gizzard & The Lizard Wizard,Theia,13.44
Slauson Malone 1,THE MESSAGE 1 (see page 39),13.43
Ariana Grande,Santa Tell Me,13.43
Ethel Cain,Punish,13.41
Kanye West,I Wonder,13.41
King Gizzard & The Lizard Wizard,Time=Fate,13.41
2003 Toyota Corolla,2007 Toyota Corolla,13.4
Dorian Electra,Sorry Bro (I Love You),13.4
Panchiko,Sodium Chloride,13.4
BROCKHAMPTON,DON'T SHOOT UP THE PARTY,13.4
Backxwash,TERROR PACKETS,13.4
"Tyler, The Creator",I'll Take Care of You (feat. Yebba),13.39
SyKo,#BrooklynBloodPop!,13.39
Subhumans,All Gone Dead,13.39
King Gizzard & The Lizard Wizard,Inner Cell,13.38
Kanye West,Praise God,13.37
Stevie Wonder,Joy Inside My Tears,13.37
Crywank,Notches,13.36
Cortex,Go Round,13.36
Ed Sheeran,Castle on the Hill,13.35
Aphex Twin,#2,13.34
Black Flag,I've Had It,13.33
Oasis,Roll With It,13.32
"Tyler, The Creator",SAFARI,13.32
Run The Jewels,A Report to the Shareholders / Kill Your Masters,13.31
Bruno Pernadas,Ya Ya Breathe,13.31
Swans,I Was a Prisoner in Your Skull,13.3
LSD and the Search for God,Backwards,13.3
Xiu Xiu,Common Loon,13.3
Thaiboy Digital,IDGAF,13.29
Bladee,Jaws,13.28
black midi,Dangerous Liaisons,13.28
Burial,Near Dark,13.28
Tom Waits,Singapore,13.27
Elliott Smith,Cupid's Trick,13.26
Eurythmics,Sweet Dreams (Are Made of This) - Remastered,13.25
EsDeeKid,Rottweiler,13.25
The Beatles,Love You To - Remastered 2009,13.24
Massive Attack,What Your Soul Sings - Remastered 2006,13.24
Quadeca,EASIER,13.24
Blur,New World Towers,13.23
Purple Mountains,I Loved Being My Mother’s Son,13.23
Sematary,Goin' Mordum,13.23
Bladee,Inspiration Comes,13.22
JPEGMAFIA,Thug Tears - A COLORS SHOW,13.22
Future,Thought It Was a Drought,13.22
Coldplay,Easy To Please,13.22
Brave Little Abacus,Can't Run Away,13.22
ESPRIT 空想,Warmpop,13.21
Paramore,Now,13.2
George Clanton,Justify Your Life,13.19
Denzel Curry,HOODLUMZ (with PlayThatBoiZay & A$AP Rocky),13.19
Macabre Plaza,Dimly Lit Small Town,13.18
Panchiko,Until I Know,13.17
Lorde,Homemade Dynamite,13.17
slowthai,Falling,13.16
Amyl and The Sniffers,Chewing Gum,13.15
Pink Floyd,"Another Brick In The Wall, Pt. 3 - 2011 Remastered Version",13.14
King Gizzard & The Lizard Wizard,Ya Love,13.14
Zheani,Thought Criminal,13.14
King Gizzard & The Lizard Wizard,Deserted Dunes Welcome Weary Feet,13.13
The Weeknd,Next,13.12
Lemon Demon,Sweet Bod,13.12
Thundercat,Unrequited Love,13.12
death's dynamic shroud,혼자 남은 지금 꼴이,13.1
Frank Ocean,Skyline To,13.1
DJ Rozwell,Found Guilty,13.09
The Beatles,Julia - Remastered 2009,13.08
I Monster,The Blue Wrath,13.07
Danny Brown,Today,13.07
Yoshi T.,MCQUEEN,13.07
KAYTRANADA,Twin Flame,13.05
Ryo Fukui,Autumn Leaves,13.04
Ewy,tear in two different contexts,13.04
Run The Jewels,Twin Hype Back,13.04
DJ Rozwell,"Burgerworth, Pt. 2",13.03
Stevie Wonder,Sir Duke,13.03
Run The Jewels,the ground below,13.02
Radiohead,Black Star,13.02
Will Wood and the Tapeworms,2012,13.02
The Flying Lizards,Money,12.99
Hatchie,Don't Leave Me In The Rain,12.99
Pink Siifu,L's,12.97
Jane Remover,Star people,12.97
Fall Out Boy,Get Busy Living Or Get Busy Dying (Do Your Part To Save The Scene And Stop Going To Shows),12.95
Giles Corey,Buried Above Ground,12.94
Weyes Blood,Wild Time,12.93
Ricky Montgomery,Dont Know How,12.93
Green Day,Sassafras Roots,12.93
Lingua Ignota,SEXLESS // NO SEX,12.92
Xiu Xiu,Mary Turner Mary Turner,12.92
Coldplay,Hymn for the Weekend,12.91
Earl Sweatshirt,Red Water,12.91
Lil Yachty,sAy sOMETHINg,12.9
King Gizzard & The Lizard Wizard,Witchcraft,12.89
Oneohtrix Point Never,Zebra,12.88
Lil Ugly Mane,Steelspittin(mp3codec Errorincluded),12.86
Surprise Chef,Bully Ball,12.85
Spiritualized,Stay with Me,12.84
Ed Sheeran,Best Part of Me (feat. YEBBA),12.83
Pale Waves,I Just Needed You,12.83
Leonard Cohen,Master Song,12.82
Kanye West,Junya,12.82
Stevie Wonder,Ordinary Pain,12.82
The Stone Roses,Fools Gold - Remastered Edit,12.82
Undo K From Hot,Get A Star,12.81
Amyl and The Sniffers,Motorbike Song,12.8
Surprise Chef,Sleep Dreams,12.8
BROCKHAMPTON,BUMP,12.8
Subhumans,Subvert City,12.8
Fall Out Boy,Dead on Arrival,12.79
Blur,Death of a Party - 2012 Remaster,12.79
Kamasi Washington,The Magnificent 7,12.78
Kanye West,Gone,12.77
Loyle Carner,in my mind,12.76
Bladee,desiree,12.76
Caroline Polachek,Pretty In Possible,12.75
DJ Rozwell,In the Dungeon,12.74
FKA twigs,Drums of Death,12.73
DJ Shadow,What Does Your Soul Look Like - Pt. 1 / Blue Sky Revisit,12.73
girl in red,summer depression,12.72
Red Hot Chili Peppers,Higher Ground - Remastered 2003,12.72
boygenius,Satanist,12.71
Nick Cave,Albuquerque,12.71
Oasis,Waiting For The Rapture,12.71
Nick Cave & The Bad Seeds,Far from Me - 2011 Remastered Version,12.7
Lorde,Royals,12.7
Pink Siifu,Runthafade,12.68
Lin-Manuel Miranda,Meet Me Inside,12.68
J Dilla,Airworks,12.67
Burial,Chemz,12.66
Nirvana,On A Plain,12.66
Childish Gambino,Algorhythm,12.66
Kim Jung Mi,Beautiful Rivers and Mountains,12.65
The Beatles,Run For Your Life - Remastered 2009,12.63
King Gizzard & The Lizard Wizard,Loyalty,12.63
Playboi Carti,Beno!,12.63
William Basinski,Melancholia XI,12.62
DJ Rozwell,UNTITLED,12.62
Arctic Monkeys,Arabella - Live,12.61
Miles Davis,Billy Preston,12.61
Rural Internet,die girl.,12.6
Kendrick Lamar,You Ain't Gotta Lie (Momma Said),12.59
King Gizzard & The Lizard Wizard,The Fourth Colour,12.59
Bladee,Special Place,12.58
DJ Rozwell,Aledecerre (Castles N Crypts),12.57
Ethel Cain,Gibson Girl,12.56
mxmtoon,temporary nothing,12.56
King Krule,Baby Blue,12.55
Standing On The Corner,Santa Maria (Dedicated to Chuchita),12.55
"Tyler, The Creator",RUNITUP (feat. Teezo Touchdown),12.55
Black Honey,I Like the Way You Die,12.55
A Tribe Called Quest,Buggin' Out,12.54
Yard Act,Rich,12.53
Indigo De Souza,Boys,12.53
Bladee,Rip,12.53
Nick Drake,Saturday Sun,12.52
Fiona Apple,Newspaper,12.52
José Feliciano,Feliz Navidad,12.52
Björk,Family,12.51
Undo K From Hot,Password Incest,12.51
Stevie Wonder,Ebony Eyes,12.51
Aphex Twin,#24,12.5
Undo K From Hot,Missing Information,12.5
Ricky Montgomery,Snow,12.48
Run The Jewels,Get It,12.48
Phoebe Bridgers,7 O'Clock News / Silent Night,12.48
Elvis Costello & The Attractions,"Radio, Radio - 2021 Remaster",12.48
Talking Heads,Burning Down the House (Live) - 2023 Remaster,12.47
Run The Jewels,Sea Legs,12.47
Ed Sheeran,Shape of You,12.47
A Town Called Panic,The Tall Grass,12.46
Lorde,Big Star,12.46
Subhumans,No More Gigs,12.44
The Beatles,The End - Remastered 2009,12.44
Tame Impala,'Cause I'm A Man,12.44
Home,Odyssey,12.43
underscores,You don't even know who I am,12.43
The Prodigy,Climbatize,12.42
WHATMORE,hit it,12.42
Arctic Monkeys,R U Mine? - Live,12.41
Pixies,U-Mass,12.4
Cocteau Twins,Frosty The Snowman,12.4
JPEGMAFIA,Valentine's Day Freestyle '25,12.39
Mach-Hommy,Folie Á Deux (feat. Westside Gunn & Keisha Plum),12.39
Mitski,Drunk Walk Home,12.39
Bassvictim,27a Pitfield St,12.38
Lingua Ignota,All Bitches Die (all Bitches Die Here),12.38
PUP,Free At Last,12.38
The Mothers Of Invention,Mom & Dad,12.38
The Magnetic Fields,The Luckiest Guy on the Lower East Side,12.38
Portishead,Glory Box - Live / Remastered 2023,12.37
Arctic Monkeys,Tranquility Base Hotel & Casino - Live,12.37
Bladee,OTHERSIDE (feat. Sickboyrari),12.36
TheFatRat,Xenogenesis,12.36
Mort Garson,Music to Soothe the Savage Snake Plant,12.36
Ethel Cain,Western Nights,12.35
セキトオ・シゲオ,マスカレード,12.35
The Weeknd,Loft Music,12.33
The Beatles,Sun King - Remastered 2009,12.33
Nick Cave & The Bad Seeds,Nobody's Baby Now - 2011 Remastered Version,12.32
Thundercat,A Fan's Mail (Tron Song Suite II),12.32
Ricky Montgomery,Cabo,12.31
Armand Hammer,Peppertree,12.31
Shawty Pimp,YOU BETTER RECOGNIZE (feat. Reddog),12.3
Green Day,Haushinka,12.3
Black Dresses,LEFT ARM OF LIFE,12.3
Kamasi Washington,Change of the Guard,12.29
King Gizzard & The Lizard Wizard,Melting,12.29
Lingua Ignota,PERPETUAL FLAME OF CENTRALIA,12.29
The Beatles,Please Please Me - Remastered 2009,12.28
t e l e p a t h テレパシー能力者,昇天,12.28
A Tribe Called Quest,Everything Is Fair,12.27
The Antlers,Green To Gold,12.27
The Weeknd,The Birds Pt. 2,12.27
King Gizzard & The Lizard Wizard,Dragon,12.27
Kero Kero Bonito,Dump,12.26
The Beatles,You're Going To Lose That Girl - Remastered 2009,12.26
Pale Waves,Fall to Pieces,12.26
carwash,punch22,12.26
Will Wood and the Tapeworms,Mr. Capgras Encounters a Secondhand Vanity: Tulpamancer's Prosopagnosia / Pareidolia (As Direct Result of Trauma to Fusiform Gyrus),12.25
1 800 PAIN,HURT,12.25
Gorillaz,DARE (feat. Shaun Ryder & Roses Gabor),12.25
Nirvana,Negative Creep,12.24
Playboi Carti,Punk Monk,12.24
Fontaines D.C.,Big,12.23
C418,Dog,12.23
Blur,Tracy Jacks - 2012 Remaster,12.22
Mid-Air Thief,Dirt,12.21
Kamasi Washington,Isabelle,12.21
Goth Lipstick,tarot card,12.2
Portishead,Strangers,12.2
Ricky Montgomery,Last Night,12.19
Machine Girl,Landi Burst 3,12.18
Ethel Cain,Casings,12.17
Tally Hall,Greener,12.16
Panchiko,Gwen Everest,12.16
Xori,going out,12.16
Playboi Carti,Vamp Anthem,12.15
Subhumans,Dying World,12.15
The Human League,Don't You Want Me,12.14
Westside Gunn,Connie's Son,12.14
BROCKHAMPTON,CASH,12.14
Pink Floyd,"Shine On You Crazy Diamond (Pts. 1-5) - 2019 Remix, Live",12.14
Paul McCartney,Uncle Albert / Admiral Halsey - Medley / 2012 Remaster,12.13
Arctic Monkeys,Do Me A Favour - Live,12.11
slowthai,Polaroid,12.09
Lingua Ignota,THE SOLITARY BRETHREN OF EPHRATA,12.09
Death Grips,Trash,12.09
Boney M.,Mary's Boy Child / Oh My Lord,12.09
Bladee,Victim,12.08
Jane Remover,Professional Vengeance,12.08
awakebutstillinbed,closer,12.08
Tom Waits,Blind Love,12.08
Bladee,Wings in Motion,12.08
Bladee,ONE SECOND (feat. Yung Lean),12.07
Lana Del Rey,Chemtrails Over The Country Club,12.07
Benny The Butcher,18 Wheeler (feat. Pusha T),12.07
Danny Brown,From The Ground,12.07
Stevie Wonder,Contusion,12.06
Death Grips,The Powers That B,12.06
Phoebe Bridgers,Smoke Signals,12.06
Dazey and the Scouts,Nice Nice,12.06
Machine Girl,Sad Claps,12.05
Freddie Gibbs,Palmolive (feat. Pusha T & Killer Mike),12.05
Arctic Monkeys,Crying Lightning - Live,12.05
Burial,Etched Headplate,12.04
Paramore,Interlude: Moving On,12.04
A$AP Rocky,PMW (All I Really Need) (feat. ScHoolboy Q),12.03
IDLES,Heel / Heal,12.03
John Coltrane,Spiral - Mono,12.03
Carissa's Wierd,You Should Be Hated Here,12.02
Scala & Kolacny Brothers,I Touch Myself,12.02
Pink Floyd,Goodbye Cruel World - 2011 Remastered Version,12.01
Kendrick Lamar,good kid,12.01
Viagra Boys,The Cognitive Trade-Off Hypothesis,12.0
Nirvana,Blew,12.0
Godspeed You! Black Emperor,First of the Last Glaciers,12.0
The Avalanches,Wherever You Go,11.99
Big Black,L Dopa,11.99
Lemon Demon,Soft Fuzzy Man,11.99
julie,skipping tiles,11.99
King Gizzard & The Lizard Wizard,Acarine,11.99
The Garden,Orange County Punk Rock Legend,11.98
Lil Ugly Mane,broken ladder,11.98
Will Wood,Tomcat Disposables,11.96
Pink Siifu,Suitcase Special,11.96
Godspeed You! Black Emperor,Fire at Static Valley,11.95
This Heat,S.P.Q.R.,11.95
Outkast,"So Fresh, So Clean",11.94
Portishead,Sour Times,11.94
Bladee,Innocent of All Things,11.94
digiTeto,Trap Queen,11.93
Ichiko Aoba,Porcelain,11.93
The Hotelier,Among the Wildflowers,11.92
Stevie Wonder,Village Ghetto Land,11.91
Kanye West,Heard 'Em Say,11.91
Benny The Butcher,5 to 50 (feat. India),11.91
Stevie Wonder,Easy Goin' Evening (My Mama's Call),11.9
Yves Tumor,Hope In Suffering (Escaping Oblivion & Overcoming Powerlessness),11.9
Kanye West,Highlights,11.9
RL Grime,Waiting,11.89
Reeve Carney,Epic III,11.89
Sufjan Stevens,Revelation II,11.89
Kanye West,FML,11.89
Phoebe Bridgers,Killer,11.89
Tfwamirite,だきしめたい,11.89
Stephen Sondheim,Johanna - Quartet,11.88
Rob McClure,"Ready Set, Not Yet",11.88
Arctic Monkeys,You Probably Couldn't See For The Lights But You Were Staring Straight At Me,11.88
Xiu Xiu,Pumpkin Attack on Mommy and Daddy,11.87
The Dresden Dolls,The Perfect Fit,11.86
The Chainsmokers,Something Just Like This,11.85
Armand Hammer,Wishing Bad,11.84
Arctic Monkeys,Star Treatment - Live,11.84
IDLES,Well Done,11.83
Gary Numan,Cars,11.83
Wu-Tang Clan,"C.R.E.A.M. (Cash Rules Everything Around Me) (feat. Method Man, Raekwon, Inspectah Deck & Buddha Monk)",11.83
Frances Ruffelle,On My Own,11.82
Sufjan Stevens,Reach Out,11.82
Daughters,The Reason They Hate Me,11.82
Run The Jewels,"No Save Point - From ""Cyberpunk 2077""",11.81
Benny The Butcher,Sunday School (feat. 38 Spesh & Jadakiss),11.8
Swans,Right Wrong,11.8
DJ Rozwell,Troll's Tower,11.8
Gorillaz,Plastic Beach (feat. Mick Jones and Paul Simonon),11.79
Bad Brains,Right Brigade,11.78
A$AP Rocky,Peso,11.78
Home Is Where,Long Distance Conjoined Twins,11.78
Ricky Montgomery,Get Used to It,11.77
J Dilla,Welcome To The Show,11.76
Les Rallizes Dénudés,Enter The Mirror,11.76
Radiohead,My Iron Lung,11.76
Ryo Fukui,Early Summer,11.74
CHANCE デラソウル,Still Trying,11.74
Blur,Ong Ong,11.73
Charli xcx,visions,11.73
David Bowie,It Ain't Easy - 2012 Remaster,11.73
Pale Waves,Tomorrow,11.72
My Chemical Romance,"It's Not a Fashion Statement, It's a Deathwish",11.71
Machine Girl,Crystalline Chute,11.7
Body Meat,Twigs,11.7
Neutral Milk Hotel,[untitled],11.69
Sufjan Stevens,Meditation X,11.68
Dean Blunt,HEAVY,11.67
Denzel Curry,If Tomorrow's Not Here,11.67
Charli xcx,Speed Drive (From Barbie The Album),11.67
John Coltrane,Cousin Mary - Mono,11.67
Bladee,RED CROSS,11.67
Ed Sheeran,Supermarket Flowers,11.66
glwzbll,Untitled #13,11.66
Aphex Twin,#23,11.64
Madvillain,Do Not Fire!,11.61
Paramore,Grow Up,11.61
KAYTRANADA,Culture (feat. Teedra Moses),11.6
Nick Cave & The Bad Seeds,Long Time Man - 2009 Remastered Version,11.6
Frank Ocean,Pretty Sweet,11.6
Matt Elliott,The Kursk,11.58
Jonathan Groff,I Know Him,11.57
Taylor Swift,mad woman,11.57
Ecco2k,Security!,11.57
Converge,Jane Doe,11.57
Sufjan Stevens,Revelation VIII,11.56
sunflwr,porco rosso,11.56
Kim Jung Mi,Lonely Heart,11.56
BROCKHAMPTON,NEW SHOES,11.56
Rural Internet,Chains,11.56
Shygirl,BDE (feat. slowthai),11.55
girl in red,say anything,11.54
Little Simz,Silhouette,11.54
Armand Hammer,Roaches Don't Fly,11.53
Arca,Intimate Flesh,11.52
Kanye West,Jesus Lord pt 2,11.51
Conway the Machine,Shoot Sideways,11.51
Hole,Malibu,11.5
Johnny Cash,"Greystone Chapel - Live at Folsom State Prison, Folsom, CA - January 1968",11.5
Rodríguez,Forget It,11.48
FKA twigs,careless (feat. daniel caesar),11.48
KAYTRANADA,Taste (feat. VanJess),11.48
Jordaan Mason,____ Is Water,11.47
Aphex Twin,Carn Marth,11.47
black midi,Marlene Dietrich,11.46
Sam Smith,Have Yourself A Merry Little Christmas,11.46
Will Wood and the Tapeworms,White Knuckle Jerk (Where Do You Get Off?),11.45
Davishmar,A Rose Blooms in Chaos,11.45
death's dynamic shroud,CD Factory / 드라마,11.45
Green Day,"Hitchin' a Ride - Live at Milton Keynes National Bowl, Milton Keynes, England, 6/18/05",11.44
Yung Lean,Starz2theRainbow,11.43
"Black Country, New Road",Track X,11.43
Leftovers,Verliebt,11.42
Thundercat,No More Lies,11.42
The Oozes,Swallow,11.41
Father John Misty,Birdie,11.41
Blur,Coffee & TV,11.41
Oingo Boingo,Perfect System,11.4
Arctic Monkeys,Fireside,11.4
Bladee,Anything,11.39
Oasis,Hey Now! - Remastered,11.39
Taylor Swift,"no body, no crime (feat. HAIM)",11.38
Playboi Carti,Control,11.37
X-Ray Spex,I Am a Poseur,11.37
KAYTRANADA,GOT IT GOOD,11.37
Fraxiom,scawy monstews and nice spwites :3,11.37
Beach House,Wildflower,11.35
The Beach Boys,I Get Around,11.35
Psychedelic Porn Crumpets,Glitter Bug,11.34
David Bowie,Moss Garden - 2017 Remaster,11.34
The Beatles,If I Fell - Remastered 2009,11.34
mxmtoon,no faker,11.33
Melanie La Barrie,Wait for Me,11.33
Squid,2010,11.32
The Caretaker,All you are going to want to do is get back there,11.31
Harmonia,Sehr komisch,11.31
"Tyler, The Creator",48,11.3
Monkey and the Permavirgins,How To Forget Yourself,11.3
Machine Girl,Devil Speak,11.3
boygenius,"Ketchum, ID",11.3
Bad Brains,Attitude,11.29
Amy Winehouse,Rehab,11.29
Bladee,Hero of My Story 3style3,11.29
Radiohead,In Limbo,11.29
The Streets,Geezers Need Excitement,11.29
BROCKHAMPTON,SWIM,11.28
The Velvet Underground,Jesus,11.28
Sufjan Stevens,Meditation IV,11.27
Oingo Boingo,Capitalism,11.26
Ewy,the hills,11.26
Lil Ugly Mane,clapping seal,11.25
Will Wood and the Tapeworms,-Ish,11.25
Pavement,Conduit For Sale!,11.25
Ichiko Aoba,ohayashi,11.25
Ethel Cain,August Underground,11.24
Avenade,Skydiving in the City,11.24
This Heat,Sleep,11.23
Father John Misty,When the God of Love Returns There'll Be Hell to Pay,11.22
Rural Internet,terror reid,11.21
Chappell Roan,My Kink Is Karma,11.21
Kamasi Washington,The Message,11.2
MF DOOM,Orris Root Powder,11.2
Fuck Buttons,Olympians,11.2
DATSKO,JAGERBOMB,11.18
Arctic Monkeys,Cornerstone - Live,11.18
James Ferraro,Ten Songs for Humanity,11.17
"Black Country, New Road",Instrumental,11.17
The Hotelier,Dendron,11.17
Zebra Katz,LICK IT N SPLIT,11.17
Kanye West,30 Hours,11.17
Jessie Ware,Remember Where You Are,11.15
Pink Floyd,Empty Spaces - 2011 Remastered Version,11.14
Arca,Muñecas,11.14
Cities Aviv,EXPRESS YOUR LOVE,11.13
Bruno Mars,Fly As Me,11.13
Pink Floyd,Vera - 2011 Remastered Version,11.12
Sufjan Stevens,Lady Macbeth In Chains,11.12
Playboi Carti,JumpOutTheHouse,11.12
Aabhi,solace,11.12
Nirvana,School,11.11
Westside Gunn,"Science Class (feat. Busta Rhymes, Raekwon, Ghostface Killah & Stove God Cooks)",11.11
JPEGMAFIA,Don't Put Anything On the Bible (feat. Buzzy Lee),11.11
Green Day,Brat,11.1
King Gizzard & The Lizard Wizard,Muddy Water,11.1
Arca,Skullqueen,11.1
The Voidz,Pink Ocean,11.1
Madvillain,Rhinestone Cowboy,11.09
PinkPantheress,Do You Miss Me?,11.09
Supergrass,Alright,11.08
Kanye West,Fade,11.07
Jane Remover,pretender,11.07
Lucy Dacus,I Don't Wanna Be Funny Anymore,11.07
Pink Siifu,melanin,11.07
black midi,Despair,11.06
Yung Lean,Nobody else,11.06
Nürnberg,Biessensoŭnasć,11.06
Green Day,Before the Lobotomy,11.06
Viagra Boys,Big Boy,11.06
Death Grips,Little Richard,11.05
Post Malone,Myself,11.05
The Flaming Lips,In the Morning of the Magicians,11.05
Leonard Cohen,Sisters of Mercy,11.04
Elton John,No Shoe Strings On Louise,11.04
My Chemical Romance,Our Lady of Sorrows,11.04
A$AP Rocky,LVL,11.02
Anne Hathaway,The Docks (Lovely Ladies),11.02
Reverend Kristin Michael Hayter,ALL OF MY FRIENDS ARE GOING TO HELL,11.0
Amber Gray,Livin' it Up on Top,10.99
Molchat Doma,Прогноз,10.99
Slauson Malone 1,I can make you feel free (see page 127),10.98
Green Day,Stuart and the Ave.,10.98
Pusha,The Story Of Adidon,10.97
Captain Beefheart & His Magic Band,Frownland,10.96
t e l e p a t h テレパシー能力者,あなたを残す,10.96
Lynks,Perfect Human Specimen,10.95
Viktor Vaughn,Vaudeville Villain,10.94
Burqa Boyz,أسلحة ضخ,10.93
Conway the Machine,Blakk Tape,10.93
The Presidents Of The United States Of America,Lump,10.93
Squid,Global Groove,10.93
Nine Inch Nails,Big Man With A Gun,10.93
Slauson Malone 1,"My feet's hurt ""I was a fugitive but then I realized there was nowhere I could run to"" (see page 110 and 113)",10.93
bootleg gizzard,Life Is Cool,10.92
Stevie Wonder,Knocks Me Off My Feet,10.92
Your Arms Are My Cocoon,Clifford the Big Red Stab Wound,10.92
Coldplay,Daylight,10.91
Swans,Trust Me,10.9
Mitski,Working for the Knife,10.9
boygenius,Me & My Dog,10.9
The Garden,Call The Dogs Out,10.9
2003 Toyota Corolla,2004 Toyota Corolla,10.9
Alexandra Burke,Hallelujah,10.89
NEIKED,I Just Called,10.89
The Garden,Voodoo Luck,10.89
Kanye West,Keep My Spirit Alive,10.88
Weyes Blood,Something to Believe,10.88
Aphex Twin,Next Heap With,10.87
awakebutstillinbed,fathers,10.87
Original West End Cast of Everybody's Talking About Jamie,And You Don't Even Know It,10.87
２８１４,テレパシー,10.86
JPEGMAFIA,"SICK, NERVOUS & BROKE!",10.85
Cavetown,Wishing Well,10.85
PlayaPhonk,PHONKY TOWN,10.84
The Weeknd,Life Of The Party,10.84
MF DOOM,Who You Think I Am?,10.84
Coldplay,Spies,10.83
Beyoncé,THIQUE,10.83
Charles Mingus,Open Letter To Duke,10.83
NotHere,timezones,10.82
Sufjan Stevens,Lamentation VI,10.82
Bad Brains,Pay to Cum,10.81
Westside Gunn,RIGHT NOW (feat. Stove God Cooks & Jadakiss),10.81
The Smashing Pumpkins,Mayonaise - 2011 Remaster,10.81
TV Girl,Safeword,10.8
Run The Jewels,Angel Duster,10.8
Brenda Lee,Rockin' Around The Christmas Tree - Single Version,10.79
Pink Floyd,Jugband Blues - 2011 Remaster,10.79
Tom Waits,Diamonds And Gold - 2023 Remaster,10.78
Tila Tsoli,Bimbo Doll,10.78
Elliott Smith,Wouldn't Mama Be Proud,10.77
Undo K From Hot,Empty AM,10.77
The Caretaker,A1 - It's just a burning memory,10.76
The Beatles,She Said She Said - Remastered 2009,10.76
Nine Inch Nails,The Hand That Feeds,10.75
100 gecs,745 sticky (Injury Reserve Remix),10.74
shame,6/1,10.73
Chappell Roan,Super Graphic Ultra Modern Girl,10.72
Yung Lean,All the things,10.72
Nirvana,Pennyroyal Tea - Live,10.72
Macabre Plaza,Abandoned Plaza,10.71
Stephanie D'Abruzzo,For Now,10.71
Radiohead,Fitter Happier,10.71
Swans,Animus,10.71
Gorillaz,One Percent,10.7
slowthai,45 SMOKE,10.69
Madlib,Road Of The Lonely Ones,10.69
Satanicpornocultshop,New Years' Snow,10.69
Jimi Hendrix,Long Hot Summer Night,10.69
The Weeknd,Same Old Song,10.67
Les Rallizes Dénudés,White Awakenning (Version 2),10.67
Wolfgang Amadeus Mozart,"Requiem, K. 626: III. Sequentia: f. Lacrimosa (Compl. Süssmayr, Orch. Beyer) - Live",10.67
Alex Brightman,Invisible (Reprise) / On the Roof,10.67
George Clanton,Tie Me Down,10.67
"Tyler, The Creator",Rusty (feat. Domo Genesis & Earl Sweatshirt),10.67
mxmtoon,lessons,10.66
Xiu Xiu,Get Up,10.66
Ken Carson,Me N My Kup,10.66
Quadeca,WAY TOO MANY FRIENDS,10.65
Aphex Twin,Logan Rock Witch,10.65
Sunny Day Real Estate,Seven - Remastered,10.64
Nick Cave & The Bad Seeds,From Her to Eternity,10.64
Death Grips,Anne Bonny,10.64
Eslabon Armado,Jugaste y Sufrí,10.63
mxmtoon,creep,10.63
Ewy,anguish,10.63
Burqa Boyz,جاف حدب,10.63
Arctic Monkeys,Brianstorm - Live,10.62
Acetantina,Five,10.61
Alex G,Crab,10.61
Father John Misty,We're Only People (And There's Not Much Anyone Can Do About That),10.61
LCD Soundsystem,No Love Lost,10.61
King Gizzard & The Lizard Wizard,Lava,10.61
RM,forever rain,10.6
Machine Girl,A Decent Man,10.6
DJ Shadow,Stem / Long Stem - Medley,10.6
King Gizzard & The Lizard Wizard,Gaia,10.6
JPEGMAFIA,Digital Blackface,10.59
Les Rallizes Dénudés,People Can Choose,10.59
Jeff Mangum,I Will Bury You in Time - Live,10.58
Kendrick Lamar,wacced out murals,10.58
DJ Rozwell,"Cave of Time, Pt. 3",10.58
Ethel Cain,Televangelism,10.58
CMAT,Take A Sexy Picture Of Me,10.58
Pink Siifu,Good Word,10.58
The Chainsmokers,Don't Let Me Down,10.56
John Tartaglia,Fantasies Come True,10.56
My Chemical Romance,Skylines and Turnstiles,10.56
Fleetwood Mac,Crystal,10.56
Michael Cera,Ruth,10.56
Boards of Canada,Olson,10.55
Massive Attack,Girl I Love You,10.54
Ricky Montgomery,California,10.53
Kraus,Bum,10.53
Hiroshi Yoshimura,GREEN,10.53
Green Day,American Eulogy: Mass Hysteria / Modern World,10.52
Lamp,ゆめうつつ,10.52
Matt Elliott,C. F. Bundy.,10.52
CHANCE デラソウル,Noise Ratio,10.52
Lorde,Dominoes,10.51
セキトオ・シゲオ,青い影,10.51
Cannonball Adderley,Waltz For Debby,10.51
２８１４,真実の恋,10.51
Bring Me The Horizon,Ludens,10.5
Bladee,5 Star Crest (4 Vattenrum),10.5
Paramore,When It Rains,10.5
Kanye West,Remote Control,10.48
Benny The Butcher,'97 Hov,10.48
glass beach,(rat castle),10.48
A$AP Rocky,WHISKEY (RELEASE ME) (feat. Gorillaz & Westside Gunn),10.48
Madvillain,Figaro (Instrumental),10.47
Swans,The Final Sacrifice,10.46
Sonic Youth,Wish Fulfillment,10.46
Talking Heads,Swamp,10.46
Pink Floyd,Wish You Were Here,10.45
Run The Jewels,A Christmas Fucking Miracle,10.45
The Stone Roses,Don't Stop - Remastered 2009,10.44
MGMT,Future Reflections,10.44
My Chemical Romance,SING,10.43
Father John Misty,Josh Tillman and the Accidental Dose,10.43
Amyl and The Sniffers,Hertz,10.43
Troye Sivan,Rush,10.42
Action Bronson,Actin Crazy,10.42
Ichiko Aoba,月の丘,10.41
Sigur Rós,Viðrar vel til loftárása,10.41
Khruangbin,B-Side,10.41
The Beach Boys,I Just Wasn't Made For These Times,10.41
Ewy,earth,10.4
Machine Girl,Freewill,10.4
Fugazi,Waiting Room,10.4
Home,Oort Cloud,10.39
Sleigh Bells,Crown On The Ground,10.39
Pavement,Two States,10.38
Lil Wayne,6 Foot 7 Foot,10.37
The Armed,BIG SHELL,10.37
billy woods,Remorseless,10.36
Will Wood and the Tapeworms,Dr. Sunshine Is Dead,10.36
Nirvana,Floyd The Barber,10.36
mishasgrave,1LuV,10.35
Tom Waits,Walking Spanish,10.35
Taron Egerton,Border Song,10.35
Arctic Monkeys,"If You Were There, Beware",10.35
Kid Trash,AWKWARD,10.34
Sufjan Stevens,"The Black Hawk War, Or, How to Demolish an Entire Civilization and Still Feel Good About Yourself In the Morning, Or, We Apologize for the Inconvenience But You're Going to Have to Leave Now, Or...",10.34
The Beatles,The Long And Winding Road - Remastered 2009,10.33
Slauson Malone 1,"Two Thousand Twelve, Outro (see page 202)",10.33
Frank Ocean,Solo (Reprise),10.33
Bruno Pernadas,Problem Number 6,10.31
Lorde,A World Alone,10.31
ABBA,Voulez-Vous,10.31
Steve Lacy,Helmet,10.3
Pink Floyd,Sheep,10.3
David Bowie,Station to Station - 2016 Remaster,10.3
Goth Lipstick,you go where i go,10.29
Quarter Rats,Daddy Never Understood,10.29
Edvard Grieg,"Lyric Pieces, Op. 57, Book VI: VI. Hjemve (Andante)",10.28
Arca,No Queda Nada,10.28
Arctic Monkeys,Red Light Indicates Doors Are Secured,10.27
Nick Cave & The Bad Seeds,Sad Waters - 2009 Remastered Version,10.27
Joy Division,Colony - 2020 Digital Master,10.27
clipping.,Run for Your Life,10.26
Herbie Hancock,Sly,10.26
"Tyler, The Creator",LEMONHEAD (feat. 42 Dugg),10.25
Ecco2k,Cc,10.24
Westside Gunn,Ultra GriZelda (feat. Denzel Curry),10.24
t e l e p a t h テレパシー能力者,あなたと一人で数分,10.24
The Avalanches,Music Is The Light,10.24
C418,Beginning,10.24
SOPHIE,Nothing More to Say - Dub,10.24
Pusha T,What Would Meek Do?,10.23
Ne-Yo,Closer,10.21
Pink Floyd,Outside The Wall - 2011 Remastered Version,10.2
Squeeze,Cool For Cats,10.19
BROCKHAMPTON,TEETH,10.19
Jaiton,nothing really matters,10.18
Mac Miller,Yeah - bonus,10.18
Skrillex,Scary Monsters and Nice Sprites - Zedd Remix,10.18
Arctic Monkeys,I Bet You Look Good On The Dancefloor - Live,10.17
Tame Impala,Apocalypse Dreams,10.16
JPEGMAFIA,THE BENDS! - OG MIX,10.16
The Beach Boys,Here Today,10.16
Lil Ugly Mane,human fly,10.16
Dean Blunt,ZaZa,10.16
Xiu Xiu,The Wrong Thing,10.16
Tame Impala,Love/Paranoia,10.15
Arctic Monkeys,One Point Perspective - Live,10.15
Black Noi$e,Mo(u)rning (feat. Earl Sweatshirt),10.15
Wolf Alice,How Can I Make It OK?,10.14
Tom Waits,Union Square,10.14
Kevin Abstract,American Boyfriend,10.13
Oasis,Guess God Thinks I'm Abel,10.13
Fishmans,ずっと前,10.12
JPEGMAFIA,i scream this in the mirror before i interact with anyone,10.11
Blur,Clover Over Dover - 2012 Remaster,10.11
Sufjan Stevens,It’s Your Own Body And Mind,10.11
Charli xcx,"Girl, so confusing featuring lorde",10.1
David Bowie,Ziggy Stardust - 2012 Remaster,10.09
"Johnny ""Hammond"" Smith",Can't We Smile?,10.09
Radiohead,Bones,10.09
The Avalanches,Running Red Lights,10.08
My Chemical Romance,The Only Hope for Me Is You,10.07
C418,Droopy Likes Your Face,10.06
Kanye West,Lord I Need You,10.06
Kanye West,Famous,10.06
Lin-Manuel Miranda,Stay Alive - Reprise,10.05
Rex Orange County,Never Had The Balls,10.05
Green Day,Last Ride In,10.04
DJ Rozwell,Spectral Dog,10.04
IDLES,Television,10.04
Clairo,Zinnias,10.04
TOKYOPILL,E t h e r e a l,10.03
Radiohead,Present Tense,10.03
Duster,Topical Solution,10.03
Cults,Bad Things,10.03
Subhumans,Killing,10.03
Distorted Pony,HOD,10.03
Grimes,Symphonia IX (My Wait Is U),10.03
"Slaughter Beach, Dog",Your Cat,10.02
Vince Staples,Crabs In A Bucket,9.99
slowthai,Rainbow,9.99
The Prodigy,Break & Enter,9.99
King Gizzard & The Lizard Wizard,The Silver Cord,9.99
Madvillain,Bistro,9.98
King Geedorah,Fazers,9.97
Public Image Ltd.,The Order Of Death - 2011 - Remaster,9.97
Elliott Smith,Strung Out Again,9.97
Oasis,Don't Look Back In Anger,9.97
Lemon Demon,I Earn My Life,9.97
Charles Mingus,Boogie Stop Shuffle,9.96
J Dilla,Waves,9.96
Swans,Mother of the World,9.95
Jackson August,ITS OVER (feat. Yoshi T.),9.95
The Dresden Dolls,The Jeep Song,9.94
Green Day,¡Viva La Gloria!,9.94
Pale Waves,Odd Ones Out,9.94
Elastica,Waking Up,9.94
The Hotelier,Life in Drag,9.92
A Tribe Called Quest,"Scenario (feat. Busta Rhymes, Dinco D & Charlie Brown) - LP Mix",9.92
Phillipa Soo,Schuyler Defeated,9.91
Mac Miller,Friends (feat. ScHoolboy Q),9.91
Sacha Baron Cohen,Master Of The House,9.91
Sufjan Stevens,Lamentation II,9.9
Muse,Hyper Music,9.9
Pale Waves,Who Am I?,9.89
The Alchemist,TV Dinners (feat. Boldy James & Sideshow),9.88
Yves Tumor,Tuck,9.87
Yves Tumor,Parody,9.87
Arctic Monkeys,Mardy Bum,9.87
The Microphones,"Horns From ""The Moon""",9.87
Will Joseph Cook,Be Around Me (feat. chloe moriondo),9.86
Lovejoy,Concrete,9.86
Lorde,Sober II (Melodrama),9.85
"Tyler, The Creator",St. Chroma,9.85
Bladee,TERRIBLE EXCELLENCE (feat. Yung Lean),9.85
Mid-Air Thief,Crumbling Together,9.85
WHATMORE,jenny's,9.84
King Gizzard & The Lizard Wizard,God Is Calling Me Back Home,9.84
KAYTRANADA,Feel A Way (feat. Don Toliver),9.84
Yves Tumor,Recognizing The Enemy,9.84
Cities Aviv,SIMULATION,9.84
Björk,Body Memory,9.83
Green Day,Know Your Enemy,9.83
Julien Baker,Sour Breath,9.82
Franz Ferdinand,Take Me Out,9.82
Venetian Snares,Hajnal,9.81
Bruno Mars,Blast Off,9.81
Oasis,A Bell Will Ring,9.8
Crawlers,So Tired,9.8
Nas,N.Y. State of Mind,9.8
Candy Claws,Pangaea Girls (Magic Feeling),9.8
John Frusciante,Mascara,9.8
A$AP Rocky,Palace,9.8
Nick Cave & The Bad Seeds,Stranger Than Kindness - 2009 Remastered Version,9.79
Death Grips,Turned Off,9.79
ESG,Moody,9.79
The Prodigy,Fuel My Fire,9.78
mxmtoon,almost home,9.77
JPEGMAFIA,My Thoughts On Neogaf Dying,9.77
Nia Archives,That's Tha Way Life Goes,9.76
Amyl and The Sniffers,Tiny Bikini,9.75
JPEGMAFIA,ROUGH 7,9.75
LCD Soundsystem,Time to Get Away,9.75
J Dilla,Lightworks,9.75
Harmonia,Deluxe (Immer weiter),9.74
Duster,Chocolate And Mint,9.74
John Coltrane,Giant Steps - 2020 Remaster,9.73
Boards of Canada,Sixtyten,9.73
Kanye West,New Again,9.73
Madlib,Loose Goose,9.72
Depeche Mode,Get the Balance Right!,9.72
Miles Davis,Ascenseur pour l'échafaud,9.72
Xiu Xiu,Amargi ve Moo,9.71
Car Seat Headrest,Souls,9.71
Laraaji,The Dance No. 2,9.71
Father John Misty,Funny Girl,9.71
Amyl and The Sniffers,It's Mine,9.71
Black Flag,Fix Me,9.7
The Caretaker,I feel as if I might be vanishing,9.7
Clairo,Little Changes,9.69
Boris,Introduction,9.69
Alex G,Animals,9.69
Arca,Sanctuary,9.68
The Avalanches,Gold Sky,9.68
Kamasi Washington,Will You Love Me Tomorrow,9.68
Pink Siifu,ensley,9.68
Rodríguez,Crucify Your Mind,9.66
t e l e p a t h テレパシー能力者,いつもそこに私のために,9.66
Broadcast,The Book Lovers,9.65
Limp Bizkit,My Way,9.65
Animal Collective,Brother Sport,9.65
Boards of Canada,Wildlife Analysis,9.64
The Orion Experience,The Queen of White Lies,9.64
The Microphones,My Warm Blood,9.63
King Gizzard & The Lizard Wizard,Set,9.63
Black Dresses,IM A FREAK CUZ IM ALWAYS FREAKED OUT,9.63
billy woods,Protoevangelium,9.63
Phoebe Bridgers,Scott Street,9.63
The Armed,BAD SELECTION,9.62
Madvillain,The Illest Villains,9.62
The Garden,Stallion,9.62
Tally Hall,Just Apathy,9.62
Kaizo Slumber,You Wouldn’t Download,9.61
Skepta,Man,9.61
The Beatles,Ticket To Ride - Remastered 2015,9.6
t e l e p a t h テレパシー能力者,永遠の愛,9.6
John Coltrane,Giant Steps - Mono,9.59
Will Wood,Falling Up,9.58
Radiohead,True Love Waits - Live in Oslo,9.58
Kamasi Washington,The Secret of Jinsinson,9.57
j1nabae,empathy,9.57
Slauson Malone 1,WON'T BLEED ME: The Sequel (see page 39),9.56
William Basinski,"Please, This Shit Has Got To Stop",9.56
Bladee,Trendy,9.56
Duster,Orbitron,9.55
King Gizzard & The Lizard Wizard,Short Change,9.55
MF DOOM,Guinnessez,9.54
WHATMORE,never let go,9.53
Joy Division,Twenty Four Hours - 2020 Digital Master,9.52
King Gizzard & The Lizard Wizard,Chang’e,9.52
Will Connolly,More Than Survive - Reprise,9.51
De La Soul,Me Myself and I,9.51
glass beach,bone skull,9.5
Bladee,Heaven Sings,9.5
TheFatRat,Time Lapse,9.5
Porter Robinson,Goodbye To A World,9.5
Green Day,The Static Age,9.5
Father John Misty,O I Long to Feel Your Arms Around Me,9.5
Jockstrap,Lancaster Court,9.5
The Voidz,ALieNNatioN,9.49
JAY-Z,4:44,9.48
Rick Lyon,The Money Song,9.48
death's dynamic shroud,ゲーム,9.48
billy woods,Wharves,9.48
Run The Jewels,never look back,9.47
Bladee,ONLY GOD IS MADE PERFECT,9.46
Grumpy Plum,Kia Soul,9.45
glass beach,calico,9.44
The Birthday Party,King Ink,9.44
Thaiboy Digital,Legendary Member,9.43
Grimes,Infinite Love Without Fulfilment,9.43
My Chemical Romance,Romance,9.43
DJ Rozwell,Black Knight,9.42
"Tyler, The Creator",Treehome95 (feat. Coco O. & Erykah Badu),9.42
Air,La femme d'argent,9.42
Father John Misty,Just Dumb Enough to Try,9.42
Shygirl,Come For Me,9.42
Black Hippy,Control (feat. Jay Electronica & Big Sean),9.42
Aphex Twin,#4,9.42
The Soul Superiors,Trust in Me Baby,9.41
Nick Cave & The Bad Seeds,The Weeping Song - 2010 Remastered Version,9.4
Kamasi Washington,Leroy and Lanisha,9.4
Optical Illusion,Stiga The Killer Cat,9.4
Lucy Dacus,Troublemaker Doppelgänger,9.4
Jane Remover,Holding a Leech,9.4
carwash,pretend,9.4
Cities Aviv,SATISFY YOUR SOUL,9.39
Sufjan Stevens,Celebration I,9.38
William Basinski,Punch and Judy,9.38
DJ Shadow,Napalm Brain / Scatter Brain - Medley,9.38
Crywank,Crywank Are Posers,9.37
The Beatles,She Came In Through The Bathroom Window - Remastered 2009,9.37
David Burt,Red & Black,9.36
Undo K From Hot,750 Dispel,9.36
Bladee,FUN FACT (feat. Yung Lean),9.36
The Hotelier,In Framing,9.36
The Decemberists,The Crane Wife 3,9.36
Sadness,Moments,9.35
Bladee,It Suxx,9.35
Clipse,Let God Sort Em Out/Chandeliers,9.35
Gil Scott-Heron,Gun,9.35
The Armed,WHERE MAN KNOWS WANT,9.34
Kendrick Lamar,untitled 03 | 05.28.2013.,9.34
The Beatles,Penny Lane - Remastered 2009,9.34
Frank Ocean,Good Guy,9.34
Pink Siifu,golds and smiles,9.34
Cities Aviv,TEARS (feat. Rimar),9.33
Fall Out Boy,Love From The Other Side,9.32
julie,flutter,9.32
Pale Waves,Change,9.31
Purple Mountains,"She’s Making Friends, I’m Turning Stranger",9.31
JPEGMAFIA,SUPER TUESDAY!,9.31
Mort Garson,Concerto for Philodendron & Pothos,9.3
Bladee,OKK,9.3
Nirvana,Big Cheese,9.3
Metallica,Master Of Puppets,9.3
Laraaji,The Dance No. 1,9.29
clipping.,He Dead,9.28
Sematary,Truey Jeans,9.28
Lil Ugly Mane,with iron & bleach & accidents,9.28
Chet Baker,But Not For Me - Vocal Version,9.27
Animal Collective,It's You,9.27
Westside Gunn,LE Djoliba (feat. Cartier William),9.27
DJ Rozwell,It Looked at Me,9.27
The Northern Boys,Party Time,9.27
Backxwash,IN THY HOLY NAME,9.26
Jessie Ware,The Kill,9.26
Will Wood,White Noise,9.26
Fishmans,幸せ者,9.26
Mort Garson,A Mellow Mood for Maidenhair,9.26
my bloody valentine,you made me realise,9.25
Nirvana,Jesus Doesn't Want Me For A Sunbeam - Live,9.25
Kanye West,I Thought About Killing You,9.25
Queen,Fat Bottomed Girls - Single Version / Remastered 2011,9.24
FKA twigs,ride the dragon,9.24
Chumbawamba,Tubthumping,9.24
Pink Siifu,outlet,9.23
The Weeknd,Alone Again,9.23
piri & tommy,99%,9.23
Loyle Carner,Florence,9.23
Giles Corey,Sleeping Heart,9.22
Jordaan Mason,(s)mother,9.22
Godspeed You! Black Emperor,Military Alphabet (five eyes all blind) [4521.0kHz 6730.0kHz 4109.09kHz],9.22
Justice,Stress,9.22
Will Wood,Euthanasia,9.22
Charles Mingus,Pussy Cat Dues,9.21
Subhumans,Nothing I Can Do,9.21
PinkPantheress,I Must Apologise,9.21
Amyl and The Sniffers,Security,9.21
The Beatles,Come Together - Remastered 2015,9.21
BADBADNOTGOOD,This Must Be the Place (Naive Melody),9.21
Have A Nice Life,Woe Unto Us,9.2
Joy Division,Interzone - 2007 Remaster,9.2
slowthai,DEAD,9.2
Arctic Monkeys,Why'd You Only Call Me When You're High? - Live,9.2
Kanye West,Breathe In Breathe Out,9.2
Lana Del Rey,A&W,9.18
Beyoncé,BREAK MY SOUL,9.18
Little Simz,Speed,9.18
Pink Siifu,Richard Pryor,9.18
Aphex Twin,I,9.17
Lemon Demon,Redesign Your Logo (Bonus Track),9.17
LCD Soundsystem,One Touch,9.17
DJ Shadow,The Number Song,9.16
Men I Trust,Show Me How,9.16
Herbie Hancock,Vein Melter,9.16
KMD,Trial 'N' Error,9.16
Courteeners,Not Nineteen Forever,9.15
Pleasure,Future Now,9.15
Talk Talk,The Rainbow - 1997 Remaster,9.15
A Town Called Panic,Kingdom Come,9.15
Lil Ugly Mane,discard,9.15
Burial,Dolphinz,9.15
wilt,puberty,9.14
Wilson Pickett,Don't Let the Green Grass Fool You,9.14
Michael Bublé,Christmas (Baby Please Come Home),9.14
Joy Division,Wilderness - 2007 Remaster,9.14
mxmtoon,bon iver,9.14
Genesis Owusu,Drown,9.14
Vince Staples,THE SHINING,9.14
２８１４,我愛你,9.14
Pale Waves,Easy,9.13
Michael Jackson,It's the Falling in Love,9.12
The Garden,No Destination,9.12
The Avalanches,Little Journey,9.11
セキトオ・シゲオ,ファニー,9.11
The Prodigy,Narayan,9.11
A Town Called Panic,.Walking to Sky.,9.11
Armand Hammer,God's Feet,9.11
Machine Girl,Fortress Destroyer,9.11
Madvillain,Fancy Clown (Instrumental),9.11
Father John Misty,Smoochie,9.1
Jungle,All Of The Time,9.1
Bruno Mars,That's What I Like,9.1
Father John Misty,The Palace,9.1
Panic! At The Disco,New Perspective,9.09
Ornette Coleman,Peace,9.08
The Jesus and Mary Chain,Never Understand,9.07
Vince Staples,TAKE ME HOME,9.07
Westside Gunn,Gunnlib,9.07
"Tyler, The Creator","OKAGA, CA (feat. Alice Smith, Leon Ware & Clem Creevy)",9.07
Kanye West,Donda,9.06
Sufjan Stevens,Meditation V,9.05
Lil Ugly Mane,Nasty Awful Rappers,9.05
A$AP Rocky,HELICOPTER,9.05
Brian Eno,Shadow - Remastered 2004,9.04
Aphex Twin,Cow Cud Is A Twin,9.04
MF DOOM,Vomitspit,9.04
Chet Baker,There Will Never Be Another You - Vocal Version,9.03
Katlyn Carlson,Do You Wanna Hang?,9.03
Portishead,The Rip,9.03
Oneohtrix Point Never,Remember,9.03
Quadeca,THAT'S WHY,9.03
Pusha T,Diet Coke,9.03
Nia Archives,"No Need 2 Be Sorry, Call Me? (ft. Maverick Sabre)",9.03
MASS OF THE FERMENTING DREGS,"She is inside, He is outside",9.02
King Gizzard & The Lizard Wizard,Barefoot Desert,9.02
EsDeeKid,LV Sandals,9.01
Lorde,White Teeth Teens,9.01
Lana Del Rey,Sad Girl,9.0
Cities Aviv,VISIONS OF US,9.0
Pavement,Loretta's Scars,9.0
Weatherday,Porcelain Hands,9.0
Jimi Hendrix,Gypsy Eyes,9.0
Arca,Rubberneck,8.99
Burial,Endorphin,8.99
Grimes,Eight,8.99
Father John Misty,True Affection,8.99
mxmtoon,used to you,8.99
DJ Rozwell,Friend Simulator Explained,8.99
Imagine Dragons,Thunder,8.99
･－･ ･－ ･･･ ･ －･･,･－･･ ･ － ･･ － －－･ －－－,8.98
King Gizzard & The Lizard Wizard,I'm in Your Mind Fuzz,8.98
Richard O'Brien,Science Fiction / Double Feature,8.98
Oasis,Sad Song - Remastered,8.97
Jackson August,FAMOUS,8.96
Nick Cave & The Bad Seeds,The Hammer Song - 2010 Remastered Version,8.96
BROCKHAMPTON,SUNNY,8.96
Brave Little Abacus,The Blah Blah Blahs,8.95
Ewy,i hate i hate i hate,8.95
King Krule,Cellular,8.95
DJ Rozwell,"Cave of Time, Pt. 2",8.95
Sidney Gish,Sin Triangle,8.95
Vundabar,Chop,8.95
Kendrick Lamar,tv off (feat. lefty gunplay),8.94
Hiroshi Yoshimura,FEEL,8.94
Chet Baker,I've Never Been In Love Before - Vocal Version,8.93
King Gizzard & The Lizard Wizard,Intrasport,8.93
Xiu Xiu,Scisssssssors,8.93
The Dresden Dolls,Truce,8.92
Taylor Swift,Nothing New (feat. Phoebe Bridgers) (Taylor’s Version) (From The Vault),8.92
"Tyler, The Creator",WILSHIRE,8.91
Father John Misty,I Went To The Store One Day,8.91
NANORAY,Sequential Dreambox,8.91
The Dresden Dolls,Gravity,8.9
The Weeknd,Twenty Eight,8.9
Pavement,Here,8.9
Kamasi Washington,Ooh Child,8.9
Pink Siifu,pops tired,8.89
Rachel Bay Jones,So Big / So Small,8.89
Swans,Avatar,8.88
This Heat,Triumph,8.88
Bladee,No Life Left,8.87
Bladee,Swan Lake,8.87
The Garden,Make a Wish,8.87
"Tyler, The Creator","Enjoy Right Now, Today",8.86
Depeche Mode,Enjoy the Silence,8.86
Sam Austins,Seasons,8.86
Animal Collective,Banshee Beat,8.85
Everything But The Girl,I Don't Understand Anything,8.85
Westside Gunn,"The Fly who couldn't Fly straight (feat. Tyler, The Creator)",8.84
HUNNY,July,8.84
Freddie Gibbs,"Piñata (feat. Domo Genesis, G-Wiz, Casey Veggies, Sulaiman, Meechy Darko, Mac Miller)",8.84
Ludwig Göransson,Destroyer Of Worlds,8.84
Kanye West,Diamonds From Sierra Leone - Remix,8.83
Yves Tumor,Meteora Blues,8.83
FKA twigs,Room of Fools,8.83
Yoshi T.,THE WHITNEY Remix (feat. Norah’s World & Meyhem Lauren),8.82
Kristofer Maddigan,Die House,8.82
Arctic Monkeys,The View From The Afternoon - Live,8.82
Psychedelic Porn Crumpets,Hats off to the Green Bins,8.81
Taron Egerton,Rock And Roll Madonna - Interlude,8.81
DJ Rozwell,Slush Country Sightings,8.81
Lady Gaga,Judas,8.81
The Prodigy,Their Law,8.8
Ed Sheeran,I Don't Care (with Justin Bieber),8.8
Grimes,Skin,8.8
JPEGMAFIA,living single,8.8
Kanye West,Bring Me Down,8.8
Chappell Roan,Pink Pony Club,8.8
Coldplay,Adventure of a Lifetime,8.79
Vundabar,Oulala,8.79
The Microphones,The Mansion,8.79
Bruno Mars,Skate,8.79
Gustavo Cerati,Puente,8.78
Gorillaz,New Genius (Brother),8.77
Kamasi Washington,Miss Understanding,8.77
"Tyler, The Creator","Darling, I (feat. Teezo Touchdown)",8.77
JPEGMAFIA,REBOUND!,8.75
Jessie Mueller,Opening Up,8.75
Wolf Alice,Lipstick On The Glass,8.74
Rex Orange County,Laser Lights,8.74
Buzzcocks,Ever Fallen in Love (With Someone You Shouldn't've?) - 1996 Remastered Version,8.74
Tooth Cemetery,western union,8.73
Kanye West,We Can Make It Better,8.73
Ichiko Aoba,夜明けのジュリアの谷の噴水,8.72
Chet Baker,My Ideal,8.72
slowthai,PLAY WITH FIRE,8.72
Nirvana,Dumb - Live,8.72
Run The Jewels,Call Ticketron,8.71
Genesis Owusu,Black Dogs!,8.7
Uboa,An Angel of Great and Terrible Light,8.7
King Gizzard & The Lizard Wizard,I Am Not a Man Unless I Have A Woman,8.7
Ed Sheeran,Feels (feat. Young Thug & J Hus),8.68
The Flaming Lips,Fight Test,8.68
Grimes,Be A Body,8.68
MF DOOM,Kon Karne,8.68
Kamasi Washington,Malcolm’s Theme,8.68
COBRAH,GOOD PUSS,8.67
JPEGMAFIA,Whole Foods,8.67
Lovejoy,Model Buses,8.67
Sufjan Stevens,Cimmerian Shade,8.67
My Chemical Romance,DESTROYA,8.66
Armand Hammer,Squeegee,8.66
Stevie Wonder,I Wish,8.66
Pinegrove,Angelina,8.65
Pavement,Trigger Cut/Wounded-Kite At :17,8.65
C418,Chris,8.65
Kendrick Lamar,HiiiPower,8.64
"Tyler, The Creator",Awkward,8.64
DJ Rozwell,NAPEDETCON,8.63
Nick Cave & The Bad Seeds,Black Hair - 2011 Remastered Version,8.62
Pixies,Space (I Believe In),8.62
Will Wood,Willard!,8.62
Lou Reed,Walk On the Wild Side,8.62
Charli xcx,enemy,8.61
Run The Jewels,Panther Like a Panther (Miracle Mix) [feat. Trina],8.61
Pink Floyd,Run Like Hell - Live,8.61
King Gizzard & The Lizard Wizard,Elbow,8.61
Pretty Sick,Self Fulfilling Prophecy,8.6
Beach House,10:37,8.6
Les Rallizes Dénudés,The Night Collectors,8.6
Oasis,Bring It On Down - Remastered,8.59
Sufjan Stevens,Lamentation X,8.58
Sufjan Stevens,Back To Oz,8.58
Lil Ugly Mane,Lean Got Me Fucked Up,8.58
Lil Nas X,TALES OF DOMINICA,8.57
Bladee,Close,8.57
Danny Brown,Copycats,8.57
"Tyler, The Creator",KEEP DA O'S (feat. Pharrell Williams & Coco O.),8.57
Arctic Monkeys,Balaclava,8.57
Armand Hammer,Stonefruit,8.57
Black Flag,Wasted,8.56
Elton John,The Greatest Discovery,8.56
Bladee,Feel Like,8.56
Bladee,Decay,8.55
Arctic Monkeys,She Looks Like Fun - Live,8.55
Run The Jewels,Love Again (Akinyele Back),8.54
Cities Aviv,WHITE (2012),8.53
Wolf Alice,The Beach,8.53
Tame Impala,Past Life,8.53
Little Simz,Standing Ovation,8.53
Pink Siifu,on god,8.53
Bladee,Let's Ride,8.53
Stevie Wonder,Summer Soft,8.52
Gorillaz,Re-Hash,8.52
Tame Impala,Sundown Syndrome,8.5
Lady Gaga,Government Hooker,8.5
Dean Blunt,PUNK,8.5
Westside Gunn,Free Kutter (feat. Jay Electronica),8.49
Nirvana,Come As You Are - Live,8.49
Cities Aviv,REMYND (feat. Maria Minerva),8.48
David Bowie,Hang on to Yourself - 2012 Remaster,8.48
ALIENVERT,DEMONS,8.48
Monkey and the Permavirgins,Ghost,8.48
Meat Loaf,Paradise By the Dashboard Light,8.47
Will Wood,Cicada Days,8.46
Sir Chloe,Animal,8.46
Massive Attack,(Exchange),8.45
dexter in the newsagent,A While Now,8.45
PinkPantheress,Reason,8.45
Björk,Atom Dance,8.45
Pixies,Planet of Sound,8.44
Lucille Bogan,Shave 'Em Dry II,8.43
Arctic Monkeys,Mad Sounds,8.43
Magdalena Bay,Secrets (Your Fire),8.42
The Garden,:(,8.42
Lady Gaga,Heavy Metal Lover,8.42
Ethel Cain,Family Tree (Intro),8.42
The Smiths,This Charming Man - 2011 Remaster,8.42
Elliott Smith,L.A.,8.42
Charli xcx,Femmebot (feat. Dorian Electra and Mykki Blanco),8.42
Talking Heads,The Great Curve - 2005 Remaster,8.4
⣎⡇ꉺლ༽இ•̛)ྀ◞ ༎ຶ ༽ৣৢ؞ৢ؞ؖ ꉺლ,()vȯ)) ̷̨ʅ(۝ʅ(Ɵʅ():::()̵̳̗̊(Ɵʅ()vȯ)) ̷̨ʅ,8.4
Lemon Demon,Man-Made Object,8.39
Aphex Twin,54 Cymru Beats,8.39
Thundercat,Lost In Space / Great Scott / 22-26,8.39
"Hey, Ily",Projection Joins the Battle!,8.38
awakebutstillinbed,leave,8.37
Panic! At The Disco,Nearly Witches (Ever Since We Met...),8.37
Lil Ugly Mane,into a life,8.37
Earl Sweatshirt,The Bends,8.37
Alex G,Cross the Sea,8.36
The Weeknd,Gone,8.36
Funk Inc.,Just Don't Mean A Thing,8.35
Sematary,World's A Fuck,8.35
Sufjan Stevens,Revelation VII,8.35
Arca,Andro,8.35
Westside Gunn,Big AL (feat. Rome Streetz),8.34
Backxwash,WAIL OF THE BANSHEE,8.34
Gorillaz,Silent Running (feat. Adeleye Omotayo),8.34
Elton John,Amy,8.34
John C. Reilly,Mister Cellophane,8.33
The Beatles,Everybody's Got Something To Hide Except Me And My Monkey - Remastered 2009,8.33
Machine Girl,C_MGRL,8.32
Darlene Love,Christmas (Baby Please Come Home),8.32
Nirvana,Something In The Way - Live,8.32
DJ Rozwell,"Burgerworth, Pt. 1",8.31
DJ Rozwell,Break Yourself (You Can't Defeat Me),8.31
Nujabes,Thank you (feat. Apani B),8.31
A$AP Rocky,Praise The Lord (Da Shine) (feat. Skepta),8.31
Sufjan Stevens,The Seer's Tower,8.3
Nick Cave & The Bad Seeds,Your Funeral My Trial - 2009 Remastered Version,8.3
Tom Waits,Dirt In The Ground - 2023 Remaster,8.3
Blur,Trouble in the Message Centre - 2012 Remaster,8.3
A$AP Rocky,WHISKEY (RELEASE ME),8.3
Prince,Temptation,8.3
Kanye West,Moon,8.3
AWOLNATION,Sail,8.3
Zebra Katz,LOUSY,8.29
Run The Jewels,Thieves! (Screamed the Ghost) [feat. Tunde Adebimpe],8.28
P!nk,Blow Me (One Last Kiss),8.28
Wine Lips,Eyes,8.28
Blur,To the End - 2012 Remaster,8.28
Nine Inch Nails,The Downward Spiral,8.28
Machine Girl,Nine Minutes and Forty Three Seconds,8.27
The Kinnardlys,Catalog Girls,8.27
Sigur Rós,Ný batterí,8.27
The Avalanches,Interstellar Love,8.27
Barry Bostwick,Dammit Janet,8.26
The Smiths,There Is a Light That Never Goes Out - 2011 Remaster,8.26
underscores,"Shoot to kill, kill your darlings",8.26
JPEGMAFIA,Germs,8.26
Sufjan Stevens,Meditation III,8.25
The Weeknd,Montreal,8.25
Kamasi Washington,Cherokee,8.24
Body Meat,Stand By,8.24
desert sand feels warm at night,津波,8.23
Your Arms Are My Cocoon,Foster Nosferatu,8.22
Yoshi T.,WHY WAIT? (feat. Cisco Swank),8.22
Gorillaz Extra,Do Ya Thing!,8.22
Original West End Cast of Everybody's Talking About Jamie,The Wall in My Head,8.22
Vegyn,Debold,8.21
Xiu Xiu,A Real Indication,8.21
Charles Mingus,Fables of Faubus,8.21
The Beatles,Yesterday - Remastered 2015,8.21
"Tyler, The Creator",HOT WIND BLOWS (feat. Lil Wayne),8.21
Tim Buckley,Song to the Siren - Take 7,8.2
Sigur Rós,Ágætis byrjun,8.2
Oasis,Champagne Supernova,8.19
Will Wood and the Tapeworms,Self-,8.19
Kendrick Lamar,Real,8.19
Oingo Boingo,What You See,8.19
Swans,Blackout,8.19
Genesis Owusu,Same Thing,8.19
The Avalanches,Always Black,8.18
Rory Gallagher,Bad Penny,8.18
Kimiko Glenn,When He Sees Me,8.18
Bladee,Wett (Water2),8.18
Sigur Rós,Olsen olsen,8.18
MF DOOM,The Mic,8.17
The Voidz,Wink,8.17
Queen,Sweet Lady - Remastered 2011,8.17
Sufjan Stevens,Incantation III,8.16
Zaydoreon,pom four,8.16
Dalton,Soul Brother,8.16
System Of A Down,Chop Suey!,8.15
Slowdive,Altogether,8.15
Nourished by Time,9 2 5,8.14
Loyle Carner,HGU,8.14
King Gizzard & The Lizard Wizard,Evilest Man,8.13
Home,Native,8.13
Death Grips,World Of Dogs,8.13
Psychedelic Porn Crumpets,The Terrors,8.12
KAYTRANADA,Gray Area (feat. Mick Jenkins),8.12
JPEGMAFIA,OG!,8.12
Freddie Gibbs,Scottie Beam,8.12
Jane Remover,Experimental Skin,8.12
Susan Sarandon,Over at the Frankenstein Place,8.11
Paramore,Born for This,8.11
The Beatles,And Your Bird Can Sing - Remastered 2009,8.1
Lorde,Still Sane,8.1
Green Day,Stuck with Me,8.1
Home,Half Moon,8.1
Leonard Cohen,Suzanne,8.09
Portishead,Pedestal,8.09
King Gizzard & The Lizard Wizard,Down the Sink,8.09
Jane Remover,Census Designated,8.09
Terrorfakt,Welcome To Hell,8.09
Daniel Romano,The Long Mirror Of Time,8.08
TV Girl,Summer 2000 Baby,8.08
Lightning Bolt,2 Towers,8.08
Tom Waits,Downtown Train,8.08
The Beatles,Girl - Remastered 2009,8.07
Arctic Monkeys,Pretty Visitors - Live,8.06
Tom Waits,9th & Hennepin,8.06
Khruangbin,Doris,8.06
"Black Country, New Road",The Big Spin,8.06
Wolf Alice,Safe From Heartbreak (if you never fall in love),8.06
Candy Claws,Fell in Love (At the Water),8.06
Rihanna,Consideration,8.05
Magdalena Bay,Hysterical Us,8.05
VAPERROR,Start Up,8.05
Lucy Dacus,VBS,8.05
Fergie,London Bridge,8.04
SALEM,Starfall,8.04
Big Black,Precious Thing,8.04
Bladee,Fake News,8.03
bdrmm,Happy,8.03
Home,Tides,8.03
Converge,Hell to Pay,8.02
Elliott Smith,The White Lady Loves You More,8.02
"Tyler, The Creator",Hey Jane,8.01
Muse,Starlight,8.01
BROCKHAMPTON,WHERE THE CASH AT,8.0
t e l e p a t h テレパシー能力者,永遠に夢,8.0
Bon Jovi,You Give Love A Bad Name,7.99
Nia Archives,Tell Me What It’s Like?,7.99
Mikito P,ロキ,7.99
Grimes,Colour of Moonlight (Antiochus),7.99
Snail Mail,"Tonight, Tonight",7.99
Nujabes,flowers,7.99
Blood Orange,Chamakay,7.98
Johnny Cash,"The Long Black Veil - Live at Folsom State Prison, Folsom, CA (1st Show) - January 1968",7.98
Earl Sweatshirt,Huey,7.98
MF DOOM,Untitled A.K.A. Change the Beat (Bonus Track),7.98
Twinkle Park,Portrait in the Manor,7.97
AL-90,Forefeeling,7.97
SIX,Haus of Holbein,7.97
The Velvet Underground,The Murder Mystery,7.97
The Beatles,Dig A Pony - Remastered 2009,7.96
IDLES,King Snake,7.96
"Tyler, The Creator",LUMBERJACK,7.96
Denzel Curry,HIT THE FLOOR (with Ski Mask The Slump God),7.96
Travis Scott,Wasted (feat. Juicy J),7.95
Purple Mountains,Margaritas at the Mall,7.95
Danny Brown,Dance In The Water,7.95
Swans,Song for a Warrior,7.95
Radiohead,Desert Island Disk,7.95
The Beatles,I've Got A Feeling - Remastered 2009,7.95
Earl Sweatshirt,Chum,7.95
Taylor Swift,Look What You Made Me Do,7.94
Grimes,Nightmusic,7.94
Viktor Vaughn,Lactose and Lecithin,7.94
SOPHIE,Berlin Nightmare (feat. Evita Manji),7.94
Queens of the Stone Age,Goodbye Yellow Brick Road,7.94
The Stone Roses,This Is the One - Remastered 2009,7.93
Green Day,Jaded,7.93
Talking Heads,Once in a Lifetime,7.93
Run The Jewels,Crown,7.93
Coldplay,WE PRAY,7.93
Lil Ugly Mane,On Doing an Evil Deed Blues,7.92
Sloppy Jane,Claw Machine,7.92
Baby Keem,hooligan,7.92
The Weeknd,Too Late,7.91
Wolf Alice,The Beach II,7.91
The Voidz,We're Where We Were,7.91
Funkadelic,Super Stupid,7.9
Black Flag,Six Pack,7.9
Ichiko Aoba,Sagu Palm's Song,7.9
billy woods,Asylum,7.89
Travis Scott,I Can Tell,7.89
Mort Garson,You Don't Have to Walk a Begonia,7.89
The Fratellis,Baby Fratelli,7.89
Standing On The Corner,Dedicated to Nunu,7.89
Lingua Ignota,I AM THE BEAST,7.89
Parannoul,Swamp,7.89
DJ Shadow,Organ Donor,7.89
Father John Misty,The Songwriter,7.88
Sematary,Funeral,7.88
awakebutstillinbed,stumble,7.88
ABBA,Dancing Queen,7.88
black midi,Hogwash and Balderdash,7.88
Brave Little Abacus,Untitled (Cont.),7.88
slowthai,Dead Leaves,7.87
Reverend Kristin Michael Hayter,IDUMEA,7.87
Yung Lean,Lips,7.87
MGMT,Mother Nature,7.86
Steve Lacy,Basement Jack,7.86
A$AP Rocky,Hell (feat. Santigold),7.86
Gorillaz,Latin Simone (Que Pasa Contigo),7.86
Sewerslvt,Mr. Kill Myself,7.86
Paramore,Future,7.86
slowthai,CANCELLED (feat. Skepta),7.86
Crywank,Do You Have Ppe for Self-Esteem?,7.85
Oingo Boingo,Elevator Man,7.85
Swans,Empathy,7.85
Lovesliescrushing,babysbreath,7.84
KAYTRANADA,Scared To Death,7.84
Sigur Rós,Flugufrelsarinn,7.84
The B-52's,Rock Lobster,7.84
Boards of Canada,Turquoise Hexagon Sun,7.84
Arctic Monkeys,Don't Sit Down 'Cause I've Moved Your Chair - Live,7.84
Paramore,Crave,7.83
Dreamgirl,Teenage Blue,7.83
Genesis Owusu,Gold Chains,7.83
Swans,The Beautiful Days,7.83
Kanye West,We Major,7.83
Charli xcx,Lipgloss (feat. CupcakKe),7.83
A$AP Rocky,Pain (feat. OverDoz.),7.82
Vince Staples,SUNDOWN TOWN,7.82
Type O Negative,I Don't Wanna Be Me,7.82
Lil Ugly Mane,bird enemy car,7.82
Aphex Twin,Mookid,7.82
Shania Twain,Man! I Feel Like A Woman!,7.82
Sufjan Stevens,Meditation VII,7.81
Yves Tumor,Purified By the Fire,7.81
Stevie Wonder,Ngiculela-Es Una Historia-I Am Singing,7.8
Charli xcx,Apple,7.8
Nick Cave & The Bad Seeds,Ain't Gonna Rain Anymore - 2011 Remastered Version,7.8
King Gizzard & The Lizard Wizard,Phantom Island,7.79
Amber Gray,Charming,7.79
Loving,Visions,7.79
Phoebe Bridgers,Demi Moore,7.78
Clipse,M.T.B.T.T.F.,7.78
Swans,YRP,7.78
Jean-Michel Jarre,"Oxygene, Pt. 2",7.77
Julien Baker,Rejoice,7.77
Travis Scott,ASTROTHUNDER,7.76
A Tribe Called Quest,Melatonin (feat. Marsha Ambrosius & Yebba),7.76
Cities Aviv,FLEX YOUR GOLD,7.75
The Prodigy,Omen,7.75
Pink Siifu,proud/pray,7.75
Kim Gordon,I Don't Miss My Mind,7.75
Little Simz,"Little Q, Pt. 2",7.75
Kamasi Washington,The Rhythm Changes,7.75
M83,"On a White Lake, Near a Green Mountain",7.74
Yves Tumor,Identity Trade,7.74
Alex G,Adam,7.73
Ryo Fukui,Willow Weep For Me,7.72
Xxtarlit⚸,untitled,7.72
Madvillain,Accordian (Instrumental),7.71
Mitski,Everyone,7.7
Queen,Who Wants To Live Forever - Remastered 2011,7.7
Will Wood,Becoming the Lastnames,7.7
Cage The Elephant,Take It Or Leave It,7.69
Ethel Cain,Perverts,7.69
Jean-Michel Jarre,"Oxygene, Pt. 1",7.69
Run The Jewels,the ground below (feat. Royal Blood) - Royal Jewels Mix,7.69
Madvillain,Raid (Instrumental),7.68
J Dilla,Anti-American Graffiti,7.68
JPEGMAFIA,BODYGUARD!,7.68
Ecco2k,Sugar & Diesel,7.68
Jimi Hendrix,Crosstown Traffic,7.66
Oingo Boingo,On The Outside,7.66
Pink Floyd,The Great Gig In The Sky - Delicate Sound Of Thunder Remix; 2020 Edit; Live,7.66
Death Grips,Say Hey Kid,7.66
Daniel Caesar,Get You (feat. Kali Uchis),7.66
Pink Siifu,praise god,7.66
King Gizzard & The Lizard Wizard,O.N.E.,7.66
Thundercat,Overseas,7.66
Spiritualized,Electricity,7.66
NF,Let You Down,7.65
Mac Miller,It Just Doesn’t Matter,7.65
"Tyler, The Creator",MASSA,7.65
Stephen Sondheim,Epiphany,7.65
David Bowie,Let's Dance - 2018 Remaster,7.65
Johann Sebastian Bach,"Cello Suite No. 1 in G Major, BWV 1007: I. Prélude",7.64
Pink Siifu,Open up Shop,7.64
Pink Siifu,Time Up,7.64
Travis Scott,YOSEMITE,7.64
Jimi Hendrix,"Rainy Day, Dream Away",7.63
The Beach Boys,All I Wanna Do,7.63
Brave Little Abacus,It's Not What You Think It Is,7.63
Xiu Xiu,Jenny GoGo,7.63
Gorillaz,Pirate Jet,7.62
Spiritualized,Broken Heart,7.62
The 2020 Les Misérables Staged Concert Company,Prologue / Look Down - Live,7.62
Mid-Air Thief,These Chains,7.61
Run The Jewels,Stay Gold,7.61
Cage The Elephant,Telescope,7.61
Sufjan Stevens,Celebration VII,7.6
Queen,'39 - Remastered 2011,7.6
Childish Gambino,Little Foot Big Foot (feat. Young Nudy),7.6
MUNA,Promise,7.6
Kilo Kish,CHOICE COWBOY,7.6
Death Grips,Bass Rattle Stars Out The Sky,7.59
Charli xcx,i finally understand,7.59
Have A Nice Life,Wizard of the Black Hundreds,7.59
Zebra Katz,ISH,7.59
Playboi Carti,Choppa Won't Miss (feat. Young Thug),7.59
The Beatles,Polythene Pam - Remastered 2009,7.58
Pet Shop Boys,West End Girls,7.58
LSD and the Search for God,Without You,7.58
Ichiko Aoba,Chi no Kaze,7.58
Candy Claws,Birth of the Flower (Seagreen),7.57
IDLES,1049 Gotho,7.57
Freddie Gibbs,Bomb (feat. Raekwon),7.57
CHANCE デラソウル,Just For You,7.57
Quadeca,CASPER (with Maruja),7.57
Arctic Monkeys,Riot Van,7.57
Arctic Monkeys,Still Take You Home,7.57
mxmtoon,my way,7.56
Bad Brains,Don't Need It,7.56
The Velvet Underground,Oh! Sweet Nuthin' - 2015 Remaster,7.56
"Tyler, The Creator",WOLF,7.56
Nine Inch Nails,That's What I Get,7.56
carwash,supermarket,7.55
Beyoncé,16 CARRIAGES,7.55
The Beatles,Piggies - Remastered 2009,7.55
Keala Settle,The Negative,7.55
Father John Misty,Two Wildly Different Perspectives,7.54
The Weeknd,XO / The Host,7.54
BROCKHAMPTON,THUG LIFE,7.54
Freddie Gibbs,Alexys,7.54
Kamasi Washington,Henrietta Our Hero,7.54
Reverend Kristin Michael Hayter,THE POOR WAYFARING STRANGER,7.54
Death Grips,Linda's In Custody,7.53
Sematary,Forest Fire,7.53
Harmonia,Ahoi,7.53
PUP,Sibling Rivalry,7.53
Sufjan Stevens,Meditation I,7.53
Bladee,PARANOIA INTRO,7.53
Little Simz,Miss Understood,7.52
Ice Cube,Gangsta's Fairytale 2,7.52
FKA twigs,oh my love,7.52
Magdalena Bay,"Fear, Sex",7.52
King Gizzard & The Lizard Wizard,The Last Oasis,7.52
ThxSoMch,SPIT IN MY FACE!,7.52
Swans,Screen Shot,7.51
Anri,Good Bye Boogie Dance,7.51
Cocteau Twins,"Those Eyes, That Mouth",7.51
The Beatles,Doctor Robert - Remastered 2009,7.51
MASS OF THE FERMENTING DREGS,ゼロコンマ、色とりどりの世界,7.51
Xiu Xiu,The Grifters,7.5
Slauson Malone 1,"Closed Place, Open World",7.5
Pink Floyd,Nothing Part 14,7.5
Wayne Shorter,Footprints - Remastered,7.5
Kanye West,My Way Home,7.49
David Bowie,'Tis a Pity She Was a Whore,7.49
Radiohead,We Suck Young Blood,7.49
Nirvana,On A Plain - Live,7.49
Lorde,Leader of a New Regime,7.49
Death Grips,Fuck That,7.49
Ecco2k,Time,7.48
Pink Floyd,On the Run,7.48
SPELLLING,Boys at School,7.48
Aphex Twin,#13,7.47
Sufjan Stevens,Meditation II,7.47
King Gizzard & The Lizard Wizard,30 Past 7,7.46
The Kooks,Naive,7.46
George Clanton,Dumb,7.46
Tally Hall,Two Wuv,7.45
Lady Gaga,Killah (feat. Gesaffelstein),7.45
Lil Ugly Mane,Forever I B Stangin',7.45
Sweet Trip,Eave Foolery Mill Five,7.45
Freddie Gibbs,Knicks,7.45
Aphex Twin,"pretend analog extmix 2b,e2,ru [Manchester 20.09.2019]",7.44
Panchiko,Portraits,7.44
Floating Points,Movement 8,7.44
Shinichi Atobe,Fleeting_637,7.44
✝✝✝ (Crosses),Bitches Brew,7.44
The Garden,X in the Dirt,7.43
Pink Floyd,Pigs on the Wing 1,7.42
Earl Sweatshirt,Mantra,7.42
Brian Eno,Unfamiliar Wind (Leeks Hills) - Remastered 2004,7.42
Jerskin Fendrix,Manhattan,7.42
The Hotelier,The Scope of All of This Rebuilding,7.42
JPEGMAFIA,LAST DANCE!,7.41
Queen,I'm In Love With My Car - Remastered 2011,7.41
Xiu Xiu,Forget,7.41
Arctic Monkeys,From The Ritz To The Rubble - Live,7.41
Madlib,The New Normal,7.41
Lingua Ignota,SPITE ALONE HOLDS ME ALOFT,7.4
Swans,I Love You This Much,7.4
Sufjan Stevens,Celebration VIII,7.4
VAPERROR,Like Water,7.4
Thurston Moore,Heroin,7.4
PIPER,I've Got A Feeling,7.4
Mindless Self Indulgence,Stupid MF,7.4
Rizzle Kicks,Skip To The Good Bit,7.4
Fiona Apple,Cosmonauts,7.4
Bladee,Oh Well,7.39
The Beatles,One After 909 - Remastered 2009,7.39
セキトオ・シゲオ,ザ・ワード I,7.39
Ed Sheeran,I Don't Want Your Money (feat. H.E.R.),7.39
Black Flag,TV Party,7.39
Playboi Carti,Place,7.39
Lin-Manuel Miranda,"96,000",7.38
DJ Rozwell,You're Fucked,7.38
underscores,Second hand embarrassment,7.37
Aphex Twin,#18,7.37
Lady Gaga,Aura,7.37
Viktor Vaughn,G.M.C.,7.37
Oasis,The Importance Of Being Idle,7.36
Frank Ocean,Be Yourself,7.35
Dave,Clash (feat. Stormzy),7.35
Gorillaz,Tarantula,7.35
Death Grips,Government Plates,7.35
Paramore,We Are Broken,7.35
Benny The Butcher,New Streets,7.34
Chuck Sutton,Only One,7.34
Arca,Lethargy,7.33
AshZone,World Is Mine,7.33
Standing On The Corner,The Monkey on Your Back,7.33
King Gizzard & The Lizard Wizard,Tetrachromacy,7.33
Gorillaz,The Manifesto (feat. Trueno and Proof),7.33
Gwen Stefani,Bubble Pop Electric,7.33
Utro,Сон Вещий,7.32
IDLES,Stockholm Syndrome,7.32
Sufjan Stevens,Lamentation VIII,7.31
Pink Siifu,Clean,7.31
Avenade,Dear Misery,7.3
Earl Sweatshirt,Fire in the Hole,7.3
Aphex Twin,#21,7.3
A Tribe Called Quest,Check the Rhime,7.29
Oasis,Columbia - Sawmills Outtake,7.29
JPEGMAFIA,Williamsburg,7.29
King Gizzard & The Lizard Wizard,Dusk to Dawn on Lygon Street,7.29
Prince,Controversy,7.28
The Koreatown Oddity,Weed in LA,7.28
The Beatles,Why Don't We Do It In The Road? - Remastered 2009,7.28
Fishmans,Oh Slime - Live,7.28
William Basinski,Transfiguration,7.28
jschlatt,Let it Snow! Let it Snow! Let it Snow!,7.27
Screamin' Jay Hawkins,I Put a Spell On You,7.27
Nirvana,Plateau - Live,7.27
Queens of the Stone Age,I Sat by the Ocean - Live Acoustic,7.27
Spiritualized,Shine a Light,7.27
Sigur Rós,Hjartað hamast (bamm bamm bamm),7.26
Blur,Magic America - 2012 Remaster,7.26
streety,WORLDS A FUCK,7.26
Pyotr Ilyich Tchaikovsky,"Variations On A Rococo Theme, Op. 33, TH.57: Tema: Moderato semplice",7.26
King Gizzard & The Lizard Wizard,Cyboogie,7.26
Johnny Cash,"25 Minutes to Go - Live at Folsom State Prison, Folsom, CA (1st Show) - January 1968",7.26
The Fratellis,Henrietta,7.25
Matt Elliott,The Guilty Party,7.25
Swans,A Little God in My Hands,7.24
Death Grips,Stockton,7.24
Ty Dolla $ign,"Ego Death (feat. Kanye West, FKA twigs & Skrillex)",7.24
clipping.,Say the Name,7.24
Alex G,Kute,7.24
Kanye West,Waves,7.23
Hiroshi Yoshimura,TEEVEE,7.22
King Gizzard & The Lizard Wizard,Le Risque,7.22
Bladee,The Silent Boy Cries (Ripsquadd Outro),7.22
Mitski,Should've Been Me,7.21
Everything But The Girl,Troubled Mind,7.21
Bing Crosby,Winter Wonderland - Remastered 2006,7.21
The Mountain Goats,The Best Ever Death Metal Band in Denton,7.2
Machine Girl,Missy Punk,7.2
Ecco2k,Fruit Bleed Juice,7.2
The Jackson 5,Santa Claus Is Coming To Town,7.2
Phyllis Hyman,You Know How to Love Me,7.2
Alex G,Black Hair,7.19
Bladee,The Void,7.19
MF DOOM,Lemon Grass,7.18
Kero Kero Bonito,Well Rested,7.18
Reverend Kristin Michael Hayter,I WILL BE WITH YOU ALWAYS,7.17
2003 Toyota Corolla,2003 Toyota Corolla,7.17
"Tyler, The Creator",Droppin' Seeds (feat. Lil' Wayne),7.17
Weatherday,Cut Lips,7.17
Weatherday,Sleep in While You're Doing Your Best,7.17
MGMT,All We Ever Wanted Was Everything,7.16
Hugh Jackman,Look Down,7.16
PIPER,Hot Sand,7.16
Lamp,冷ややかな情景,7.16
David Bowie,Soul Love - 2012 Remaster,7.14
Lil Ugly Mane,beach harness,7.13
Vince Staples,LAW OF AVERAGES,7.13
Lil Ugly Mane,Mona Lisa Overdrive,7.13
Dorothy,Wicked Ones,7.13
Zaydoreon,pom one,7.12
underscores,Dry land 2001,7.12
Smoke City,Underwater Love,7.12
Alvvays,Easy On Your Own?,7.12
The Weeknd,The Zone,7.11
Future,Mask Off,7.11
John Coltrane,Syeeda's Song Flute - 2020 Remaster,7.1
The Hellp,Ether,7.1
Ichiko Aoba,みなしごの雨,7.1
Galt MacDermot,Coffee Cold,7.1
Xiu Xiu,Ice Cream Truck,7.1
Lingua Ignota,IF THE POISON WON'T TAKE YOU MY DOGS WILL,7.1
Duran Duran,Girls on Film - 2010 Remaster,7.1
John Coltrane,Syeeda's Song Flute - Mono,7.09
Flume,High Beams,7.09
Talking Heads,Making Flippy Floppy,7.09
Sufjan Stevens,Murder And Crime,7.09
Eva Noblezada,Flowers,7.09
Playboi Carti,Teen X (feat. Future),7.09
Injury Reserve,Girl With the Gold Wrist,7.09
The Hellp,Caustic,7.08
William Basinski,Silent Spring,7.08
Drop Nineteens,Winona,7.08
Fleshwater,Kiss the Ladder,7.08
Body Meat,My Brother Orchestral,7.07
Rex Orange County,Stressed Out,7.07
Subhumans,Ashtray Dirt,7.06
KAYTRANADA,At All,7.06
Mac Miller,Grand Finale,7.06
Alex G,"End Song - from ""We're All Going to the World's Fair"" Soundtrack",7.06
Harmonia,Dino,7.06
Joy Division,Warsaw - 2010 Remaster,7.06
Bladee,Exstasia,7.05
Kanye West,Ok Ok,7.05
Paramore,Miracle,7.05
Cities Aviv,IDRANKUPALLTHECLOUDS (feat. RPLDGHSTS),7.05
Bad Suns,Patience,7.05
Armand Hammer,Chicharonnes,7.05
Travis Scott,Flying High (feat. Toro y Moi),7.05
MF DOOM,Fig Leaf Bi-Carbonate,7.04
Sufjan Stevens,Lamentation IX,7.04
Lovejoy,Perfume,7.04
鈴木 弘,シュリンプ・ダンス,7.04
Beyoncé,VIRGO'S GROOVE,7.03
Arctic Monkeys,Old Yellow Bricks,7.03
Denzel Curry,BLACK BALLOONS | 13LACK 13ALLOONZ [FEAT. TWELVE'LEN & GOLDLINK | TWELVE'LEN + GOLDL1NK],7.03
Gorillaz,19-2000,7.02
Panchiko,Think That's Too Wise,7.02
KFC Murder Chicks,Lawnmower Man,7.02
CHANCE デラソウル,What You Feel,7.02
Queen,Good Company - Remastered 2011,7.02
Doechii,Persuasive (with SZA),7.01
Lingua Ignota,AGNUS DEI,7.01
Lou Reed,Xmas in February,7.01
LCD Soundsystem,Somebody's Calling Me,7.01
BROCKHAMPTON,BANKROLL (feat. A$AP Rocky & A$AP Ferg),7.0
Doja Cat,Need to Know,7.0
Björk,Losss,7.0
Stevie Wonder,Pastime Paradise,7.0
CHANCE デラソウル,Hello Future Funk,7.0
Pixies,All Over the World,7.0
Duster,Operations,7.0
Prince,P. Control,6.99
Ed Sheeran,Put It All on Me (feat. Ella Mai),6.99
Sinéad O'Connor,Drink Before the War,6.99
DDK,The Assembly,6.98
Avicii,Levels - Skrillex Remix,6.98
Joy Division,The Eternal - 2020 Digital Master,6.98
セキトオ・シゲオ,処女航海,6.98
JPEGMAFIA,DAM! DAM! DAM!,6.97
Mark Ronson,Valerie (feat. Amy Winehouse) - Version Revisited,6.97
Björk,The Gate,6.97
St. Vincent,Waiting On A Wave,6.97
Lush,For Love,6.97
セキトオ・シゲオ,あまい囁き,6.97
Hiroshi Yoshimura,SLEEP,6.96
Sleigh Bells,Treats,6.96
King Gizzard & The Lizard Wizard,Sketches of Brunswick East II,6.96
Kanye West,Yikes,6.96
Lorde,What Was That,6.96
Phoebe Bridgers,You Missed My Heart,6.96
Radiohead,Faust Arp,6.95
Talk Talk,Desire - 1997 Remaster,6.95
glass beach,soft!!!!!!,6.95
Bladee,Apple,6.95
mxmtoon,ok on your own (feat. Carly Rae Jepsen),6.94
Little Simz,Pressure,6.94
Pink Siifu,birmingham skies,6.94
MGMT,Nothing Changes,6.94
Oneohtrix Point Never,Power of Persuasion,6.93
Earl Sweatshirt,Eclipse,6.93
Miles Davis,"Spanish Key (feat. Wayne Shorter, Bennie Maupin, John McLaughlin, Chick Corea, Joe Zawinul, Dave Holland & Harvey Brooks)",6.93
A Tribe Called Quest,Rap Promoter,6.93
King Geedorah,Anti-Matter,6.93
underscores,Music,6.93
JPEGMAFIA,THE GHOST OF RANKING DREAD!,6.92
Body Meat,This is Something,6.92
La Dispute,King Park,6.92
Oasis,D'You Know What I Mean?,6.91
Fleetwood Mac,Second Hand News - 2004 Remaster,6.91
Wayne Shorter,Infant Eyes - Remastered1998/Rudy Van Gelder Edition,6.9
Paramore,Hallelujah,6.89
Paramore,Stop This Song (Love Sick Melody),6.88
Julien Baker,Blacktop,6.88
Green Day,Reject,6.88
Taron Egerton,Pinball Wizard - Interlude,6.88
Taron Egerton,Goodbye Yellow Brick Road,6.88
That Handsome Devil,Savages,6.88
Alvvays,Tom Verlaine,6.88
The Beatles,Wild Honey Pie - Remastered 2009,6.88
Subhumans,Zyklon-B-Movie,6.87
Nirvana,Oh Me - Live,6.87
JPEGMAFIA,New Black History (feat. Vince Staples),6.87
Ornette Coleman,Focus on Sanity,6.86
Pink Floyd,Any Colour You Like,6.85
Acetantina,Lonely Network,6.85
Rick James,Super Freak,6.85
Jim Legxacy,3x,6.85
Bears In Trees,It Gets Better,6.85
JPEGMAFIA,"KISSY, FACE EMOJI!",6.85
Yard Act,Witness (Can I Get A?),6.84
Playboi Carti,Location,6.84
Peach Pit,Alrighty Aphrodite,6.84
Otoboke Beaver,Don't light my fire,6.84
Blur,Lonesome Street,6.83
Animal Collective,Kinda Bonkers,6.83
Playboi Carti,TOXIC (with Skepta),6.83
For Your Health,Disarmament,6.83
Mitski,Heat Lightning,6.83
Nirvana,Sliver,6.82
Dean Blunt,COUNTRY,6.82
The The,Uncertain Smile,6.82
Elvis Presley,Burning Love,6.81
Fishmans,新しい人,6.81
Nine Inch Nails,The Great Destroyer,6.81
Stevie Wonder,If It's Magic,6.81
HUNNY,Televised,6.81
A Beacon School,JCult,6.8
Sigur Rós,Starálfur,6.8
Doechii,Alter Ego (with JT),6.8
Jessie Ware,Save A Kiss,6.8
Carrie Underwood,Before He Cheats,6.8
CHANCE デラソウル,Love Went Wrong,6.8
Ornette Coleman,Congeniality,6.8
Charli xcx,Break the Rules,6.8
A$AP Rocky,STOLE YA FLOW,6.8
Fishmans,すばらしくてNICE CHOICE,6.79
Kamasi Washington,My Friend Of Misery,6.79
bôa,Duvet,6.79
Harry Styles,Kiwi,6.78
Bladee,Doorman,6.78
Hiroshi Yoshimura,STREET,6.78
Madvillain,Fancy Clown (feat. Viktor Vaughn),6.77
HUNNY,Vowels (and the Importance of Being Me),6.77
DJ Koze,Muddy Funster,6.77
Vince Staples,Big Fish,6.77
Magdalena Bay,Vampire in the Corner,6.77
JPEGMAFIA,HERMANOS,6.77
Sun's Signature,Underwater,6.76
"Tyler, The Creator",I'll Take Care of You,6.76
Massive Attack,Protection,6.76
J Dilla,Stop,6.76
JPEGMAFIA,THIS ONES FOR US!,6.76
Deerhunter,Agoraphobia,6.75
Bring Me The Horizon,Throne,6.75
The Garden,Stylish Spit,6.75
Nine Inch Nails,Something I Can Never Have,6.75
Yves Tumor,Economy of Freedom,6.75
Sufjan Stevens,Incantation VIII,6.75
Boards of Canada,Rue The Whirl,6.74
Clipse,So Far Ahead,6.74
KAYTRANADA,Still (feat. Charlotte Day Wilson),6.74
Nightbus,Landslide,6.73
Weatherday,Embarrassing Paintings (Agatha Showed Great Initiative in Art Class This Week),6.73
Sufjan Stevens,Olympus,6.73
Talk Talk,Wealth - 1997 Remaster,6.73
Neil Diamond,Sweet Caroline,6.72
Joy Division,Day of the Lords - 2019 Digital Master,6.72
Brave Little Abacus,"Please Don't Cry, They Stopped Hours Ago",6.72
Earl Sweatshirt,Old Friend,6.72
David Bowie,Lady Stardust - 2012 Remaster,6.71
Death Grips,Death Grips 2.0,6.71
Playboi Carti,FlatBed Freestyle,6.71
Xori,luminous,6.7
mxmtoon,wallflower,6.7
Tame Impala,Nangs,6.69
Deafheaven,Irresistible,6.69
Rawt,Tell Us What You Think!,6.69
SPIRIT OF THE BEEHIVE,I SUCK THE DEVIL’S COCK,6.68
Paramore,Fences,6.68
They Might Be Giants,Nothing's Gonna Change My Clothes,6.68
DJ Sabrina The Teenage DJ,Charmed,6.68
Paramore,Let the Flames Begin,6.67
Goth Lipstick,rural churches,6.67
Yves Tumor,Asteroid Blues,6.67
Gryphon,Sir Gavin Grimbold,6.67
Galaxie 500,Strange,6.67
SZA,Forgiveless (feat. Ol' Dirty Bastard),6.66
Gwen Stefani,Hollaback Girl,6.66
King Gizzard & The Lizard Wizard,Most of What I Like,6.66
Dismemberment Plan,A Life of Possibilities,6.65
Phoebe Bridgers,Waiting Room,6.65
JPEGMAFIA,KELTEC!,6.65
Sleep Token,The Summoning,6.65
black midi,Speedway,6.65
Sweet Trip,Polar Equals,6.65
NCT 127,Favorite (Vampire),6.65
Japanese Breakfast,Posing For Cars,6.65
Kid Trash,SUPERBAD,6.65
Sufjan Stevens,The Pillar Of Souls,6.64
Björk,Mouth Mantra,6.63
BROCKHAMPTON,BERLIN,6.63
Chet Baker,My Buddy - Vocal Version,6.63
Injury Reserve,Eeny Meeny Miny Moe,6.63
Odd Future,Oldie,6.62
Daniel Romano,Between The Blades Of Grass,6.62
Kim Gordon,Psychedelic Orgasm,6.62
Stephanie D'Abruzzo,I Wish I Could Go Back to College,6.61
King Gizzard & The Lizard Wizard,D-Day,6.61
Death Grips,Artificial Death In The West,6.61
Loyle Carner,about time,6.61
The Streets,Who Got the Funk?,6.61
Airiel,Shirley Temple Tidal Wave,6.6
Earl Sweatshirt,Faucet,6.6
Hailu Mergia,Wede Harer Guzo,6.6
Kamasi Washington,My Family,6.59
Clairo,Partridge,6.59
Clairo,Joanie,6.59
Weatherday,Painted Girl's Theme,6.58
Lingua Ignota,SORROW! SORROW! SORROW!,6.58
A$AP Rocky,Goldie,6.58
awakebutstillinbed,interlude,6.58
Talk Talk,Eden - 1997 Remaster,6.58
Nick Cave & The Bad Seeds,Wild God,6.58
King Gizzard & The Lizard Wizard,Theia - Extended Mix,6.58
Sufjan Stevens,Incantation V,6.58
Dean Blunt,WOOSAH,6.58
Loyle Carner,Yesterday,6.58
Lingua Ignota,BUTCHER OF THE WORLD,6.57
Ryo Fukui,I Want To Talk About You,6.57
Broadcast,Come On Let's Go,6.57
Jockstrap,Yellow In Green,6.57
Sleigh Bells,Riot Rhythm,6.57
Broken Social Scene,Lover's Spit,6.56
"Tyler, The Creator",BEST INTEREST,6.56
A$AP Rocky,Bass,6.56
Sufjan Stevens,Seven Swans,6.56
Dreamwell,Modern Grotesque,6.55
Nirvana,Polly - Live,6.55
Ichiko Aoba,Easter Lily,6.54
Bee Gees,More Than A Woman,6.54
Blur,The Debt Collector - 2012 Remaster,6.54
Yabujin,BAROQUE,6.53
Kamasi Washington,Final Thought,6.53
Joy Division,Decades - 2020 Digital Master,6.53
Grumpy Plum,Happy Trees,6.52
The Antlers,Solstice,6.52
Pavement,Our Singer,6.52
DJ Rozwell,Yet Evermore,6.52
cLOUDDEAD,Apt. A (1),6.52
Lil Nas X,AM I DREAMING (feat. Miley Cyrus),6.52
Better Oblivion Community Center,Dylan Thomas,6.52
"Tyler, The Creator",Cowboy,6.51
awakebutstillinbed,mirror,6.51
St. Vincent,Live In The Dream,6.51
David Bowie,Sue (Or In a Season of Crime),6.51
Parannoul,The Light Side of the Eyes,6.51
Taron Egerton,Don't Go Breaking My Heart - Interlude,6.5
Future,Mask Off - Marshmello Remix,6.5
Westside Gunn,VEERT,6.5
Rex Orange County,ONE IN A MILLION,6.5
セキトオ・シゲオ,ラプソディー & ブルース,6.5
Baby Keem,BULLIES,6.49
Young Fathers,Rice,6.49
Ewy,"too strong, too weak, never perfect",6.49
King Gizzard & The Lizard Wizard,Ontology,6.49
Andy Stott,Faith in Strangers,6.49
Lil Ugly Mane,swell,6.48
Caroline Polachek,Bunny Is A Rider,6.48
chloe moriondo,Bugbear,6.48
Boris,Ano Onna No Onryou,6.48
Kendrick Lamar,Ronald Reagan Era,6.48
Paul McCartney,Temporary Secretary - Remastered 2011,6.48
King Gizzard & The Lizard Wizard,Searching…,6.47
Janelle Monáe,Make Me Feel,6.47
Chuck Sutton,Chess Bling,6.47
King Woman,Psychic Wound,6.47
Sweet Trip,Snow Purple Treasures,6.47
King Gizzard & The Lizard Wizard,Sketches of Brunswick East I,6.47
Pink Siifu,peace god,6.47
The Jesus and Mary Chain,Inside Me,6.47
Nia Archives,Crowded Roomz,6.47
Skrillex,Real Spring,6.46
JPEGMAFIA,it's dark and hell is hot,6.46
shame,Harsh Degrees,6.46
Kendrick Lamar,"Bitch, Don’t Kill My Vibe - Remix",6.46
"Black Country, New Road",For the Cold Country,6.46
Freddie Gibbs,Scarface,6.46
Avenade,"Just Smile and Wave, Boys",6.46
The Music Tapes,J'Attendrai,6.45
Nussy Andrews,Lankton Doll,6.45
Big Black,Fish Fry,6.45
Daniel Johnston,I Am a Baby (In My Universe),6.45
DJ Snake,Let Me Love You - Marshmello Remix,6.45
Alvvays,Next of Kin,6.45
Alon Mor,Echoes Follow,6.45
BROCKHAMPTON,SOMETHING ABOUT HIM,6.45
Mac Miller,Thumbalina,6.44
A Town Called Panic,We Will Dance as the Sun Implodes,6.44
Daniel Romano,There Is Beauty In The Vibrant Form,6.44
Xiu Xiu,One Hundred Years,6.44
Playboi Carti,Love Hurts (feat. Travis Scott),6.44
Leonard Cohen,Teachers,6.43
Earl Sweatshirt,Veins,6.43
"Black Country, New Road",Two Horses,6.43
beabadoobee,the way things go,6.42
They Might Be Giants,Don't Let's Start,6.42
Taylor Swift,cardigan,6.41
Death Grips,Whammy,6.41
JPEGMAFIA,Where Ya Get Ya Coke From?,6.4
Nirvana,Swap Meet,6.4
Broadcast,Echo's Answer,6.4
Amyl and The Sniffers,Big Dreams,6.4
Jessie Ware,In Your Eyes,6.4
Alex G,People,6.4
Charles Mingus,Bird Calls,6.4
Lingua Ignota,MAY FAILURE BE YOUR NOOSE,6.4
Anne Hathaway,"I Dreamed A Dream - From ""Les Misérables""",6.39
MF DOOM,Burdock Root,6.39
Childish Gambino,Les,6.38
Daniel Romano,Have You Arrival,6.37
Bears In Trees,Ramblings of a Lunatic,6.37
Green Day,Coming Clean,6.37
Oasis,Fade In-Out - Remastered,6.37
Paramore,crushcrushcrush,6.36
The Beatles,Get Back - Remastered 2009,6.36
Yung Lean,Ginseng Strip 2002,6.36
Marshmello,Ritual (feat. Wrabel),6.36
"Tyler, The Creator",Domo23,6.36
Acid Minerale,Seminar,6.36
Cavetown,Sharpener,6.35
Burial,Untrue,6.35
Zaydoreon,pom five,6.35
The Dresden Dolls,Bad Habit,6.35
Johnny Cash,We'll Meet Again,6.34
Pink Siifu,Razberry,6.34
Avenade,Obsession,6.34
Animal Collective,Unsolved Mysteries,6.34
Arca,Boquifloja,6.34
Andrew Rannells,All-American Prophet,6.34
The Flaming Lips,Sleeping on the Roof - 2017 Remaster,6.34
Dean Blunt,SEMTEX,6.33
Turnstile,T.L.C. (TURNSTILE LOVE CONNECTION),6.33
billy woods,Sauvage,6.32
Jockstrap,Angst,6.32
Sleigh Bells,Tell 'Em,6.32
Sweet Trip,Darkness,6.32
Oingo Boingo,Imposter,6.32
Rituals,P.O.V,6.32
Lil Boodang,Jesus Don't Like That I'm Gay but Satans Cool With It,6.32
Uboa,The Origin of My Depression,6.32
Monkey and the Permavirgins,Sleepyhead,6.31
The Mothers Of Invention,The Chrome Plated Megaphone Of Destiny,6.31
Lightning Bolt,Duel in the Deep,6.3
Pink Siifu,skin made of gold,6.3
The Velvet Underground,That's The Story Of My Life,6.3
Pink Siifu,Dollar Dr. Dream,6.3
John Coltrane,Mr. P.C. - 2020 Remaster,6.3
Ethel Cain,Growing Pains,6.29
Loyle Carner,Ice Water,6.29
Clipse,All Things Considered,6.29
KAYTRANADA,BLAX,6.29
MIKA,Grace Kelly,6.29
David Bowie,Stay - 2016 Remaster,6.28
Blur,Thought I Was a Spaceman,6.28
Jax Jones,Instruction (feat. Demi Lovato & Stefflon Don),6.28
Yo La Tengo,Autumn Sweater,6.28
Barrett Wilbert Weed,Dead Girl Walking,6.28
"Black Country, New Road",The Boy - Live at Bush Hall,6.28
Kero Kero Bonito,If I'd Known,6.28
The Velvet Underground,Rock & Roll,6.28
Subhumans,'Til the Pigs Come Round,6.27
CHANCE デラソウル,It Sounds Familiar,6.27
The Streets,Stay Positive,6.26
Thaiboy Digital,Kiss Me Through the Scope,6.26
Charles Mingus,Self-Portrait in Three Colors,6.26
Thundercat,Bus In These Streets,6.26
"Earth, Wind & Fire",Let's Groove,6.26
Johnny Cash,"Dark as the Dungeon - Live at Folsom State Prison, Folsom, CA - January 1968",6.26
Gorillaz,5/4,6.26
Queen,You're My Best Friend - Remastered 2011,6.26
Love Unlimited,It May Be Winter Outside (But In My Heart It's Spring),6.26
MF DOOM,Vinca Rosea,6.26
mxmtoon,"1, 2",6.25
Oneohtrix Point Never,A Barely Lit Path,6.25
Queen,Lazing On A Sunday Afternoon - Remastered 2011,6.25
Quadeca,GUESS WHO?,6.25
Charles Mingus,Jelly Roll,6.25
Hiroshi Yoshimura,FEET,6.24
Swans,Red Velvet Corridor,6.24
Cage The Elephant,Black Widow,6.24
Stephen Sondheim,Company - Original Broadway Cast: Being Alive,6.24
Talking Heads,The Overload - 2005 Remaster,6.24
Biig Piig,Picking Up (feat. Deb Never),6.24
Xiu Xiu,Queen of the Losers,6.23
Scatman John,Scatman's World,6.23
Queens of the Stone Age,Hanging Tree,6.23
Pavement,Cut Your Hair,6.22
Ecco2k,Black Boy,6.22
Green Day,Whatsername (feat. John Gallagher Jr.),6.22
Alvvays,Pomeranian Spinster,6.21
Ewy,glowing nervous system,6.21
645AR,4 Da Trap,6.21
The Weeknd,Till Dawn (Here Comes The Sun),6.21
The Ronettes,Sleigh Ride,6.21
Rema Webb,Joseph Smith American Moses,6.2
Ethel Cain,Two-Headed Mother,6.2
Backxwash,NINE HELLS,6.2
Clipse,By The Grace Of God,6.2
JPEGMAFIA,HOE (Heaven on Earth),6.2
The Prodigy,Light Up the Sky,6.2
Charli xcx,"Girl, so confusing",6.2
Fishmans,ナイトクルージング,6.19
JPEGMAFIA,ARE U HAPPY?,6.19
Justice,Incognito,6.19
Skepta,Shutdown,6.18
Addison Rae,Diet Pepsi,6.18
Beach House,Some Things Last a Long Time,6.18
Be More Chill Original Broadway Ensemble,The Play,6.18
American Football,Honestly?,6.18
Talk Talk,I Believe in You - 1997 Remaster,6.17
The Raconteurs,Consoler of the Lonely,6.17
Kero Kero Bonito,Rest Stop,6.17
John Coltrane,Cousin Mary - 2020 Remaster,6.17
CHANCE デラソウル,The Street,6.17
Jimi Lucid,Utopia,6.17
Turnstile,UNDERWATER BOI,6.16
Michael Jackson,Girlfriend,6.16
DJ Rozwell,Cumming In Socks,6.16
SOPHIE,Pretending,6.16
Sinéad O'Connor,The Emperor's New Clothes,6.15
Clipse,Grindin',6.15
Cities Aviv,NORMALIMMORTAL,6.15
Xiu Xiu,It Comes Out as a Joke,6.14
Purple Mountains,Nights That Won’t Happen,6.14
Sleep Token,Take Me Back To Eden,6.14
underscores,Where did you fall,6.14
The Weeknd,Lonely Star,6.14
Subhumans,I Don't Wanna Die,6.14
The Garden,Shameless Shadow,6.14
"Hey, Ily",Glass House,6.14
Shinichi Atobe,Whispers into the Void,6.13
Daniel Johnston,Running Water,6.13
Kanye West,Graduation Day,6.13
mxmtoon,quiet motions,6.13
Pixies,Rock Music,6.13
Beyoncé,PROTECTOR,6.13
Boards of Canada,Pete Standing Alone,6.13
Nick Drake,Poor Boy,6.12
Nick Cave & The Bad Seeds,West Country Girl - 2011 Remastered Version,6.12
Denzel Curry,I Against I - Recorded at Spotify Studios NYC,6.12
Korn,Blind,6.12
Hole,Teenage Whore,6.12
The Strokes,Gratisfaction,6.12
FKA twigs,darjeeling (feat. jorja smith & unknown t),6.12
Taylor Swift,Last Kiss,6.12
Sonic Youth,On The Strip,6.12
Dana Steingold,Girl Scout,6.11
Jane Remover,Kodak Moment,6.11
Cocteau Twins,Orange Appled,6.11
Steve Lacy,Atomic Vomit,6.11
Baby Keem,STATS,6.11
Johnny Cash,"Cocaine Blues - Live at Folsom State Prison, Folsom, CA - January 1968",6.11
Erykah Badu,Other Side Of The Game,6.11
Mount Eerie,It Wasn't the Hunting,6.11
David Bowie,Wild Is the Wind - 2016 Remaster,6.11
Wu-Tang Clan,Wu-Tang: 7th Chamber,6.11
Queens of the Stone Age,God Is In The Radio,6.1
Chris Brown,Run It! (feat. Juelz Santana),6.1
Ed Sheeran,Nothing On You (feat. Paulo Londra & Dave),6.09
The Weeknd,The Fall,6.09
The Prodigy,Spitfire,6.09
SOUNDS OF UTOPIA,"Sleep Rain Sounds, Pt. 1",6.09
Little Simz,Young,6.08
"Tyler, The Creator",GROUP B,6.08
David Bowie,Word on a Wing - 2016 Remaster,6.08
Grouper,Heavy Water/I'd Rather Be Sleeping,6.08
Johnny Cash,"Green, Green Grass of Home - Live at Folsom State Prison, Folsom, CA - January 1968",6.08
moreru,Kanjou No Machi,6.08
DJ Rozwell,EVP,6.07
Guns N' Roses,Bad Obsession,6.07
Porter Robinson,Wind Tempos,6.07
Laufey,Santa Baby,6.07
Arca,Amrep,6.07
Sematary,Come With Me To Hell,6.07
Purple Mountains,Snow is Falling in Manhattan,6.06
Johnny Cash,"Orange Blossom Special - Live at Folsom State Prison, Folsom, CA (1st Show) - January 1968",6.06
Sufjan Stevens,Celebration II,6.06
Ornette Coleman,Chronology,6.06
Alex G,Let It Go,6.06
S3RL,Pretty Rave Girl,6.06
Oasis,Whatever - Remastered,6.05
Father John Misty,"Pure Comedy - Live from the Hamburg Elbphilharmonie on August 8, 2019",6.05
King Gizzard & The Lizard Wizard,Venusian 2,6.05
Sonic Youth,Into the Groovey,6.05
Have A Nice Life,Defenestration Song,6.05
Run The Jewels,Everybody Stay Calm,6.04
Oingo Boingo,Only A Lad,6.04
The Weeknd,The Knowing,6.04
The Garden,A Message For Myself,6.04
The Beatles,Because - Remastered 2009,6.04
SZA,Low,6.04
Sweet Trip,At Last a Truth That is Real,6.03
DJ Rozwell,Thatched Roof Cottages,6.03
The Beatles,For You Blue - Remastered 2009,6.03
Nia Archives,Forbidden Feelingz,6.03
Alex G,House,6.02
Bladee,Search True,6.02
Slowdive,Crazy for You,6.02
MGMT,"Of Moons, Birds & Monsters",6.02
Standing On The Corner,Trouble,6.02
Alameda 5,Dr Narco,6.02
A$AP Rocky,Wild for the Night (feat. Skrillex & Birdy Nam Nam),6.02
Sufjan Stevens,Sister,6.01
My Chemical Romance,The Foundations of Decay,6.01
Cults,I Can Hardly Make You Mine,6.01
Fontaines D.C.,Big Shot,6.01
Thaiboy Digital,Nervous,6.01
Sufjan Stevens,Lamentation IV,6.01
Björk,History Of Touches,6.01
Sigmatary,World's a Sigma,6.0
Nine Inch Nails,She’s Gone Away,6.0
John Coltrane,Spiral - 2020 Remaster,6.0
SPELLLING,Revolution,5.99
Yung Lean,Trip,5.99
Biig Piig,This Is What They Meant,5.99
Sematary,Meet By The River,5.98
Lil Nas X,LOST IN THE CITADEL,5.98
Pink Siifu,Spades',5.98
Oasis,Rockin' Chair,5.98
Blood Orange,Chosen,5.98
Sonic Youth,Hendrix Necro,5.98
D'Angelo,Another Life,5.98
Tricky,Aftermath,5.98
Young Thug,"Floyd Mayweather (feat. Travis Scott, Gucci Mane and Gunna)",5.98
Lil Yachty,REACH THE SUNSHINE.,5.97
Denzel Curry,BLOOD ON MY NIKEZ [Feat. Juicy J],5.97
Sufjan Stevens,Fictional California,5.97
Sergei Prokofiev,Romeo and Juliet Suite: Montagues and Capulets,5.97
SZA,Drew Barrymore,5.97
Parquet Courts,Total Football,5.96
princess xixi,Petty,5.96
Nick Cordero,You Will Still Be Mine,5.96
A Tribe Called Quest,Infamous Date Rape,5.96
Ichiko Aoba,Hagupit,5.95
セキトオ・シゲオ,お願いだから,5.95
Khruangbin,Father Father,5.95
The Flaming Lips,The Spark That Bled - 2017 Remaster,5.95
Empire Of The Sun,Walking On A Dream,5.95
Les Misérables Cast,One Day More,5.95
Fishmans,SUNNY BLUE,5.94
The Antlers,Volunteer,5.94
Subhumans,Big Brother,5.94
Xiu Xiu,OH NO,5.94
DJ Rozwell,The Hypnotized Guts,5.94
Baby Keem,APOLOGIZE,5.94
Shygirl,Shlut,5.93
Yoshio Ojima,Glass Chattering,5.93
D'Angelo,Betray My Heart,5.92
Acid Klaus,Blow Your Speakers (feat. Soft Focus),5.92
The Garden,Squished Face Slick Pig Living in a Smokey City,5.92
Playboi Carti,Over,5.92
Machine Girl,Luhmehbebe,5.92
Alvvays,Belinda Says,5.91
Les Rallizes Dénudés,A Shadow on Our Joy,5.91
Peach Pit,Tommy's Party,5.91
Bad Brains,Big Take Over,5.91
Pink Floyd,One of These Days,5.91
Type O Negative,Christian Woman,5.91
Nick Cave & The Bad Seeds,Lament - 2010 Remastered Version,5.91
Undo K From Hot,Crosswalk,5.91
Yabujin,GARDEN,5.9
Riz Ortolani,Cannibal Holocaust - Main Theme,5.9
Kanye West,Facts (Charlie Heat Version),5.9
The Beatles,Mean Mr Mustard - Remastered 2009,5.9
FKA twigs,Sticky,5.89
Johnny Cash,"Jackson - Live at Folsom State Prison, Folsom, CA - January 1968",5.89
Turnstile,ALIEN LOVE CALL,5.89
Miles Davis,Honky Tonk,5.89
Post Malone,I Know,5.89
Bruno Mars,777,5.88
Swans,How They Suffer,5.88
Sweet Trip,Tiny Houses,5.88
Thaiboy Digital,Lip Service,5.88
Radiohead,The Gloaming,5.88
セキトオ・シゲオ,シェアー・ザ・ジョイ,5.87
Nick Cave & The Bad Seeds,Jesus Alone,5.87
Playboi Carti,Slay3r,5.86
Matt Elliott,A Waste of Blood,5.86
Cameron Winter,Nina + Field of Cops,5.86
Vince Staples,TAKING TRIPS,5.85
J Dilla,The Factory,5.84
Björk,Isobel,5.84
Oasis,Columbia - Remastered,5.83
Bladee,That Thing You Do,5.83
Jerskin Fendrix,Last Night in New York,5.83
D'Angelo,1000 Deaths,5.83
death's dynamic shroud,시원한 파도소리 좋아요,5.83
Kero Kero Bonito,The One True Path,5.82
SALEM,Sick,5.82
Taeko Onuki,4:00A.M.,5.82
Freddie Gibbs,Harold’s,5.82
King Gizzard & The Lizard Wizard,Mystery Jack,5.82
Ghais Guevara,The Old Guard Is Dead,5.81
ABBA,The Visitors,5.81
Will Wood and the Tapeworms,"Jimmy Mushrooms' Last Drink: Bedtime in Wayne, NJ",5.81
FINLINCE!,erased,5.81
Bob Vylan,I Heard You Want Your Country Back,5.81
The Prodigy,Funky Shit,5.8
MGMT,Loss Of Life,5.8
Utro,Портрет,5.8
C418,Alpha,5.8
Van Halen,(Oh) Pretty Woman - 2015 Remaster,5.8
Pink Floyd,"Careful With That Axe, Eugene - Single Version, 2016 Remastered Version",5.8
The Prodigy,Mindfields,5.8
Swans,The Seer Returns,5.8
Mac Miller,Colors and Shapes,5.8
Oasis,"Slide Away (Live at Knebworth, 11 August '96)",5.79
Kid Trash,MY WORLD,5.79
The Brian Jonestown Massacre,Anemone,5.79
Imagine Dragons,I’ll Make It Up To You,5.79
Psychedelic Porn Crumpets,Mundungus,5.79
Run The Jewels,Talk to Me,5.79
My Chemical Romance,The Kids from Yesterday,5.79
Sewerslvt,Ecifircas,5.79
Nick Drake,One Of These Things First,5.78
Green Day,Song of the Century,5.78
Swans,Weakling,5.78
Kim Jung Mi,Blow Spring Breeze,5.77
Madness,Shame and Scandal,5.77
Bladee,1D,5.77
Beyoncé,CHURCH GIRL,5.76
Zedd,Get Low (with Liam Payne),5.76
Ed Sheeran,Barcelona,5.76
Kanye West,The New Workout Plan,5.76
PIPER,Shine On,5.75
Sonic Youth,Shoot,5.75
LSD and the Search for God,Starshine,5.75
Madvillain,Shadows of Tomorrow (Instrumental),5.75
BROCKHAMPTON,WEIGHT,5.74
D'Angelo,Really Love,5.74
The Voidz,Think Before You Drink,5.74
Bladee,For You,5.74
Coldplay,High Speed,5.73
Bill Evans Trio,Re: Person I Knew,5.73
Wolf Alice,Delicious Things,5.72
FKA twigs,minds of men,5.72
Ewy,i could try so hard,5.72
Will Wood,Memento Mori: the most important thing in the world,5.72
Madlib,Two for 2 - For Dilla,5.72
Duke Ellington,Take The Coltrane,5.72
Roland Faunte,Mud and Pollen,5.71
Aphex Twin,#8,5.71
Ewy,disorder,5.71
Machine Girl,Machine Girl Fights Her Way Out of His Own Head,5.7
King Gizzard & The Lizard Wizard,The Bird Song,5.7
U.S. Girls,4 American Dollars,5.7
Boris,Pseudo Bread,5.7
Acetantina,Spirit,5.7
Perry Como,It's Beginning to Look a Lot Like Christmas (with Mitchell Ayres & His Orchestra),5.7
King Gizzard & The Lizard Wizard,Straws In The Wind,5.69
Shygirl,True Religion,5.69
Nick Cave & The Bad Seeds,Where the Wild Roses Grow,5.69
Lil Ugly Mane,No Slack in My Mack,5.68
Massive Attack,I Against I,5.68
Black Flag,Life of Pain,5.68
Xori,fall,5.68
Sematary,Toothtaker,5.68
Big Black,Pavement Saw,5.68
A$AP Rocky,"F**kin' Problems (feat. Drake, 2 Chainz & Kendrick Lamar)",5.68
Broadcast,Tears In The Typing Pool,5.67
Björk,Headphones,5.67
Mike Oldfield,In Dulci Jubilo,5.67
Wu-Tang Clan,Wu-Tang: 7th Chamber - Part II - Conclusion,5.67
Laraaji,Meditation No. 2,5.67
Foo Fighters,Everlong,5.67
j1nabae,myself,5.66
Jessica Keenan Wynn,The Me Inside of Me,5.66
Brave Little Abacus,Boy's Theme,5.66
Andy Stott,New Romantic,5.66
The Voidz,My Friend The Walls,5.66
A Town Called Panic,Nowthink,5.66
Snakehips,All My Friends (feat. Tinashe & Chance the Rapper),5.66
Avenade,Painfully Please,5.65
Ninajirachi,All I Am,5.65
death's dynamic shroud,내 마음은 떨고,5.65
The Avalanches,We Go On,5.64
Viagra Boys,Milk Farm,5.64
JPEGMAFIA,Drake Era,5.64
J Dilla,The Diff'rence,5.64
Fontaines D.C.,Death Kink,5.63
Jamie Stewart,Western Destroying Angel,5.63
Pharoah Sanders,Colors,5.63
Bladee,Chaos Follows,5.63
Freddie Gibbs,Uno,5.63
Daniel Romano,Celestial Manis,5.63
Wolf Alice,No Hard Feelings,5.63
Sufjan Stevens,Incantation VI,5.62
Swans,Coward - Live,5.62
JPEGMAFIA,WHAT KIND OF RAPPIN' IS THIS?,5.62
Lil Yachty,WE SAW THE SUN!,5.62
Jane Remover,"buzzcut, daisy",5.62
Carissa's Wierd,Silently Leaving the Room,5.62
BROCKHAMPTON,LIQUID,5.62
Little Simz,No Merci,5.61
Bladee,Steve Jobs,5.61
Kevin Abstract,Empty,5.61
Pale Waves,Run To,5.61
underscores,Uncanny long arms (with Jane Remover),5.61
Chick Corea,My One And Only Love,5.6
Death Grips,Bubbles Buried In This Jungle,5.6
Sweet Trip,Chapters,5.6
Mount Eerie,Cold Mountain,5.6
zeija,Puke my gutzz,5.6
Alameda 5,Cdte,5.59
Bruce Springsteen,Dancing In the Dark,5.59
Lingua Ignota,Holy is the Name (Of My Ruthless Axe),5.59
David Bowie,TVC15 - 2016 Remaster,5.59
levitation room,Till You Reach Your Last Breath,5.59
A Tribe Called Quest,Butter,5.59
Justin Timberlake,SexyBack (feat. Timbaland),5.58
Nick Cave & The Bad Seeds,Tupelo,5.58
King Krule,"Alone, Omen 3",5.58
Eminem,Killshot,5.57
Caroline Polachek,Butterfly Net (feat. Weyes Blood),5.57
Yves Tumor,Blood & Innocence,5.57
Susan Sarandon,Dammit Janet,5.56
Memo Boy,I Do What He Say I Do,5.56
Al Green,How Can You Mend a Broken Heart,5.56
Sematary,Skincarver,5.56
Ryo Fukui,Scenery,5.56
Wolf Alice,Feeling Myself,5.56
The Herbaliser,It Ain't Nuttin',5.56
Mother Mother,Wrecking Ball,5.56
Killer Mike,SCIENTISTS & ENGINEERS (feat. Future & Eryn Allen Kane),5.55
Parannoul,Hand,5.55
Alameda 5,Birds of Passage,5.55
Brave Little Abacus,"A Highway Got Paved Over My Future, I Drive It Getting to School",5.55
Earl Sweatshirt,Hive (feat. Vince Staples & Casey Veggies),5.55
The Weeknd,Wicked Games,5.55
Tom Waits,God's Away On Business,5.54
Backxwash,666 IN LUXAXA,5.54
Mac Miller,New Faces v2 (feat. Earl Sweatshirt and Da$h),5.54
Enon,Natural Disasters,5.54
Madvillain,Hardcore Hustle,5.53
Five Pebbles,down softly,5.53
slowthai,VEX,5.53
Mura Masa,In My Mind,5.53
Johnny Cash,"Flushed from the Bathroom of Your Heart - Live at Folsom State Prison, Folsom, CA - January 1968",5.53
Vundabar,Alien Blues,5.53
Natalie Venetia Belcon,You Can Be as Loud as the Hell You Want (When You're Makin' Love),5.53
Oasis,Wonderwall,5.52
Sleigh Bells,Kids,5.52
Nirvana,Sifting,5.52
Ichiko Aoba,羊のアンソニー,5.51
Death Grips,This Is Violence Now (Don't Get Me Wrong),5.51
Pixies,Letter to Memphis,5.51
Xori,autumnloop,5.51
Cameron Winter,Cancer of the Skull,5.5
Playboi Carti,Mileage (feat. Chief Keef),5.5
PUP,Morbid Stuff,5.5
PinkPantheress,Nineteen,5.5
100 gecs,757,5.49
Machine Girl,Full Metal Dipshit,5.49
Saba,BUSY/SIRENS,5.49
The Weeknd,The Morning,5.49
Father John Misty,Olvidado (Otro Momento),5.49
Daniel Johnston,I Save Cigarette Butts,5.49
Floating Points,Movement 4,5.48
Bill Evans Trio,I Fall In Love Too Easily - Remastered 2025,5.48
shame,Born in Luton,5.48
Afroman,Crazy Rap (Colt 45 & 2 Zig Zags),5.48
Yves Tumor,Honesty,5.48
The Orion Experience,I Love the Stars,5.48
julie,april’s-bloom,5.47
VAPERROR,808 Dreams,5.47
The Oozes,I Still Adore You,5.47
Brian Eno,Tal Coat - Remastered 2004,5.47
Michael Cera,Those Days,5.47
Xiu Xiu,It Bothers Me All The Time,5.47
The La's,There She Goes,5.47
Alameda 5,Dias Melhores,5.47
Weathers,Lonely Vampire,5.46
Pebbledash,Killer Lover,5.45
Alex G,After Ur Gone,5.45
JPEGMAFIA,BasicBitchTearGas,5.45
Billie Eilish,Your Power,5.45
Mac Miller,Rain (feat. Vince Staples),5.45
Kate Bush,Pull Out The Pin,5.44
The Beatles,Good Morning Good Morning - Remastered 2009,5.44
ABBA,Chiquitita,5.44
Oasis,I'm Outta Time,5.44
Arca,Pu,5.44
The Voidz,Pointlessness,5.44
BUCK-TICK,KISS ME GOOD-BYE,5.43
Arca,Músculos,5.43
The Avalanches,Reflecting Light,5.43
Sweet Trip,Surviving a Smile,5.43
Backxwash,BLOOD IN THE WATER,5.42
Swans,93 Ave. Blues,5.42
Dean Blunt,16,5.42
Johnny Cash,"Folsom Prison Blues - Live at Folsom State Prison, Folsom, CA - January 1968",5.42
Bladee,I DONT LIKE PEOPLE (feat. Yung Lean),5.41
t e l e p a t h テレパシー能力者,アストラルセックス,5.41
G.R.L.,Ugly Heart,5.41
Aphex Twin,#12,5.41
Johnny Cash,"Give My Love to Rose - Live at Folsom State Prison, Folsom, CA - January 1968",5.41
PUP,Scorpion Hill,5.41
Monkey and the Permavirgins,Lower Oakes,5.4
Alameda 5,Roam the Bottom,5.4
Catherine Mercy,BackToLife1,5.4
Talking Heads,I Get Wild / Wild Gravity,5.4
Cortex,Chanson d'un jour d'hiver,5.4
Zaydoreon,pom two,5.4
Alex Brightman,"The Whole ""Being Dead"" Thing, Pt. 2",5.39
Talk Talk,Inheritance - 1997 Remaster,5.39
Ethel Cain,Hard Times,5.39
Prince,Anotherloverholenyohead,5.39
Black Honey,All My Pride,5.39
Burial,Homeless,5.39
Caroline Polachek,Door,5.39
Black Dresses,SCARED 2 DEATH,5.39
The Prodigy,Serial Thrilla,5.39
The Birthday Party,Yard,5.38
DJ Rozwell,Dream Of A Dead Web,5.38
Kanye West,Real Friends,5.38
Sewerslvt,Swinging in His Cell,5.38
Jodie Steele,The Me Inside of Me,5.38
Varsity Mac,MOONWALK,5.38
Paramore,Last Hope,5.38
Kamasi Washington,Agents of The Multiverse,5.38
Nine Inch Nails,Copy Of A,5.38
Talking Heads,Once In a Lifetime (Live) - 2023 Remaster,5.38
Subhumans,New Age,5.37
Machine Girl,Hidden Power (∞ x 235BPM Mix),5.37
Nick Cave & The Bad Seeds,Magneto,5.37
Kendrick Lamar,Compton,5.37
The Strokes,Trying Your Luck,5.37
PinkPantheress,All My Friends Know,5.37
D'Angelo,Back to the Future (Part I),5.37
Mid-Air Thief,Protector,5.37
Pinegrove,Problems,5.37
SPELLLING,Queen of Wands,5.37
Radiohead,India Rubber,5.37
J Dilla,Two Can Win,5.36
Hiroshi Yoshimura,SHEEP,5.36
David Bowie,I'm Afraid Of Americans - 2021 Remaster,5.36
Will Wood,"Um, it's Kind of a Lot",5.36
Swans,The Daughter Brings the Water,5.36
Fontaines D.C.,Nabokov,5.36
Nine Inch Nails,Happiness In Slavery,5.35
The Mamas & The Papas,Dedicated To The One I Love,5.35
SALEM,Trapdoor,5.35
Björk,Possibly Maybe,5.34
Car Seat Headrest,Sleeping With Strangers,5.34
Body Meat,4700,5.34
KNEECAP,Get Your Brits Out,5.34
Spiritualized,Cool Waves,5.33
Black Dresses,DAMAGE SUPPRESSOR,5.33
Queen,Killer Queen - Remastered 2011,5.33
Kendrick Lamar,Savior - Interlude,5.33
Bladee,Valerie,5.33
Phoebe Bridgers,Kyoto (Glitch Gum Remix),5.33
Jane Remover,Music Baby,5.33
The Beatles,Fixing A Hole - Remastered 2009,5.33
Ethel Cain,Unpunishable,5.32
2021 London Cast of Cabaret,Cabaret,5.32
boygenius,Without You Without Them,5.32
Björk,I Miss You,5.32
Baby Keem,range brothers (with Kendrick Lamar),5.32
The Flaming Lips,Feeling Yourself Disintegrate - 2017 Remaster,5.32
Lenny Kravitz,Low,5.32
Sufjan Stevens,The Transfiguration,5.32
Body Meat,ULTIMA,5.32
"Hey, Ily",Behave Like Tundra,5.31
Denzel Curry,ULTRA SHXT (with Key Nyata),5.31
Kit Connor,I Want Love,5.31
Bing Crosby,Peace On Earth / Little Drummer Boy - Medley,5.31
Ceechynaa,Peggy,5.31
Sweet Trip,Conservation of Two - 2021 Remaster,5.31
Magdalena Bay,Tunnel Vision,5.31
Avenade,September Secrets,5.31
JPEGMAFIA,loop it and leave it,5.3
Planning For Burial,Whiskey and Wine,5.3
Jamie Stewart,Inconsistent and Peculiar Volume,5.3
Sufjan Stevens,Revelation IX,5.3
Alex G,TV,5.3
Little Simz,Free,5.29
Blood Orange,It Is What It Is,5.29
Dan Mason ダン·メイソン,Melatonin High,5.29
The Velvet Underground,I Found a Reason - 2015 Remaster,5.29
Blood Orange,Always Let U Down,5.29
Clipse,Inglorious Bastards,5.29
IDLES,Exeter,5.29
Death Grips,Big House,5.29
Tycho,A Walk,5.28
Squarepusher,Coopers World,5.28
Alex G,So,5.28
Thaiboy Digital,Can't Tell,5.28
Father John Misty,Being You,5.28
The Jesus and Mary Chain,It's So Hard,5.28
Jerskin Fendrix,Black Hair,5.28
Kelela,KAYTRANADA_WAITIN_115 BPM,5.27
t e l e p a t h テレパシー能力者,Birth of a Trinity,5.27
Oasis,Shakermaker,5.27
Nine Inch Nails,The Only Time,5.27
Young Thug,"Guwop (feat. Quavo, Offset and Young Scooter)",5.27
Matt Elliott,What The Fuck Am I Doing On This Battlefield,5.27
Swans,All Lined Up,5.26
Sematary,New Rocks,5.26
Pink Siifu,trauma,5.26
Big Black,L. Dopa,5.26
BUSDRIVER,Worlds to Run,5.26
Pink Floyd,"Learning To Fly - 2019 Remix, Live",5.26
Flying Lotus,Between Memories,5.26
Michael Jackson,Workin' Day and Night,5.25
Travis Scott,NC-17,5.25
Paramore,Hate to See Your Heart Break,5.25
Dreamwell,Plague Father; Vermin Son,5.25
JPEGMAFIA,Does This Ski Mask Make Me Look Fat?,5.24
SPELLLING,Always,5.24
Little Simz,Venom,5.24
Devon Hendryx,Sakura,5.24
Lightning Bolt,Crown of Storms,5.24
Jim Legxacy,father,5.24
Alex G,Sandy,5.24
Lightning Bolt,Dracula Mountain,5.23
Utro,Как Же Я Был Слаб В Те Дни,5.23
black midi,Years Ago,5.23
KAYTRANADA,Go DJ (feat. SiR),5.23
Zaydoreon,pom six,5.23
Louis Tomlinson,Back to You (feat. Bebe Rexha & Digital Farm Animals),5.23
Alex G,Hollow,5.23
Bladee,100s,5.22
Martin Garrix,Animals - Radio Edit,5.22
Alameda 5,Tubarao,5.22
The Prodigy,Warrior's Dance,5.22
Thundercat,Captain Stupido,5.21
Caroline Polachek,New Normal,5.21
King Gizzard & The Lizard Wizard,Greenhouse Heat Death,5.21
セキトオ・シゲオ,美しい五月に (詩人の恋より),5.21
Metallica,One,5.21
Viktor Vaughn,Saliva,5.21
Injury Reserve,GTFU (Feat. JPEGMAFIA & Cakes da Killa),5.21
mishasgrave,2face,5.21
Stephanie D'Abruzzo,Special,5.2
IDLES,Cry To Me,5.2
Black Star,Thieves In The Night,5.2
Against All Logic,Fantasy,5.2
Bill Evans Trio,Polka Dots And Moonbeams - Remastered 2025,5.19
Ed Sheeran,Save Myself,5.19
Talking Heads,Slippery People,5.19
Harmonia,Ohrwurm,5.19
"Tyler, The Creator",435,5.18
Frank Sinatra,Let It Snow! Let It Snow! Let It Snow! (with The B. Swanson Quartet),5.18
Funkadelic,Back In Our Minds,5.18
Grouper,Headache,5.18
Xiu Xiu,Sycamore Tree,5.18
Tally Hall,Welcome to Tally Hall,5.18
"Tyler, The Creator",Tell Me What It Is,5.17
Lorde,Liability (Reprise),5.17
Fontaines D.C.,The Lotts,5.17
Flying Lotus,Mind Flight,5.17
Alameda 5,Embryon,5.17
Porter Robinson,Look at the Sky,5.17
Viktor Vaughn,Popsnot,5.17
Loyle Carner,feel at home,5.16
Björk,Arisen My Senses,5.16
The Avalanches,Song For Barbara Payton,5.16
Pixies,I Bleed,5.16
The Weeknd,Coming Down,5.16
Tfwamirite,醤油ビート,5.15
Lingua Ignota,FRAGRANT IS MY MANY FLOWER'D CROWN,5.15
Clark Johnsen,I Am Africa,5.15
Bill Evans Trio,My Foolish Heart,5.15
"Tyler, The Creator","Trashwang (feat. Na-Kel Smith, Jasper Dolphin, Lucas, L-Boy, Taco, Left Brain & Lee Spielman)",5.15
luvwavy,fiancé,5.15
Childish Gambino,Time (feat. Ariana Grande),5.15
KAYTRANADA,VIVID DREAMS,5.14
Be More Chill Original Broadway Band,The Squip Stalks (Instrumental),5.14
Queens of the Stone Age,Smooth Sailing,5.14
Eric William Morris,The Squip Enters,5.14
Makaveli,Me And My Girlfriend,5.14
Sweet Trip,You,5.14
Björk,Features Creatures,5.14
Cults,Go Outside,5.13
The Caretaker,An empty bliss beyond this World,5.13
Mid-Air Thief,Gameun Deut,5.13
Floating Points,Movement 2,5.13
Yeat,Dub,5.13
Sweet Trip,"In Sound, We Found Each Other",5.12
The Garden,Puerta de Limosina,5.12
Swans,Yum-Yab Killers,5.12
The Wooden Glass,In the Rain,5.12
Ichiko Aoba,誰かの世界,5.12
Blur,Bank Holiday - 2012 Remaster,5.12
Makaveli,Just Like Daddy,5.12
Gloria Gaynor,I Will Survive - Single Version,5.12
Porter Robinson,Mirror,5.11
boygenius,Powers,5.11
Lingua Ignota,FAITHFUL SERVANT FRIEND OF CHRIST,5.11
Khruangbin,Mariella,5.11
Cannonball Adderley,Toy,5.11
DJ Rozwell,It Gets So Much Worse,5.11
Nia Archives,(Over)Thinking,5.11
King Gizzard & The Lizard Wizard,Organ Farmer,5.1
Makaveli,Toss It Up,5.1
Tim Hecker,Live Room Out,5.1
My Chemical Romance,S/C/A/R/E/C/R/O/W,5.1
Burial,Raver,5.1
desert sand feels warm at night,雷雨,5.1
Laurindo Almeida,The Lamp Is Low,5.1
Todd Terje,Strandbar,5.1
Green Day,See the Light,5.09
"Tyler, The Creator",I Killed You,5.09
De La Soul,Change In Speak,5.09
Sun Ra,Enlightenment,5.09
Martin Garrix,There for You,5.09
Björk,Sue Me,5.09
Sweet Trip,Pretending - 2021 Remaster,5.09
King Gizzard & The Lizard Wizard,Swan Song,5.09
Imagine Dragons,I Don’t Know Why,5.08
Black Flag,Padded Cell,5.08
h hunt,C U Soon,5.08
Viktor Vaughn,Mr. Clean,5.08
Alameda 5,Cassius,5.07
Nick Cave & The Bad Seeds,Nature Boy,5.07
Kanye West,No Mistakes,5.07
Fontaines D.C.,' Cello Song,5.07
The Smashing Pumpkins,Eye,5.07
Penelope Scott,Dumpster,5.07
Floating Points,Movement 3,5.07
Michael Cera,ohNadine (You Were in My Dream),5.07
Shygirl,TWELVE,5.07
Makaveli,Bomb First (My Second Reply),5.07
Machine Girl,Congratulations,5.07
Xiu Xiu,Rose of Sharon,5.06
Earl Sweatshirt,EL TORO COMBO MEAL (feat. Mavi),5.06
Vitamin String Quartet,Waltz #2,5.06
Ewy,tidbits,5.06
Green Day,Christian's Inferno,5.06
Xori,♥,5.06
Lingua Ignota,WHERE'ER YOU WALK,5.06
The Avalanches,Oh The Sunn!,5.05
Bad Brains,Jah Calling,5.05
Safety Trance,El Alma Que Te Trajo,5.05
Lightning Bolt,On Fire,5.05
The Jesus and Mary Chain,Taste the Floor,5.05
Talking Heads,This Must Be the Place (Naive Melody) - Live,5.05
Beyoncé,BLACKBIIRD,5.05
Xiu Xiu,Suha,5.05
Khalid,Know Your Worth,5.05
Sean Kingston,Eenie Meenie,5.05
D'Angelo,Sugah Daddy,5.05
Home,Come Back Down,5.04
Little Simz,How Did You Get Here,5.04
boygenius,Black Hole,5.04
Nine Inch Nails,Somewhat Damaged,5.03
Bad Brains,Supertouch/Shitfit,5.03
Harry Styles,Only Angel,5.03
Adam Linstead,Drink With Me - Live,5.03
Chappell Roan,Femininomenon,5.03
Roland Faunte,Lake,5.03
PIPER,Moonlight Beach,5.03
Chet Baker,My Funny Valentine,5.02
A Tribe Called Quest,Electric Relaxation,5.02
Fred again..,Baby again..,5.01
The Microphones,Map,5.01
Broadcast,Message From Home,5.01
clipping.,Club Down,5.01
Slowdive,She Calls,5.01
Floating Points,Movement 9,5.0
The Offspring,Pretty Fly (For A White Guy),5.0
Mac Miller,Uber (feat. Mike Jones),5.0
Will Wood,Against the Kitchen Floor,5.0
Prince,Paisley Park,5.0
Ewy,i'm still in my school parking lot,5.0
Kholby Wardell,Noel's Lament,4.99
Sharp Pins,You Turned off the Light,4.99
The Weeknd,Valerie,4.99
Deftones,Entombed,4.99
Lil Ugly Mane,Spaghetti Strap Gun Holster,4.99
Björk,Courtship,4.98
Park National,Smooth Brain Summer,4.98
Rockwell,Somebody's Watching Me,4.98
KAYTRANADA,GLOWED UP,4.98
Bladee,Only One,4.98
Viagra Boys,Worms,4.97
Pixies,Head On,4.97
Gerry Mulligan Sextet,Night Lights,4.97
Ecco2k,No***'s Song,4.97
Kanye West,Jail pt 2,4.96
Sufjan Stevens,In the Devil's Territory,4.96
A Town Called Panic,Just Kids,4.96
PIPER,Angel Smile,4.96
King Gizzard & The Lizard Wizard,Oddlife,4.96
JPEGMAFIA,COVERED IN MONEY!,4.96
Post Malone,Saint-Tropez,4.95
Injury Reserve,Keep on Slippin (feat. Vic Mensa),4.95
Pink Siifu,Waiting to Get Shot,4.95
Talking Heads,Listening Wind - 2005 Remaster,4.95
Westside Gunn,Shawn vs. Flair,4.95
The Jesus and Mary Chain,You Trip Me Up,4.95
Yung Lean,Letting it all go,4.94
Coldplay,Life in Technicolor,4.94
Radiohead,A Punch Up at a Wedding,4.94
The Beatles,Eleanor Rigby - Remastered 2015,4.94
The Beatles,I Want To Tell You - Remastered 2009,4.93
Miki Matsubara,Bay City Romance,4.93
The Flaming Lips,It's Summertime,4.93
Jamie Stewart,Rollin Forties,4.93
Fleetwood Mac,Gold Dust Woman - 2004 Remaster,4.93
Elliott Smith,Let's Get Lost,4.93
Venetian Snares,Szerencsétlen,4.93
Coldplay,Fix You,4.93
Michelle Pfeiffer,When You Believe,4.92
Leonard Cohen,Winter Lady,4.92
Lil Yachty,pRETTy,4.92
Oasis,Little By Little,4.92
clipping.,Attunement,4.92
Nussy Andrews,Freak Show,4.92
Oasis,Cast No Shadow - Remastered,4.91
Machine Girl,Ep. 1 (Prophetic Vision),4.91
Bridgit Mendler,Ready or Not,4.91
Jimi Hendrix,"Still Raining, Still Dreaming",4.91
Mariya Takeuchi,Plastic Love,4.91
Lucy Dacus,Going Going Gone,4.91
Sonic Youth,Chapel Hill,4.91
Miley Cyrus,Malibu - Alan Walker Remix,4.9
A$AP Rocky,Brand New Guy (feat. ScHoolboy Q),4.9
Quadeca,sorry4dying,4.9
Kevin Abstract,Seventeen,4.9
Vegyn,Nauseous / Devilish,4.9
Alexandra Burke,Bad Boys (feat. Flo Rida),4.89
Siouxsie and the Banshees,Israel,4.89
billy woods,Heavy Water,4.89
A$AP Rocky,Leaf (feat. Main Attrakionz),4.89
Lil Ugly Mane,Maniac,4.89
MGMT,Phradie’s Song,4.89
Arca,La Infinita,4.89
Phoebe Bridgers,Funeral,4.88
Original West End Cast of Everybody's Talking About Jamie,Everybody's Talking About Jamie,4.88
Caroline Polachek,Sunset,4.88
Fontaines D.C.,Dublin City Sky,4.88
Fergie,Fergalicious,4.87
Baby Keem,FRANCE FREESTYLE,4.87
MUNA,Around U,4.87
LSD and the Search for God,Outer Space (Long Way Home),4.87
MGMT,Dancing In Babylon (feat. Christine and the Queens),4.87
CHANCE デラソウル,Power to the People,4.87
moreru,Zegen,4.87
Alvvays,The Agency Group,4.87
Björk,Future Forever,4.86
Rex Orange County,4 Seasons,4.86
The Antlers,Just One Sec,4.86
"Tyler, The Creator",Big Poe,4.86
Portishead,It Could Be Sweet,4.86
Daniel Romano,Gleaming Sects Of Aniram,4.86
Benjamin Schrader,Spooky Mormon Hell Dream,4.86
Dillon Francis,Bootleg Fireworks (Burning Up) - Original Mix,4.86
Lingua Ignota,God Gave Me No Name (no Thing Can Hide from My Flame),4.86
Madonna,Bitch I'm Madonna,4.86
Bill Evans Trio,Stairway To The Stars,4.86
Phoenix,1901,4.85
The Dresden Dolls,672,4.85
Nick Cave & The Bad Seeds,Girl In Amber,4.85
Viagra Boys,6 Shooter,4.85
Pink Siifu,Foisey's Interlude,4.85
Joy Division,Atmosphere - 2020 Digital Remaster,4.85
This Heat,Makeshift Swahili,4.85
Boris,Blackout,4.85
Kanye West,Celebration,4.84
David Bowie,Fashion - 2017 Remaster,4.84
Fragmented space,D R E A M C A S T / 2,4.84
Pulp,Pink Glove,4.84
Massive Attack,One Love - 2012 Mix/Master,4.83
Fontaines D.C.,Hurricane Laughter,4.83
Björk,Tabula Rasa,4.83
Will Wood,Half-Decade Hangover,4.83
Elton John,Slave,4.83
Gorillaz,Garage Palace (feat. Little Simz),4.83
Alvvays,Plimsoll Punks,4.83
Oasis,Don't Look Back in Anger - Remastered,4.83
Quadeca,EVEN IF I TRIED,4.82
Solea Pfeiffer,I'm Not Afraid of Anything,4.82
KAYTRANADA,Midsection (feat. Pharrell Williams),4.82
Ace Kace,Two Steps,4.82
D'Angelo,Ain't That Easy,4.82
Westside Gunn,No Vacancy,4.82
Slauson Malone 1,180 Degree Pole Shift Hypothesis (see page 87),4.82
Antonio Castro,W.E.L.F.A.R.E,4.82
Hole,Rock Star,4.81
The Velvet Underground,Beginning To See The Light,4.81
Glass Animals,Pools,4.81
Tally Hall,Spring and a Storm,4.81
BROCKHAMPTON,1999 WILDFIRE,4.81
Leon Thomas,CATCH A STRAY,4.81
Grouper,Living Room,4.8
Duster,Moon Age,4.8
MF DOOM,Passion Flower,4.8
Army Of Lovers,Crucified - Radio Edit,4.8
Aphex Twin,#16,4.79
underscores,Del mar county fair 2008,4.79
Magdalena Bay,Second Sleep,4.79
Ethel Cain,Inbred,4.79
Xiu Xiu,Support Our Troops OH!,4.79
Bladee,Linkdin,4.79
Jessie Ware,Mirage (Don’t Stop),4.79
Nirvana,Tourette's,4.79
Oneohtrix Point Never,Inside World,4.79
Westside Gunn,French Toast (feat. Wale & Joyce Wrice),4.78
Vitamin String Quartet,Criminal,4.78
Lil Ugly Mane,Vudmurk,4.78
Gorillaz,Double Bass,4.78
Clairo,Bambi,4.78
Duster,Get the Dutch,4.78
Yung Lean,Metallic Intuition,4.78
Animal Collective,No More Runnin,4.78
BROCKHAMPTON,SAN MARCOS,4.78
desert sand feels warm at night,水,4.78
The Jacksons,Blame It on the Boogie,4.78
Death Grips,Bootleg (Don't Need Your Help),4.78
Nolle,222,4.78
Cameron Winter,Try as I May,4.77
Purple Mountains,Storyline Fever,4.77
Bladee,MJ,4.77
The Weeknd,D.D.,4.77
Kelly Lee Owens,Arpeggi,4.76
Porter Robinson,Unfold,4.76
Ewy,oversleeping,4.76
The Velvet Underground,Sweet Jane - Full Length Version; 2015 Remaster,4.76
Ed Sheeran,Bibia Be Ye Ye,4.76
Nick Drake,At The Chime Of A City Clock,4.76
Nine Inch Nails,Down In It,4.76
Kanye West,Bad News,4.76
Cage The Elephant,Hypocrite,4.75
Nick Cave & The Bad Seeds,Anthrocene,4.75
Gene Kelly,You Were Meant For Me,4.75
Sufjan Stevens,Meditation VI,4.75
Twenty One Pilots,Guns for Hands,4.75
Kanye West,Wouldn't Leave,4.75
King Krule,Border Line,4.74
Gorillaz,We Got the Power (feat. Jehnny Beth),4.74
Jonathan Bailey,Dancing Through Life,4.74
Baby Keem,The Hillbillies,4.74
セキトオ・シゲオ,バラード Op. 23,4.74
Monkey and the Permavirgins,Hug,4.74
Heavee,8 Bit Shit,4.74
Slipknot,Psychosocial,4.74
Gorillaz,Sound Check (Gravity),4.73
Purple Mountains,Darkness and Cold,4.73
moreru,Watashi Kanashii Onnanokodesuka,4.73
Magdalena Bay,Dreamcatching,4.73
Paramore,Part II,4.73
The Brian Jonestown Massacre,The Mother Of All Fuckers,4.73
BROCKHAMPTON,1998 TRUMAN,4.73
Burial,Shell of Light,4.73
Broadcast,I Found The F,4.73
Rune Gustafsson,My Favourite Things,4.73
Tally Hall,Taken for a Ride,4.73
The Flaming Lips,Are You a Hypnotist??,4.73
SOUNDS OF UTOPIA,Midnight Rain on Skylights,4.73
Lingua Ignota,DAY OF TEARS AND MOURNING,4.72
Animal Collective,#1,4.72
Quadeca,U TRIED THAT THING WHERE UR HUMAN,4.72
Madvillain,Rhinestone Cowboy (Instrumental),4.72
Mura Masa,Teenage Headache Dreams (with Ellie Rowsell),4.72
Yung Lean,Yellowman,4.72
Nick Cave & The Bad Seeds,Frogs,4.71
Lana Del Rey,Summer Bummer (feat. A$AP Rocky & Playboi Carti),4.71
Thaiboy Digital,Spinnin,4.71
Aminé,Fetus (feat. Injury Reserve),4.71
Vince Staples,LIL FADE,4.71
Oneohtrix Point Never,Nassau,4.71
MF DOOM,Red and Gold,4.71
Pulp,Spike Island,4.71
Home,Decay,4.71
McCoy Tyner,When Sunny Gets Blue,4.71
Green Day,Take Back,4.7
Fishmans,SLOW DAYS,4.7
Madvillain,Great Day (Instrumental),4.7
Porter Robinson,Something Comforting,4.7
Skrillex,First of the Year (Equinox),4.7
Flying Lotus,Your Armour,4.7
Glass Animals,Life Itself,4.69
The Alchemist,Nobles (feat. Earl Sweatshirt & Navy Blue),4.69
moreru,Kumamoto,4.69
Coco & Clair Clair,Pop Star,4.69
Wu-Tang Clan,Clan In Da Front,4.68
Elastica,Connection,4.68
Erykah Badu,Appletree,4.68
Blur,Go Out,4.68
my bloody valentine,Cupid Come,4.68
The Velvet Underground,Some Kinda Love,4.68
Hatchie,The Rhythm,4.68
A$AP Rocky,Houston Old Head,4.68
Uyama Hiroto,Into The Freedom,4.67
King Gizzard & The Lizard Wizard,Extinction,4.67
Boards of Canada,Happy Cycling,4.67
Ryuichi Sakamoto,Dream 〜夢のパピー,4.67
Wolfgang Lackerschmid,Why Shouldn't You Cry,4.67
Aaron Tveit,Do You Hear The People Sing?,4.67
Sufjan Stevens,"Out of Egypt, into the Great Laugh of Mankind, and I shake the dirt from my sandals as I run",4.67
Black Dresses,BLISS AND STUPIDITY,4.67
Guided By Voices,Game Of Pricks,4.67
Viagra Boys,Girls & Boys,4.66
Vince Staples,MHM,4.66
Porter Robinson,Trying to Feel Alive,4.66
Spiritualized,No God Only Religion,4.66
"Tyler, The Creator",Answer,4.66
Lil Ugly Mane,Cap Peel,4.66
yeule,sulky baby,4.65
Madvillain,All Caps (Instrumental),4.65
Lowertown,The Gaping Mouth,4.65
Shintaro Sakamoto,Extremely Bad Man,4.65
Coldplay,Paradise,4.65
Sufjan Stevens,Celebration V,4.65
Susumu Yokota,TOBIUME,4.64
JPEGMAFIA,BUTTERMILK JESUS TYPE BEAT,4.64
Mitski,First Love / Late Spring,4.64
Talking Heads,Houses in Motion - 2005 Remaster,4.64
A.C. Newman,I'm Not Talking,4.64
food house,metal,4.64
Will Wood,Vampire Reference in a Minor Key,4.64
Makaveli,Blasphemy,4.64
Jim Legxacy,stick,4.64
Oasis,Headshrinker,4.64
CASIOPEA,Midnight Rendezvous,4.64
Minor Threat,Steppin' Stone,4.64
underscores,Seventyseven dog years,4.64
Black Flag,Police Story,4.64
Duster,Cooking,4.63
Minor Threat,Filler,4.63
"Tyler, The Creator",Like Him (feat. Lola Young),4.63
Nujabes,Highs 2 Lows (feat. Cise Starr from CYNE),4.63
Disclosure,White Noise,4.63
boygenius,Leonard Cohen,4.63
Frank Ocean,Biking,4.63
Will Wood,The Main Character,4.62
Brave Little Abacus,"Orange, Blue With Stripes",4.62
The Weeknd,Outside,4.61
SZA,The Weekend,4.61
Queen,Seaside Rendezvous - Remastered 2011,4.61
Lil Yachty,running out of time,4.61
Tom Waits,Bride Of Rain Dog,4.6
Duster,Travelogue,4.6
Caroline Polachek,Butterfly Net,4.6
A$AP Rocky,Suddenly,4.6
D'Angelo,Lady,4.6
Bedwetter,Haze of Interference,4.6
Baby Keem,trademark usa,4.6
Kendrick Lamar,reincarnated,4.6
Blondie,Heart Of Glass - Special Mix,4.6
Otoboke Beaver,S'il vous plait,4.6
Harmonia,Hausmusik,4.6
Green Day,Somewhere Now,4.59
Djo,Roddy,4.59
J Dilla,Mash,4.59
JAY-Z,"Girls, Girls, Girls",4.59
The Flares,She's Gone Original,4.58
Yves Tumor,When Man Fails You,4.58
Oasis,To Be Where There's Life,4.58
Beyoncé,SUMMER RENAISSANCE,4.58
Magdalena Bay,Domino,4.58
KATSEYE,Gnarly,4.58
Daft Punk,Giorgio by Moroder,4.58
Daniel Johnston,An Idiot's End,4.57
shame,"Human, for a Minute",4.57
John Benjamin Hickey,Finale,4.57
Swans,Thank You,4.57
Mitski,Me and My Husband,4.57
my dead girlfriend,kanojo ga tsumetaku warattara (prologue to the nine stages of change at the deceased remains),4.57
Thaiboy Digital,Waterfall,4.57
Cavetown,10 Feet Tall,4.57
The Jesus and Mary Chain,In a Hole,4.57
JAY-Z,The Story of O.J.,4.57
Michael Jackson,I Can't Help It,4.56
Jane Remover,Psychoboost,4.56
Elton John,Candle In The Wind - Remastered 2014,4.56
King Gizzard & The Lizard Wizard,A Journey to S(Hell),4.56
Madlib,Theme De Crabtree,4.56
Machine Girl,Fuck Your Guns,4.56
Davido,With You (feat. Omah Lay),4.56
Pink Siifu,step out,4.56
Death Grips,Feels Like a Wheel,4.56
Freddie Gibbs,"Lakers (feat. Ab-Soul, Polyester the Saint)",4.55
Mild High Club,Chapel Perilous,4.55
Gorillaz,Man Research (Clapper),4.55
D'Angelo,Prayer,4.55
King Krule,Rock Bottom - Live,4.55
Thundercat,How I Feel,4.55
Massive Attack,Blue Lines - 2012 Mix/Master,4.55
Jimi Hendrix,House Burning Down,4.55
The Weeknd,Initiation,4.55
MUNA,I Know A Place,4.55
Coldplay,Don't Panic,4.54
KAYTRANADA,Pressure,4.54
PIPER,Samba Night,4.54
Tame Impala,Reality In Motion,4.54
Bladee,Noblest Strive,4.53
Drake,Nice For What,4.53
Lovejoy,Portrait of a Blank Slate,4.52
slowthai,Drug Dealer,4.52
The Flaming Lips,Waitin' for a Superman - 2017 Remaster,4.52
Calexico,Black Heart,4.52
Sufjan Stevens,Celebration VI,4.51
Sonic Youth,"Orange Rolls, Angel's Spit",4.51
Twinkle Park,Still Poor!!,4.51
JPEGMAFIA,Motor Mouth,4.51
My Chemical Romance,This Is the Best Day Ever,4.51
my bloody valentine,Sueisfine,4.51
Earl Sweatshirt,Playing Possum (feat. Cheryl Harris & Keorapetse Kgositsile),4.51
CHANCE デラソウル,Take Two,4.51
Sufjan Stevens,Incantation IX,4.51
Snow Strippers,In My Head,4.51
Jane Remover,How To Teleport,4.51
Oingo Boingo,Controller,4.51
Cavetown,Green,4.51
Fontaines D.C.,Bloomsday,4.51
Destiny's Child,"Bills, Bills, Bills",4.51
Oneohtrix Point Never,The Pure and the Damned,4.5
Xori,Zzz,4.5
Home Is Where,Assisted Harakiri,4.5
Imagine Dragons,Radioactive,4.5
Injury Reserve,Look Mama I Did It,4.5
Converge,Thaw,4.5
Playboi Carti,Not PLaying,4.5
Baby Keem,lost souls (with Brent Faiyaz),4.5
OGRE YOU ASSHOLE,また明日(Alternate Version),4.49
Cometrosa,College Blues,4.49
Melt-Banana,"Shield for Your Eyes, A Beast in the Well on Your Hand",4.49
Animal Collective,Lion In A Coma,4.49
Nick Drake,Hazey Jane I,4.49
Utro,Сейчас Самое Время,4.49
Viagra Boys,I Feel Alive,4.49
The Smiths,Asleep - 2011 Remaster,4.49
Viktor Vaughn,Can I Watch? (feat. Apani B as Nikki),4.49
King Gizzard & The Lizard Wizard,The Bitter Boogie,4.49
Dean Blunt,MUGU,4.49
Jme,Man Don't Care,4.49
Fall Out Boy,Yule Shoot Your Eye Out - Bonus Track,4.48
Rawt,Festering,4.48
Laufey,Let You Break My Heart Again,4.48
MUNA,Home By Now,4.48
Susumu Yokota,Blue Sky And Yellow Sunflower,4.48
Frank Ocean,Pink Matter,4.48
The Beatles,Sgt. Pepper's Lonely Hearts Club Band - Reprise,4.48
Sufjan Stevens,Celebration X,4.48
Vitamin String Quartet,Say Yes,4.48
Bill Evans Trio,If You Could See Me Now,4.48
Soul Glo,Gold Chain Punk (whogonbeatmyass?),4.48
The Garden,At the Campfire,4.47
Sufjan Stevens,Meditation IX,4.47
Coldplay,A Sky Full of Stars,4.46
Joy Division,No Love Lost - 2010 Remaster,4.46
Caroline Polachek,Blood And Butter,4.46
Car Seat Headrest,Knife in the Coffee,4.46
Alan Walker,Faded (Restrung),4.46
Billie Eilish,bad guy (with Justin Bieber),4.45
Oasis,Put Yer Money Where Yer Mouth Is,4.45
awakebutstillinbed,saved,4.45
slowthai,Ladies,4.45
Arctic Monkeys,Crying Lightning,4.45
LCD Soundsystem,christmas will break your heart,4.44
Taylor Swift,august,4.44
Massive Attack,Lately - 2012 Mix/Master,4.44
Ezra Collective,God Gave Me Feet For Dancing - feat. Yazmin Lacey,4.44
Oasis,Soldier On,4.44
Ahmad Jamal,April In Paris,4.44
Eddie Redmayne,ABC Café / Red & Black,4.44
Dreamwell,Sayaka,4.43
Wicketkeeper,Culture,4.43
Arca,Joya,4.43
My Chemical Romance,Summertime,4.43
The Flaming Lips,All We Have Is Now,4.43
Britney Spears,Work Bitch,4.43
Jim Legxacy,i just banged a snus in canada water,4.43
Xiu Xiu,Little Panda McElroy,4.43
Candy Claws,Transitional Bird (Clever Girl),4.43
Michael Jackson,Off the Wall,4.43
Danny Elfman,Kick Me,4.43
Brenn!,4runner,4.42
Queens of the Stone Age,In The Fade/Feel Good Hit Of The Summer (Reprise),4.42
Miracle Musical,The Mind Electric,4.42
death's dynamic shroud,Somebody Home,4.42
The Antlers,Wheels Roll Home,4.42
Spiritualized,The Individual,4.42
John Coltrane,Naima - 2020 Remaster,4.42
John Coltrane,Naima - Mono,4.42
Jeff Mangum,Two Headed Boy Part Two - Live,4.42
Boards of Canada,Open The Light,4.42
Bladee,LUCKY LUKE (feat. Thaiboy Digital & Yung Lean),4.41
Blur,There Are Too Many of Us,4.41
Big Thief,Flower of Blood,4.41
Sufjan Stevens,Prairie Fire That Wanders About,4.41
Alan Cumming,Willkommen,4.41
King Gizzard & The Lizard Wizard,Some Of Us,4.41
FAKE TYPE.,Nightmare Parade,4.41
Lamp,Last Train At 25 O'clock,4.4
Pink Floyd,Stop - 2011 Remastered Version,4.4
Mac Miller,What Do You Do (feat. Sir Michael Rocks),4.4
Ella Mai,She Don't (feat. Ty Dolla $Ign),4.4
Xiu Xiu,Sad Mezcalita,4.4
The Weeknd,Echoes Of Silence,4.4
Westside Gunn,EAST MIAMI,4.4
Dreamwell,The Lost Ballad of Dominic Anneghi,4.4
Lil Ugly Mane,Smokeclears,4.4
Kevin Abstract,SIERRA NIGHTS (feat. Ryan Beatty),4.4
Phillipa Soo,Best of Wives and Best of Women,4.39
black midi,Hellfire,4.39
Ornette Coleman,Eventually,4.39
Cities Aviv,INTRO,4.39
Nujabes,Beat laments the world,4.39
Sufjan Stevens,Let It Snow! Let It Snow! Let It Snow!,4.39
Parannoul,Polaris,4.39
Nirvana,All Apologies - Live,4.39
Queens of the Stone Age,Obscenery,4.39
Mid-Air Thief,Curve and Light,4.39
Swans,Red Velvet Wound,4.39
Oasis,Fuckin' in the Bushes,4.38
The Voidz,Permanent High School,4.38
IDLES,Danny Nedelko,4.38
Baby Keem,vent,4.38
The Weeknd,Rolling Stone,4.38
Sir Mix-A-Lot,Baby Got Back,4.38
J Dilla,Bye.,4.38
Sophia Anne Caruso,Creepy Old Guy,4.38
shame,Nigel Hitter,4.38
Odd Sweetheart,Structure,4.38
Oasis,"I Hope, I Think, I Know - Remastered",4.37
Jordaan Mason,Carpenter / Rebuild The Body Out Of Birds,4.37
Pixies,The Happening,4.37
King Gizzard & The Lizard Wizard,Rolling Stoned,4.37
Ezra Collective,No One's Watching Me - feat. Olivia Dean,4.37
Sonic Youth,Scooter And Jinx,4.37
billy woods,NYNEX,4.37
Queens of the Stone Age,Carnavoyeur,4.37
Duster,Retrograde,4.37
Hatchie,Take My Hand,4.37
Little Mix,Power (feat. Stormzy),4.37
Paramore,Liar,4.36
Oasis,Half The World Away,4.36
moreru,"Soshite, Seieki",4.36
Bad Brains,Untitled (Bonus Track),4.36
John Prine,Angel from Montgomery,4.36
Johnny Cash,"Send a Picture of Mother - Live at Folsom State Prison, Folsom, CA - January 1968",4.36
Field Medic,uuu,4.36
Beyoncé,HEATED,4.36
Rihanna,Breakin' Dishes,4.35
The Weeknd,Die For You,4.35
MGMT,The Handshake,4.35
Prince,Sexuality,4.35
Carissa's Wierd,So You Wanna Be A Superhero,4.35
Elliott Smith,Talking To Mary,4.35
MGMT,Bubblegum Dog,4.35
A$AP Rocky,Jodye,4.35
King Gizzard & The Lizard Wizard,Sketches of Brunswick East III,4.35
Grimes,Visiting Statue,4.34
The Antlers,Porchlight,4.34
Paramore,"Big Man, Little Dignity",4.34
Xori,sight,4.34
Taylor Swift,my tears ricochet,4.34
Nicki Minaj,Anaconda,4.34
Pink Floyd,Pigs on the Wing 2,4.33
Giggs,Peligro,4.33
Jimi Hendrix,Have You Ever Been (To Electric Ladyland),4.33
Hatchie,The Key,4.33
A Tribe Called Quest,Jazz (We've Got),4.33
Caroline Polachek,I Believe,4.33
Mac Miller,Funeral,4.33
Five Pebbles,cat's tongue,4.33
FKA twigs,meta angel,4.32
DVBBS,Tsunami,4.32
Danger Mouse,Belize (feat. MF DOOM),4.32
A Tribe Called Quest,Vibes and Stuff,4.32
Charli xcx,Rewind,4.32
Home,On the Way Out,4.31
Mac Miller,Wedding,4.31
Gerry Rafferty,Right Down the Line,4.31
Kevin Aviance,Din Da Da,4.31
The Beatles,Good Day Sunshine - Remastered 2009,4.31
Robbie Williams,Rock DJ,4.31
Fleetwood Mac,Rhiannon,4.31
MUNA,Silk Chiffon,4.31
Flying Lotus,More,4.31
Sufjan Stevens,Revelation X,4.31
PUP,City,4.3
Yves Tumor,Hasdallen Lights,4.3
Jane Remover,Dark night castle,4.3
Converge,Distance and Meaning,4.3
セキトオ・シゲオ,マイ・スウィート・ガール,4.3
Samantha Barks,On My Own,4.3
Wu-Tang Clan,Tearz,4.3
The Streets,It's Too Late,4.29
Black Eyed Peas,Let's Get It Started - Spike Mix,4.29
DJ Shadow,Mutual Slump,4.29
Radiohead,High And Dry,4.29
Katy Perry,Bon Appétit,4.29
Gurriers,Des Goblin,4.29
A Tribe Called Quest,Verses from the Abstract (feat. Vinia Mojica & Ron Carter),4.29
Dreamwell,Sisyphean Happiness,4.29
Earl Sweatshirt,God Laughs,4.29
Post Malone,On The Road (feat. Meek Mill & Lil Baby),4.29
Mark b,The Unknown,4.29
beabadoobee,Cologne,4.28
Xiu Xiu,Goodbye For Good,4.28
Yung Lean,Drop It / Scooter,4.28
Keala Settle,I Didn't Plan It,4.28
The Sapphires,Who Do You Love,4.28
Gerry Mulligan Sextet,Prelude In E Minor,4.28
Big Black,Kerosene,4.28
Skrillex,Would You Ever,4.27
Fontaines D.C.,Horseness Is The Whatness,4.27
Green Day,Peacemaker,4.27
Beach House,Bluebird,4.27
Will Roland,More Than Survive (Reprise),4.27
Five Pebbles,kiss,4.27
Flume,Voices,4.27
Taylor Swift,Snow On The Beach (feat. Lana Del Rey),4.27
"Black Country, New Road",I Won’t Always Love You - Live at Bush Hall,4.27
Wolfgang Lackerschmid,Blue Bossa,4.27
The Weeknd,Timeless (with Playboi Carti),4.27
Blood Orange,No Right Thing,4.27
Bo Burnham,How the World Works,4.27
Travis Scott,WHO? WHAT!,4.26
Alex G,Good,4.26
Wolfgang Lackerschmid,Here's That Rainy Day,4.26
King Gizzard & The Lizard Wizard,Nuclear Fusion,4.26
Andrew Lloyd Webber,Overture,4.26
MF DOOM,Coltsfoot Leaf,4.26
Josh Gad,Baptize Me,4.25
James Blake,Famous Last Words,4.25
Viktor Vaughn,"Open Mic Nite, Pt. 1 (feat. Lord Sear, Benn Grimm as Brother Sambuca, Rodan as Dr. Moraue, & Louis Logic as Himself)",4.25
Swans,Minus Something,4.25
"Tyler, The Creator",Pigs,4.25
My Chemical Romance,"Save Yourself, I'll Hold Them Back",4.25
MF DOOM,GAZZILLION EAR,4.24
Manchester Orchestra,The Gold - Phoebe Bridgers Version,4.24
The Breeders,No Aloha,4.24
Jamie Stewart,Dosey Doe,4.24
Kylie Minogue,Can't Get You out of My Head,4.24
Beyoncé,PLASTIC OFF THE SOFA,4.24
Xori,waking up late,4.24
Arca,Ether,4.24
PinkPantheress,Noticed I Cried,4.24
Coldplay,We Never Change,4.24
Sufjan Stevens,All the Trees of the Field Will Clap Their Hands,4.23
Nine Inch Nails,The Wretched,4.23
Reverend Kristin Michael Hayter,I KNOW HIS BLOOD CAN MAKE ME WHOLE,4.23
Lady Gaga,Summerboy,4.23
King Gizzard & The Lizard Wizard,Gilgamesh,4.23
"Tyler, The Creator",Tron Cat,4.23
Sonic Youth,JC,4.22
Harry Styles,Ever Since New York,4.22
The Flaming Lips,The Observer - 2017 Remaster,4.22
Nirvana,Paper Cuts,4.22
Mac Miller,Therapy,4.22
King Gizzard & The Lizard Wizard,N.G.R.I. (Bloodstain),4.22
Les Misérables Cast,Epilogue,4.22
Björk,The Modern Things,4.22
Daughter,Youth,4.22
Ewy,what i want and what i please,4.22
Gene Ammons,My Romance - Remastered 2006,4.22
Standing On The Corner,That Awful Sound,4.21
Kim Jung Mi,It's Raining,4.21
Cavetown,It's U,4.21
Nick Cave & The Bad Seeds,Straight to You - 2010 Remaster,4.21
Injury Reserve,Bad Boys 3,4.21
The Stone Roses,Shoot You Down - Remastered 2009,4.21
Sufjan Stevens,Revelation IV,4.21
Carole King,Will You Love Me Tomorrow?,4.21
Black Flag,Thirsty And Miserable,4.21
Lamp,A都市の秋,4.21
Hatchie,Twin,4.2
Xiu Xiu,Petite,4.2
Blondie,Heart Of Glass,4.2
Sufjan Stevens,Sleigh Ride,4.2
J Dilla,People,4.2
Reverend Kristin Michael Hayter,MAY THIS COMFORT AND PROTECT YOU,4.2
Alameda 5,Mental Militia,4.2
Elliott Smith,Alphabet Town,4.2
Ginuwine,Pony,4.2
M83,Unrecorded,4.2
BENEE,Supalonely,4.19
Sigur Rós,Avalon,4.19
Freddie Gibbs,Broken (feat. Scarface),4.19
Brian Eno,A Clearing - Remastered 2004,4.19
Candi Staton,Young Hearts Run Free,4.19
Porter Robinson,Sweet Time,4.19
Lil Ugly Mane,spaghetti strap gun holster,4.19
Eiafuawn,No More Like That,4.19
Mitski,"Goodbye, My Danish Sweetheart",4.19
Mitski,There's Nothing Left for You,4.19
Twenty One Pilots,Car Radio,4.19
Massive Attack,Be Thankful For What You've Got - 2012 Mix/Master,4.19
Britney Spears,Gimme More,4.19
New Order,Blue Monday,4.19
Jason Tam,The Squip Enters,4.18
pewdiepie,Mine All Day,4.18
Green Day,Last of the American Girls,4.18
Madvillain,Eye (Instrumental),4.18
Sematary,Crucifixion,4.18
Lucy Dacus,Hot & Heavy,4.18
The Avalanches,Music Makes Me High,4.18
Jeff Rosenstock,We Begged 2 Explode,4.17
Lil Nas X,VOID,4.17
The Flaming Lips,What Is the Light? - 2017 Remaster,4.17
MF DOOM,Podina,4.17
Lucy Dacus,Please Stay,4.17
Mura Masa,Live Like We’re Dancing (with Georgia),4.17
Adele,Turning Tables,4.17
King Geedorah,Next Levels,4.17
MF DOOM,Bergamot,4.16
Tally Hall,Banana Man,4.16
DJ Rozwell,Uhlersoth,4.16
A Town Called Panic,Sober,4.16
Japanese Breakfast,Be Sweet,4.16
M83,Run Into Flowers,4.16
Venetian Snares,Felbomlasztott Mentökocsi,4.15
King Gizzard & The Lizard Wizard,"Cranes, Planes, Migraines",4.15
Mechatok,Expression On Your Face,4.15
Dreamwell,Painting Myself a Darker Day,4.15
Utro,Дом,4.15
FKA twigs,honda (feat. pa salieu),4.15
The Last Shadow Puppets,Miracle Aligner,4.15
Dave,Trojan Horse,4.15
The Birthday Party,Kathy's Kisses,4.15
PinkPantheress,Angel (From Barbie The Album),4.15
Calvin Harris,"Feels (feat. Pharrell Williams, Katy Perry & Big Sean)",4.15
Tom Francis,Let's Do Lunch,4.15
Doss,Puppy,4.14
mxmtoon,show and tell,4.14
Nujabes,Horn in the middle,4.14
Dreamwell,A Crouching Tiger Waits for Prey That Never Comes,4.14
Coldplay,Cemeteries of London,4.14
Matt Elliott,What's Wrong,4.14
Slauson Malone 1,"Treachery of Memories (see page 22, 105, and 200)",4.14
セキトオ・シゲオ,ソフィスティケイテッド・レディ,4.14
Rex Orange County,Apricot Princess,4.14
Fontaines D.C.,Too Real,4.14
Cavetown,Taking Care of Things,4.14
Jockstrap,Good Girl,4.13
For Your Health,A Word of Warning for the Pyrrh of Heart,4.13
The Microphones,Samurai Sword,4.13
Uboa,Lay Down and Rot,4.13
Be More Chill Original Broadway Band,Jeremy's Theme (Instrumental),4.13
Subhumans,Minority,4.12
Melt-Banana,Candy Gun,4.12
The Microphones,Instrumental - 2,4.12
Pinegrove,"Peeling Off the Bark (Amperland, NY)",4.12
KAYTRAMINÉ,4EVA,4.12
Shintaro Sakamoto,グッド・ラック,4.12
Dan Mason ダン·メイソン,Insomnia,4.12
The Weeknd,Snowchild,4.12
Miles Davis,Red China Blues,4.12
Lana Del Rey,Season Of The Witch,4.12
The Weeknd,What You Need,4.12
Greer,Way Out,4.12
"Black Country, New Road",The Wrong Trousers - Live at Bush Hall,4.11
Nolle,A Note to July,4.11
Mild High Club,Chasing My Tail,4.11
Clarence Clarity,"Those Who Can't, Cheat",4.11
Leonard Cohen,Take This Longing,4.11
The Flaming Lips,The Gash - 2017 Remaster,4.11
Babyface,1011 next up (refix),4.11
Björk,Saint,4.11
MF DOOM,"Tick, Tick...",4.11
Pink Siifu,decisions ova jerk chicken,4.11
Daniel Johnston,Living Life,4.11
Jane Remover,So What?,4.11
Sweet Trip,Chocolate Matter,4.11
The Jesus and Mary Chain,Something's Wrong,4.1
Blood Orange,Charcoal Baby,4.1
moreru,Bokusatsu,4.1
Westside Gunn,"98 Sabres (feat. Armani Caesar, Conway The Machine & Benny The Butcher)",4.1
Spiritualized,Home of the Brave,4.1
DJ Rozwell,Green Jeans,4.1
Sufjan Stevens,Revelation III,4.1
Cavetown,Another One of Those Days,4.1
garden airplane-trap,fool,4.1
Oasis,(Get Off Your) High Horse Lady,4.1
Eminem,Kamikaze,4.1
Pink Siifu,BACK’!,4.1
my bloody valentine,You Never Should,4.1
MUNA,End of Desire,4.1
The Pussycat Dolls,When I Grow Up,4.09
Bombay Bicycle Club,Always Like This,4.09
Diana Ross,Upside Down,4.09
The Velvet Underground,I'm Set Free,4.09
The Flaming Lips,The Spiderbite Song - 2017 Remaster,4.08
This Heat,Hi Baku Shyo (Suffer Bomb Disease),4.08
Japanese Breakfast,Posing In Bondage,4.08
Uboa,Epilation Joy,4.08
Pavement,In The Mouth A Desert,4.08
CAN,She Brings the Rain,4.08
Michael Jackson,Rock with You - Single Version,4.08
Pavement,No Life Singed Her,4.07
Sir Chloe,July,4.07
Young Thug,RiRi,4.07
my bloody valentine,Feed Me With Your Kiss,4.07
Xiu Xiu,Saint Dymphna,4.07
Cursed,Silent Night,4.07
Blur,My Terracotta Heart,4.07
awakebutstillinbed,floor,4.07
awakebutstillinbed,Ride,4.07
Pebbledash,Tiles & Moss,4.07
NANORAY,NEKOMATA'97,4.07
"Black Country, New Road",Salem Sisters,4.06
Teddybears,Punkrocker,4.06
Matchbook Romance,Monsters,4.06
Gorillaz,Orchestral Intro (feat. Sinfonia ViVA),4.06
J.T. Machinima,Hello and Goodbye,4.06
Jessie Ware,Read My Lips,4.06
Mac Miller,Stoned,4.06
J Dilla,U-Love,4.06
SOUNDS OF UTOPIA,"Sleep Rain Sounds, Pt. 3",4.06
Radiohead,Sulk,4.06
J Dilla,Glazed,4.06
Everything But The Girl,We Walk the Same Line,4.06
David Bowie,Golden Years - 2016 Remaster,4.05
Clipse,E.B.I.T.D.A.,4.05
Tirzah,Send Me,4.05
Ween,Gabrielle,4.05
Sufjan Stevens,Lamentation VII,4.05
The Stone Roses,Bye Bye Bad Man - Remastered 2009,4.05
Childish Gambino,What Kind of Love,4.05
Viktor Vaughn,A Dead Mouse,4.05
IDLES,Meds,4.05
Dan Mason ダン·メイソン,Fade,4.05
Hatchie,This Enchanted,4.05
Kenny Beats,Leonard,4.04
Lenny Kravitz,It Ain't Over 'Til It's Over,4.04
Sufjan Stevens,Will Anybody Ever Love Me?,4.04
Lil Ugly Mane,Hoeish Ass Bitch,4.04
ABBA,Angeleyes,4.04
The Beatles,For No One - Remastered 2009,4.04
JAY-Z,U Don't Know,4.04
Action Bronson,Bonzai,4.04
Mura Masa,1 Night (feat. Charli XCX),4.04
Mac Miller,Insomniak (feat. Rick Ross),4.03
Pink Floyd,Eclipse,4.03
Yung Lean,Fallen Demon,4.03
Olivia Rodrigo,drivers license,4.03
Hatchie,Sunday Song,4.03
Nick Cave & The Bad Seeds,Skeleton Tree,4.03
M83,0078H,4.02
BROCKHAMPTON,JESUS,4.02
Kanye West,Tell The Vision,4.02
SPIRIT OF THE BEEHIVE,RAPID & COMPLETE RECOVERY,4.02
Queens of the Stone Age,Six Shooter,4.02
MF DOOM,The Finest,4.02
Prince,Take Me with U,4.01
Quadeca,GUIDE DOG,4.01
ESG,U.F.O,4.01
Boris,Akuma No Uta,4.01
Deftones,Lotion,4.01
Acetantina,Nuun,4.01
My Chemical Romance,Cemetery Drive,4.01
Cavetown,I'll Make Cereal,4.01
Lowertown,Seaface,4.01
Madonna,Material Girl,4.0
The Clash,Train in Vain (Stand by Me) - Remastered,4.0
Patrick Page,Why We Build the Wall,4.0
2021 London Cast of Cabaret,Maybe This Time,4.0
Porter Robinson,dullscythe,4.0
Leonard Cohen,Field Commander Cohen,4.0
Michael Cera,Steady Now,4.0
The Avalanches,Weightless,4.0
King Gizzard & The Lizard Wizard,All Is Known,4.0
A$AP Rocky,Keep It G (feat. Chace Infinite & SpaceGhostPurrp),4.0
Lady Gaga,Garden Of Eden,4.0
Nujabes,A day by atmosphere supreme,3.99
Nino Rota,The Godfather Waltz (Main Title),3.99
Arca,Fireprayer,3.99
Nicole Scherzinger,As If We Never Said Goodbye,3.98
Radiohead,Bullet Proof ... I Wish I Was,3.98
Ed Sheeran,1000 Nights (feat. Meek Mill & A Boogie Wit da Hoodie),3.98
PUP,Bare Hands,3.98
Rihanna,SOS,3.98
Porter Robinson,Musician,3.98
Foals,My Number,3.98
Devon Hendryx,Neon Kitchen IV,3.98
Alvvays,Red Planet,3.98
Fontaines D.C.,Television Screens,3.98
Roland Faunte,Lilies,3.98
A$AP Rocky,Phoenix,3.98
Loyle Carner,lyin,3.98
David Bowie,Sense of Doubt - 2017 Remaster,3.98
Sufjan Stevens,Incantation II,3.98
Eartheater,Below The Clavicle,3.98
Animal Collective,Derek,3.98
Makaveli,Hold Ya Head,3.98
"Tyler, The Creator",Parking Lot (feat. Casey Veggies & Mike G),3.97
Sam Fender,The Dying Light,3.97
A$AP Rocky,L$D,3.97
Satoshi Ashikawa,Still Space,3.97
M83,In Church,3.97
Viagra Boys,Into the Sun,3.97
Freddie Gibbs,God Is Perfect,3.97
Christine Baranski,We Both Reached For The Gun,3.97
The Antlers,It Is What It Is,3.97
Kid Trash,PHOTOSHOP,3.97
Hatchie,Lights On,3.97
Harmonia,Sonnenschein,3.97
The Flaming Lips,Suddenly Everything Has Changed - 2017 Remaster,3.96
Bladee,Undergone,3.96
Madlib,Riddim Chant,3.96
JPEGMAFIA,drake era,3.96
Yusef Lateef,Love Theme From The Robe - Rudy Van Gelder Remaster,3.96
Harmonia,Veterano,3.96
"Tyler, The Creator",Lone,3.95
JT Music,Sombra Vs Spy Rap Battle,3.95
William Basinski,Fin,3.95
C418,Death,3.95
Bears In Trees,Reverberate,3.95
Vaundy,odoriko,3.95
McFly,Tonight Is the Night,3.95
Oasis,Mucky Fingers,3.95
Kendrick Lamar,untitled 04 | 08.14.2014.,3.95
Tom Waits,Who Are You - 2023 Remaster,3.95
Dr. Dog,Where'd All the Time Go?,3.95
Magdalena Bay,True Blue Interlude,3.94
Xiu Xiu,Hay Choco Bananas,3.94
Scarface,Born Killer,3.94
A Tribe Called Quest,"Show Business (feat. Diamond D, Lord Jamar & Sadat X)",3.94
George Clanton,Ooh Rap I Ya,3.94
Belinda Carlisle,Heaven Is a Place on Earth,3.93
Block B,난리나,3.93
Fontaines D.C.,Skinty Fia,3.93
The Antlers,Strawflower,3.93
Nicki Minaj,Super Bass,3.93
Kehlani,Distraction,3.93
Bauhaus,Dark Entries,3.93
Carole King,So Far Away,3.93
Dean Martin,Let It Snow! Let It Snow! Let It Snow!,3.93
Clairo,Management,3.93
Bladee,KING NOTHINGG,3.92
Fleetwood Mac,Oh Daddy - 2004 Remaster,3.92
Coldplay,Lost!,3.92
Meat Loaf,Hot Patootie - Bless My Soul,3.92
S Club,Don't Stop Movin',3.92
clipping.,Story 7,3.92
The Beatles,Blue Jay Way - Remastered 2009,3.92
Arctic Monkeys,She's Thunderstorms,3.92
Clairo,Slow Dance,3.91
A Town Called Panic,Freedom,3.91
Fiona Apple,Sullen Girl,3.91
J Dilla,One For Ghost,3.91
George Harrison,Got My Mind Set On You - Remastered 2004,3.91
Fall Out Boy,Twin Skeleton's (Hotel In NYC),3.91
Frank Iero,Young and Doomed,3.91
Taylor Swift,Hits Different,3.91
M83,Noise,3.91
Wiz Khalifa,The Thrill,3.91
Mura Masa,No Hope Generation,3.91
Mitski,Heaven,3.9
Lil Ugly Mane,Slack in My Mack,3.9
Yves Tumor,Slow (Subcutis Version),3.9
Caroline Polachek,Hey Big Eyes,3.9
MF DOOM,Hey!,3.9
Yard Act,Tiny Dancer,3.9
Black Dresses,HERTZ,3.9
Black Dresses,MAYBE THIS WORLD IS ANOTHER PLANETS HELL?,3.9
slowthai,North Nights,3.89
Playboi Carti,No Time (feat. Gunna),3.89
Japanese Breakfast,Tactics,3.89
Playboi Carti,F33l Lik3 Dyin,3.89
Oasis,She's Electric,3.89
Little Simz,where’s my lighter,3.89
Bruno Mars,Locked out of Heaven,3.89
JPEGMAFIA,Dayum,3.89
Lightning Bolt,"30,000 Monkies",3.89
Kendrick Lamar,man at the garden,3.89
Carole King,It's Too Late,3.89
Madvillain,America's Most Blunted (feat. Quasimoto),3.89
Mild High Club,Cary Me Back,3.89
Kenny Beats,Moire,3.88
Brave Little Abacus,A Map of the Stars,3.88
Charli xcx,Grins,3.88
Rocky Horror,The Sword of Damocles,3.88
"Tyler, The Creator",Don't You Worry Baby,3.87
Wolfgang Lackerschmid,Welcome Back,3.87
Mitski,The Deal,3.87
Kendrick Lamar,"All The Stars (with SZA) - From ""Black Panther: The Album""",3.87
Lovejoy,You'll Understand When You're Older,3.87
100 gecs,Torture Me (feat. Skrillex),3.87
"Black Country, New Road",Up Song (Reprise) - Live at Bush Hall,3.87
Jax Jones,You Don't Know Me - Radio Edit,3.87
D'Angelo,Till It's Done (Tutu),3.87
KAYTRANADA,CHAMPIONSHIP,3.86
Muse,Plug in Baby,3.86
UB40,Kingston Town,3.86
Arca,Tierno,3.86
Death Grips,Fyrd Up,3.86
Will Wood,"That's Enough, Let's Get You Home.",3.86
Akini Jing,祝福 Blessing,3.86
Acetantina,Puddle of Nitrogen,3.86
Charli xcx,Out of My Head (feat. Tove Lo and ALMA),3.86
MGMT,The Youth,3.86
DJ Rozwell,INSTRUCTIONS,3.86
Medicine,Time Baby III,3.85
Green Day,"Longview - Live at Milton Keynes National Bowl, Milton Keynes, England, 6/18/05",3.85
Converge,Homewrecker,3.85
Cal Tjader,Invitation - Instrumental,3.85
Utro,Сад,3.85
Xiu Xiu,Dangerous You Shouldn't Be Here,3.85
Lil Ugly Mane,Leonard's Lake,3.85
J Dilla,"The Twister (Huh, What)",3.85
Nolle,Hypocrisy,3.85
Satanicpornocultshop,Feed Me w Ur Kiss,3.85
Black Flag,Damaged I,3.85
Frédéric Chopin,"Nocturne No. 19 in E Minor, Op. 72 No. 1",3.85
Big Thief,Masterpiece - 2023 Remaster,3.84
Vince Staples,Black&Blue,3.84
t e l e p a t h テレパシー能力者,楽園で別の日。。。,3.84
Sweet Trip,Randfilt,3.84
Black Flag,Gimmie Gimmie Gimmie,3.84
mishasgrave,lovesick,3.84
Sebastiano,SOHI,3.84
t e l e p a t h テレパシー能力者,真夜中の訪問者,3.84
Leonard Cohen,Why Don't You Try,3.84
Elvis Costello,Alison,3.84
J Dilla,Hi.,3.84
Queen,A Winter's Tale - 2011 Remaster,3.84
David Bowie,Blackout - 2017 Remaster,3.84
Baby Keem,durag activity (with Travis Scott),3.83
Wolfgang Lackerschmid,Waltz For Susan,3.83
Lil Ugly Mane,Alone and Suffering (Interlude),3.83
Earl Sweatshirt,Titanic,3.83
Danny Elfman,"Alice's Theme - From ""Alice in Wonderland""/Soundtrack Version",3.83
Pavement,"Jackals, False Grails: The Lonesome Era",3.83
Boris,Hama,3.83
Coldplay,42,3.83
Wolf Alice,Smile,3.83
Johnny Cash,"The Wall - Live at Folsom State Prison, Folsom, CA - January 1968",3.82
Father John Misty,When You're Smiling And Astride Me,3.82
Portishead,It's A Fire,3.82
Flying Lotus,African Samurai,3.82
Sonic Youth,I Love You Mary Jane,3.82
King Gizzard & The Lizard Wizard,Real's Not Real,3.82
Sematary,Bleed A River,3.82
J Dilla,Dilla Says Go,3.82
Carole King,(You Make Me Feel Like) A Natural Woman,3.82
Converge,Phoenix in Flight,3.81
Lightning Bolt,Assassins,3.81
Quadeca,NATURAL CAUSES,3.81
bôa,Twilight,3.81
PIPER,Gentle Shower,3.81
MF DOOM,Vervain,3.81
Yves Tumor,Lifetime,3.81
Gerry Cinnamon,Sometimes,3.81
Mitski,Strawberry Blond,3.81
Vince Staples,745,3.81
The Jesus and Mary Chain,Taste of Cindy,3.8
Master Peace,LOS NARCOS,3.8
Emma Stone,Audition (The Fools Who Dream),3.8
Mura Masa,Raw Youth Collage,3.8
M83,Cyborg,3.8
Queen,The Show Must Go On - Remastered 2011,3.8
Sophia Anne Caruso,Home,3.8
Thee Sacred Souls,It's Our Love,3.8
The Beatles,Sie liebt dich - Remastered 2009,3.8
Alex G,Waiting For You - Bonus Track,3.8
The Lightning Seeds,Pure,3.8
Xori,healing,3.79
Lowertown,Clown Car,3.79
Fleshwater,Linda Claire,3.79
Nia Archives,So Tell Me…,3.79
Yung Lean,Paradise Lost,3.79
Alvvays,Very Online Guy,3.79
Xiu Xiu,Fuzz Gong Fight,3.79
Turnstile,HOLIDAY,3.79
Playboi Carti,Pull Up,3.79
Lil Ugly Mane,Lookin 4 Tha Suckin,3.78
Post Malone,I'm Gonna Be,3.78
Five Pebbles,we know the devil,3.78
Lovejoy,Call Me What You Like,3.78
A Town Called Panic,West Brompton Cemetery,3.78
Avenade,Closed Fists and Battle Antics,3.78
Oasis,The Nature Of Reality,3.78
EsDeeKid,Cali Man,3.78
Fleetwood Mac,Everywhere - 2017 Remaster,3.78
Infinity Frequencies,Identification,3.78
PIPER,Twilight,3.78
Porter Robinson,Mother,3.77
Robyn,Call Your Girlfriend,3.77
Alex G,Serpent Is Lord,3.77
Nick Drake,Hazey Jane II,3.77
Michael Jackson,Burn This Disco Out,3.77
Jessie Ware,Adore You,3.77
billy woods,The Doldrums,3.77
Miles Davis,"Générique - Bande originale du film ""Ascenseur pour l'échafaud""",3.77
Porter Robinson,Blossom,3.77
The Microphones,I Want to Be Cold,3.77
Thievery Corporation,All That We Perceive,3.77
MF DOOM,Operation: Greenbacks,3.77
Sam Fender,Hypersonic Missiles,3.77
The Garden,What Else Could I Be But a Jester,3.77
my bloody valentine,Lose My Breath,3.77
Jessie Mueller,Bad Idea,3.77
Greg Lake,I Believe in Father Christmas - 2017 - Remaster,3.77
Playboi Carti,wokeuplikethis*,3.77
Grumpy Plum,Animal,3.76
Xiu Xiu,Hi,3.76
kwes.,Rollerblades,3.76
Eva Noblezada,Any Way the Wind Blows,3.76
Gil Evans,Concierto de Aranjuez: Adagio,3.76
J Dilla,Walkinonit,3.76
The Wombats,Tokyo (Vampires & Wolves),3.76
G-Eazy,Good Life (with G-Eazy & Kehlani),3.76
Denzel Curry,BLACK FLAG FREESTYLE (with That Mexican OT),3.76
Xori,•••,3.76
Lady Gaga,ScheiBe,3.76
･ ･－･ ･－ ･･･ ･ －･･,･－－･ －－－ ･ － － ･－･ ･ ･,3.76
Taron Egerton,Take Me To The Pilot,3.76
MGMT,I Wish I Was Joking,3.76
Ichiko Aoba,chinuhaji,3.76
Björk,Quicksand,3.75
McCafferty,Bottom,3.75
Gryffin,Whole Heart,3.75
NANORAY,SALMON CANNON,3.75
Sabrina Carpenter,Goodbye,3.75
Sufjan Stevens,Meditation VIII,3.75
"Tyler, The Creator",Sometimes...,3.75
N.E.R.D,Deep Down Body Thurst,3.75
Chappell Roan,Kaleidoscope,3.75
Pink Siifu,time n space,3.74
Brian Eno,The Big Ship - 2004 Remaster,3.74
Thundercat,How Sway,3.74
JPEGMAFIA,Exmilitary,3.74
Rex Orange County,Every Way,3.74
Rawt,Drawing Board,3.74
Zedd,Stay (with Alessia Cara),3.74
Queen,I Want To Break Free - Remastered 2011,3.74
Frank Ocean,Crack Rock,3.74
Mac Miller,Angel Dust,3.73
Sam Fender,Leave Fast,3.73
Westside Gunn,Beef Bar,3.73
Nick Drake,Northern Sky,3.73
Dan Mason ダン·メイソン,Always,3.73
Jamie Stewart,Dosey Duh,3.73
Clairo,Just For Today,3.73
The Prodigy,We Live Forever,3.73
Vitamin String Quartet,Paper Bag,3.72
Mindless Self Indulgence,Straight To Video,3.72
Earl Sweatshirt,Sick!,3.72
Machine Girl,Nwofka Skullboy,3.72
Little Simz,Rollin Stone,3.72
Pierce The Veil,Just The Way You Are,3.72
DAY6,DANCE DANCE,3.72
Lil Ugly Mane,Breeze Em Out,3.72
Nick Drake,Sunday,3.72
Pink Floyd,San Tropez,3.72
DJ Rozwell,The Tadpole King,3.72
HEALTH,GNOSTIC FLESH/MORTAL HELL,3.72
Mitski,That's Our Lamp,3.72
desert sand feels warm at night,純粋な空気,3.71
Kim Gordon,Tree House,3.71
Xori,rainy season,3.71
Paramore,Thick Skull,3.71
Coldplay,ALL MY LOVE,3.71
Kelly Clarkson,Underneath the Tree,3.71
Boards of Canada,Triangles & Rhombuses,3.71
The Lumineers,Flowers In Your Hair,3.71
Leonard Cohen,There Is a War,3.71
King Krule,Biscuit Town,3.71
Coldplay,Green Eyes,3.7
Fontaines D.C.,Motorcycle Boy,3.7
Death Grips,Three Bedrooms In A Good Neighborhood,3.7
Yung Lean,Gold,3.7
This Heat,Independence,3.7
George Ezra,Paradise,3.7
Be More Chill,The Squip Lurks - Instrumental,3.7
Cap'n Jazz,Take On Me,3.7
KAYTRANADA,HOME,3.7
Young Fathers,Geronimo,3.7
Westside Gunn,FREE ROLEYS,3.69
Marshmello,Silence - Slushii Remix,3.69
Duck Sauce,Barbra Streisand,3.69
Playboi Carti,Right Now (feat. Pi'erre Bourne),3.69
Nia Archives,Crossroads,3.69
PAWSA,Dirty Cash (Money Talks),3.69
Girls Aloud,Sound Of The Underground,3.69
Sweet Trip,Walkers Beware! We Drive into the Sun,3.69
Lovejoy,It's All Futile! It's All Pointless!,3.69
PIPER,Night Shore,3.69
"Tyler, The Creator",Don't Tap That Glass / Tweakin',3.69
Infinity Frequencies,Mass Production,3.69
Kanye West,All Mine,3.69
Angelo Badalamenti,Audrey's Dance - Instrumental,3.69
Michael Jackson,She's Out of My Life - Single Version,3.68
ABBA,Hole In Your Soul,3.68
MEDUZA,Lose Control,3.68
Lenny Kravitz,Is There Any Love In Your Heart,3.68
A.R. Rahman,Jai Ho! (You Are My Destiny),3.68
Outkast,Ms. Jackson,3.68
Kendrick Lamar,tv off,3.68
Sabrina Carpenter,My Man on Willpower,3.68
Yung Lean,Salute / Pacman,3.68
Kid Trash,CDG,3.68
Travis Scott,HOUSTONFORNICATION,3.68
Gorillaz,Friday 13th (feat. Octavian),3.68
Hole,Jennifer's Body,3.68
McCoy Tyner,We'll Be Together Again,3.67
The Happy Fits,No Instructions,3.67
Japanese Breakfast,Paprika,3.67
Mount Eerie,I Have Been Told That My Skin Is Exceptionally Smooth,3.67
JPEGMAFIA,PANIC ROOM!,3.67
Beyoncé,Drunk in Love (feat. Jay-Z),3.67
Gorillaz,Baby Queen,3.67
Paramore,Be Alone,3.67
Massive Attack,Hymn Of The Big Wheel - 2012 Mix/Master,3.67
Kesha,Blow,3.67
FKA twigs,lightbeamers,3.67
By Storm,Zig Zag,3.66
Japanese Breakfast,Slide Tackle,3.66
Lowertown,Burn On My Own,3.66
BROCKHAMPTON,I BEEN BORN AGAIN,3.66
Angelo Badalamenti,Night Life in Twin Peaks - Instrumental,3.66
The Voidz,Lazy Boy,3.66
Mild High Club,Skiptracing,3.66
Jimi Hendrix,Burning of the Midnight Lamp,3.66
Swans,Gang,3.66
Paramore,(One of Those) Crazy Girls,3.66
Acetantina,Foot Cramp,3.66
MGMT,Nothing To Declare,3.66
Playboi Carti,King Vamp,3.65
Tom Waits,Such A Scream - 2023 Remaster,3.65
Viktor Vaughn,"Open Mic Nite, Pt. 2 (feat. Lord Sear & Hydro)",3.65
Pixies,There Goes My Gun,3.65
Fontaines D.C.,Desire,3.65
Lil Ugly Mane,Cup Fulla Beetlejuice,3.65
Jamie Stewart,Thanks for Nothing,3.65
Against All Logic,This Old House Is All I Have,3.65
Hotline TNT,Was I Wrong?,3.65
The Jackson 5,I Saw Mommy Kissing Santa Claus,3.65
Aphex Twin,#6,3.65
Japanese Breakfast,"Kokomo, IN",3.65
Thaiboy Digital,Beijing,3.64
Son Lux,This Is A Life,3.64
Viagra Boys,Stretch My Arms,3.64
dad sports,nrvs again,3.64
Porter Robinson,Get Your Wish,3.64
Lil Ugly Mane,can sex me,3.64
Elvis Presley,Always On My Mind,3.64
MM'99,Aerial,3.64
Fall Out Boy,Alone Together,3.63
Kanye West,Flashing Lights,3.63
Taylor Swift,I Can Do It With a Broken Heart,3.63
Yves Tumor,Ciervo,3.63
Magdalena Bay,Something for 2,3.63
Paramore,Rose-Colored Boy,3.63
Cocteau Twins,Love's Easy Tears,3.63
waveform*,Last Room,3.63
Mid-Air Thief,No Answer,3.63
Doja Cat,Tia Tamera (feat. Rico Nasty),3.63
Steelix,Lay It Down,3.63
Magdalena Bay,Prophecy,3.63
Taron Egerton,Thank You For All Your Loving,3.63
The Weeknd,The Birds Pt. 1,3.63
Mac Miller,Apparition,3.63
Lynks,Hey Joe (Relax),3.63
Gorillaz,Slow Country,3.62
Kendrick Lamar,hey now,3.62
Big Black,Steelworker,3.62
Avenade,Watch You Suffer As I Did,3.62
The Alchemist,Flying Spirit (feat. Bruiser Brigade),3.62
Clairo,Blouse,3.62
t e l e p a t h テレパシー能力者,水の下にキス,3.62
Memo Boy,Hell O Tender,3.62
Ice Cube,It Was A Good Day,3.62
Pink Siifu,tht bag,3.62
TLC,No Scrubs,3.62
JPEGMAFIA,"Lifes Hard, Here's A Song About Sorrel",3.62
Einstürzende Neubauten,Sand,3.62
CHANCE デラソウル,Le Knight Club Is Playing at My House,3.62
Wonder Girls,Tell Me,3.62
Kali Uchis,Flight 22,3.62
Madlib,Latino Negro,3.62
MF DOOM,Go With the Flow,3.62
Far East Movement,Like A G6,3.61
Ricky Montgomery,Mr Loverman,3.61
George Clanton,Punching Down,3.61
Yung Lean,Afghanistan,3.61
girl in red,watch you sleep.,3.61
Kenny Beats,Really Really,3.61
Lorde,Glory And Gore,3.61
BROCKHAMPTON,SEX,3.61
John Tartaglia,"There's a Fine, Fine Line (Reprise) / What Do You Do with a B.A. in English? (Reprise)",3.61
Bladee,CANT END ON A LOSS (OUTRO),3.61
Mac Miller,Malibu,3.61
Freddie Gibbs,Real,3.6
Kay Greyson,Paris,3.6
The Orion Experience,There's No Love in February,3.6
Viagra Boys,Creepy Crawlers,3.6
Travis Scott,BUTTERFLY EFFECT,3.6
my bloody valentine,cigarette in your bed,3.6
Bryan Adams,Summer Of '69,3.6
Mac Miller,San Francisco,3.6
Kid Trash,I WANT BOTH,3.6
KAYTRANADA,DO IT! (AGAIN!) (feat. TLC),3.6
Taylor Swift,mirrorball,3.6
My Chemical Romance,I Never Told You What I Do for a Living,3.6
Earl Sweatshirt,Loosie,3.6
8Ball & MJG,Lock Em in da Trunk (feat. DJ Zirk),3.6
Amyl and The Sniffers,Do It Do It,3.6
Pavement,Fame Throwa,3.59
Kim Gordon,It's Dark Inside,3.59
Xiu Xiu,Bunny Gamer,3.59
Nine Inch Nails,Getting Smaller,3.59
Cavetown,888,3.59
King Gizzard & The Lizard Wizard,Superposition,3.59
Surprise Chef,Consulate Case,3.59
Viagra Boys,Toad,3.59
The Jesus and Mary Chain,Sowing Seeds,3.59
Elton John,I'm Still Standing,3.59
Monty Python,Always Look On The Bright Side Of Life,3.59
Sematary,Louisville Slugger,3.59
Raccoon Venom,I Love You Like I Love I Love You Like an Alcoholic,3.59
セキトオ・シゲオ,ブルー・スター,3.59
Pixies,Trompe le Monde,3.59
Yung Lean,Iceman,3.58
Porter Robinson,do-re-mi-fa-so-la-ti-do,3.58
Candy Claws,Illusion (Fern Lake),3.58
Freddie Gibbs,Deeper,3.58
billy woods,Christine,3.58
Sleigh Bells,A/B Machines,3.58
Magdalena Bay,Star Eyes,3.58
The Birthday Party,Ho Ho,3.58
The Flaming Lips,A Spoonful Weighs a Ton - 2017 Remaster,3.58
Acetantina,The Glow from Above - Sludge Crunk Mix,3.58
Charli xcx,So I,3.58
Lil Ugly Mane,Radiation,3.57
underscores,Do It,3.57
Duster,Unrecovery,3.57
ABBA,I Have A Dream,3.57
Daniel Romano,Empty Husk,3.57
Erykah Badu,...& On,3.57
Imogen Heap,Hide and Seek,3.57
The Cure,Plainsong - Remastered,3.57
Pinegrove,Skylight,3.57
Caroline Polachek,Pang,3.57
Acetantina,Blindside,3.56
Lingua Ignota,For I Am the Light (and Mine is the Only Way),3.56
Lil B,T-Shirts Buddens,3.56
Limp Bizkit,Rollin' (Air Raid Vehicle),3.56
Boards of Canada,The Color Of The Fire,3.56
IDLES,Divide & Conquer,3.56
Sematary,Hallowed Be My Wrist,3.56
Master Peace,Heaven,3.56
SOPHIE,ELLE,3.56
Gorillaz,Starshine,3.56
Loyle Carner,Still,3.56
Naked Giants,Twist,3.56
SPELLLING,Turning Wheel,3.56
"Tyler, The Creator",Colossus,3.56
Reeve Carney,Wedding Song,3.55
Dorothy Ashby,"Theme From ""Valley Of The Dolls""",3.55
Edan,The Science Of The Two,3.55
J Dilla,One Eleven,3.55
Fiona Apple,Heavy Balloon,3.55
MUNA,Anything But Me,3.55
The Prodigy,Everybody in the Place,3.55
"Hey, Ily",Slumped,3.55
Kid Trash,LIKE ME,3.55
julie,daisy pusher,3.55
Viagra Boys,Creatures,3.55
PSY,I Love Sex,3.55
Justin Bieber,Intentions,3.55
Xeo,Socials,3.55
Bears In Trees,Laugh/Cry,3.55
Fleetwood Mac,You Make Loving Fun - 2004 Remaster,3.54
Sabrina Carpenter,Manchild,3.54
Weyes Blood,Titanic Rising,3.54
Caroline Polachek,Caroline Shut Up,3.54
Madvillain,Money Folder (Instrumental),3.54
Sugababes,About You Now,3.54
Sufjan Stevens,Revelation I,3.54
Nicki Minaj,Did It On’em,3.54
Lady Gaga,Applause,3.54
Mitski,Bug Like an Angel,3.54
Caroline Polachek,Parachute,3.54
Colm Wilkinson,Prologue: What Have I Done?,3.54
CHANCE デラソウル,Don't Stop,3.53
Ecco2k,PXE,3.53
Gigi Perez,Sailor Song,3.53
Soulja Boy,Crank That (Soulja Boy),3.53
WHATMORE,jackie chan,3.53
Kevin Abstract,Baby Boy,3.53
The Kinks,Supersonic Rocket Ship (2022 Remaster),3.53
BROCKHAMPTON,DISTRICT,3.53
Of Monsters and Men,Mountain Sound,3.52
Deftones,Rickets,3.52
The Weeknd,Hardest To Love,3.52
Sublime,Scarlet Begonias,3.52
Queen,My Melancholy Blues - Remastered 2011,3.52
Whirr,Press,3.52
McFly,Broccoli,3.52
Cocteau Twins,"Sea, Swallow Me",3.52
Justice,We Are Your Friends - Justice Vs Simian,3.52
Johnny Cash,"I Got Stripes - Live at Folsom State Prison, Folsom, CA (2nd Show) - January 1968",3.52
Xiu Xiu,I Cannot Resist,3.52
Sufjan Stevens,Lost In The World,3.52
Britney Spears,...Baby One More Time,3.52
2003 Toyota Corolla,2005 Toyota Corolla,3.52
Daniel Johnston,She Called Pest Control,3.52
Pavement,Harness Your Hopes - B-side,3.52
Alex G,Promise,3.51
Yves Tumor,Fear Evil Like Fire,3.51
Lil Ugly Mane,Old Person Controller,3.51
Jessie Ware,Step Into My Life,3.51
The Jesus and Mary Chain,The Living End,3.51
Loyle Carner,horcrux,3.51
Yung Lean,Forever Yung,3.51
jonatan leandoer96,Hotel in Minsk,3.51
Bladee,50SACINMYSOCIDGAF,3.51
A$AP Rocky,ROBBERY,3.51
Lingua Ignota,IN TONGUES,3.51
garden airplane-trap,EST,3.51
FKA twigs,"Keep It, Hold It",3.51
Kate Bush,Babooshka,3.5
King Krule,Underclass,3.5
Young Fathers,Holy Moly,3.5
Grace Jones,Slave To The Rhythm - Hot Blooded Version,3.5
Godspeed You! Black Emperor,where we break how we shine (ROCKETS FOR MARY),3.5
¥$,FUK SUMN,3.49
Viktor Vaughn,Never Dead (feat. M. Sayyid as Curis Strifer),3.49
Mount Eerie,Woolly Mammoth's Mighty Absence,3.49
Sweet Trip,"The Weight of Comfort, This Rain is Comfort, This Rain is You",3.49
J Dilla,Geek Down,3.49
Bladee,COLD VISIONS (OUTRO 2),3.49
Fiona Apple,Every Single Night,3.49
BROCKHAMPTON,TAPE,3.49
Loyle Carner,time to go,3.49
Billie Eilish,my future,3.49
David Bowie,Sons of the Silent Age - 2017 Remaster,3.49
Arctic Monkeys,Black Treacle,3.49
Kendrick Lamar,Rich - Interlude,3.49
The Voidz,All Wordz Are Made Up,3.49
Park National,"Live Slow, Skate Fast",3.49
Kerli,Tea Party,3.49
Noname,Diddy Bop (feat. Cam O'bi & Raury),3.49
Caroline Polachek,Crude Drawing Of An Angel,3.48
Kanye West,Pt. 2,3.48
Daniel Johnston,A Little Story,3.48
FKA twigs,thank you song,3.48
Bladee,Psycho,3.48
Panchiko,Find it (A Song),3.48
Park National,Beef Shawarma,3.48
De La Soul,(3 Is) The Magic Number,3.48
pewdiepie,T-series Diss Track,3.48
Boney M.,Daddy Cool,3.48
Ariana Grande,God is a woman,3.48
Nick Cave & The Bad Seeds,Rings Of Saturn,3.48
Dry Cleaning,Viking Hair - 2024 Remaster,3.47
Young Fathers,Shoot Me Down,3.47
Doja Cat,Kiss Me More (feat. SZA),3.47
Quadeca,U DON’T KNOW ME LIKE THAT,3.47
Cypress Hill,Insane in the Brain,3.47
PJ Harvey,Yuri-G,3.47
Lord Huron,The Night We Met,3.47
Talking Heads,Seen and Not Seen - 2005 Remaster,3.47
Saba,Crash (feat. Raphael Saadiq and Kelly Rowland),3.47
wifiskeleton,Nope your too late i already died,3.47
My Chemical Romance,"Look Alive, Sunshine",3.47
Burial,Untitled,3.47
Dominique Guiot,Destination Inconnue,3.47
Cameron Winter,The Rolling Stones,3.47
SPELLLING,The Future,3.47
Tøyen Holding,247,3.47
Sufjan Stevens,Celebration IV,3.47
Radiohead,Exit Music (For a Film) - Remastered,3.46
Caroline Polachek,Go As a Dream,3.46
2021 London Cast of Cabaret,Perfectly Marvellous,3.46
Buckcherry,Dead Again,3.46
The Cardigans,Sick & Tired,3.46
Danny Brown,Book of Daniel,3.46
Xiu Xiu,"At Last, at Last",3.46
Magdalena Bay,Dawning of the Season,3.46
Cameron Winter,Can't Keep Anything,3.46
my bloody valentine,(When You Wake) You’re Still In A Dream,3.45
Bladee,Finder,3.45
Madlib,Hopprock,3.45
George Harrison,I'd Have You Anytime - 2014 Remaster,3.45
Viktor Vaughn,The Drop,3.45
Kanye West,Good Life,3.45
Nirvana,Mr. Moustache,3.45
Madvillain,America's Most Blunted (Instrumental),3.45
Aled Jones,Walking In the Air,3.45
Coldplay,Higher Power,3.44
TV Girl,Till You Tell Me to Leave,3.44
Sonic Youth,Catholic Block,3.44
Gorillaz,Possession Island (feat. Beck),3.44
Duster,Diamond,3.44
Starry Cat,I Think You're Really Beautiful,3.44
J Dilla,Gobstopper,3.44
Lamb,God Bless,3.44
Björk,Claimstaker,3.44
Alvvays,Lollipop (Ode to Jim),3.44
MIMIDEATH,Calcium,3.44
MARINA,Ancient Dreams in a Modern Land,3.43
The Alchemist,Ocean Prime (feat. Boldy James),3.43
Park National,Faking My Own Death,3.43
Michael Cera,Of a Thursday,3.43
Daniel Johnston,Never Relaxed,3.43
The Stone Roses,(Song for My) Sugar Spun Sister - Remastered 2009,3.43
Acetantina,Manhole Incident,3.43
2003 Toyota Corolla,2010 Toyota Corolla,3.43
Benny Goodman Sextet,Moonglow,3.43
Frank Ocean,Facebook Story,3.43
Ray Laurél,HUNTER SCHAFER,3.43
The Beatles,Back In The U.S.S.R,3.43
Monkey and the Permavirgins,Where The Sky Meets The Sea,3.43
Lester Young,There Will Never Be Another You,3.43
Olly Murs,You Don't Know Love,3.43
billy woods,Haarlem,3.43
Psychedelic Porn Crumpets,Big Dijon,3.42
The Avalanches,Ghost Story,3.42
The Voidz,Black Hole,3.42
Julian Casablancas,I Wish It Was Christmas Today,3.42
underscores,Good luck final girl,3.42
Slauson Malone 1,New Joy,3.42
Wankelmut,My Head Is A Jungle - MK Remix / Radio Edit,3.42
Stereophonics,Have A Nice Day,3.42
Acetantina,Dream Deluxe,3.42
DreamWeaver,Altered Reality,3.42
Fontaines D.C.,Sundowner,3.42
Acetantina,Body Parts,3.42
We The Kings,Secret Valentine,3.42
Erroll Garner,Misty,3.42
IDLES,When the Lights Come On,3.42
julie,lochness,3.42
KNEECAP,Better Way To Live,3.42
Caroline Polachek,Ocean of Tears,3.42
bootleg gizzard,Satan Speeds up (Live in Chicago ’23),3.41
Arctic Monkeys,The Blond-O-Sonic Shimmer Trap,3.41
The Alchemist,I Hate Everything (feat. Action Bronson),3.41
Kanye West,Ok Ok pt 2,3.41
Westside Gunn,ADAM PAGE,3.41
McCoy Tyner,Days Of Wine And Roses,3.41
The Mothers Of Invention,Absolutely Free,3.41
Vitamin String Quartet,To Your Love,3.41
Tim Hecker,No Drums,3.4
Lightning Bolt,Longstockings,3.4
Lovejoy,Cause for Concern,3.4
francesca,Slipping Away,3.4
JPEGMAFIA,vulgar display of power,3.4
Danny Brown,What You See,3.4
JAY-Z,Jigga That Nigga,3.4
Marvin Gaye,Soon I'll Be Loving You Again,3.4
Avril Lavigne,Sk8er Boi,3.4
JPEGMAFIA,You Think You Know,3.4
Bo Burnham,Sexting,3.4
Goreshit,"we're gonna cut your dick off, larry",3.4
LSD and the Search for God,(I Don't Think That We Should) Take It Slow,3.39
Viper,No 1 Had a Clue,3.39
DAY6,If 〜また逢えたら〜,3.39
KAYTRANADA,Video (feat. Ravyn Lenae),3.39
Elias,Moneypeople,3.39
PIPER,Summer Breeze,3.39
Lil Peep,beamer boy,3.39
Minor Threat,"Small Man, Big Mouth",3.39
Mahalia,I Wish I Missed My Ex,3.38
Black Flag,Damaged II,3.38
JPEGMAFIA,FEED HER!,3.38
100 gecs,dog food,3.38
Boris,Ibitsu,3.38
Burial,Nova,3.38
Slowdive,Some Velvet Morning,3.38
Infinity Frequencies,Lost Dreams,3.38
Marshmello,FRIENDS,3.38
The Score,Oh My Love,3.37
100 gecs,Runaway,3.37
ABBA,Does Your Mother Know,3.37
2021 London Cast of Cabaret,Willkommen,3.37
Arca,Born Yesterday,3.37
Machine Girl,Nu Nu Meta Phenomena,3.37
The Alchemist,Holy Hell (feat. Pink Siifu & Maxo),3.37
Sewerslvt,NTR Ending (Cardiac Arrest Due To Overdose),3.37
DJ Rozwell,Lizard Man Lake,3.37
Arca,Chama,3.37
Boyinaband,Don't Stay in School,3.37
Elliott Smith,St. Ides Heaven,3.37
Trophy Wife,Keep It,3.37
Tom Waits,Jesus Gonna Be Here - 2023 Remaster,3.36
Daniel Johnston,Pot Head,3.36
The Flaming Lips,Buggin' - Mokran Mix; Alternate 2017 Remaster,3.36
Infinity Frequencies,Still Life,3.36
Xiu Xiu,A Classic Screw,3.36
My Chemical Romance,Hang 'Em High,3.36
KAYTRANADA,backstABS,3.36
A$AP Rocky,Sandman,3.36
Rob Zombie,Living Dead Girl,3.36
Viagra Boys,Lick the Bag,3.36
George Ezra,Shotgun,3.35
セキトオ・シゲオ,涙のトッカータ,3.35
Laraaji,The Dance No. 3,3.35
Jessica Darrow,Surface Pressure,3.35
Joan Baez,It Ain't Me Babe,3.35
David Guetta,Who's That Chick? (feat. Rihanna),3.35
Kesha,TiK ToK,3.35
Duster,The Breakup Suite,3.35
D'Angelo,The Charade,3.35
My Chemical Romance,Fake Your Death,3.35
Radiohead,Scatterbrain,3.35
George Ezra,Budapest,3.35
Kenny Beats,Drop 10,3.35
Nick Drake,Bryter Layter,3.34
Bears In Trees,Ibuprofen,3.34
PinkPantheress,Take Me Home,3.34
The Ronettes,Walking In the Rain,3.34
Windows 96,Hazy Trip,3.34
Mild High Club,Kokopelli,3.34
Zedd,Stay - Jonas Blue Remix,3.34
Sir Chloe,Untie You,3.34
Smash Mouth,All Star,3.34
Frank Ocean,Monks,3.34
Injury Reserve,Back Then,3.34
MKULTRA,Creation Myth,3.34
Mura Masa,Today (with Tirzah),3.34
Edan,Beauty,3.33
Twinkle Park,A Different Kind of Sweet,3.33
Benny The Butcher,Took the Money to the Plug's House,3.33
The Beatles,You Won't See Me - Remastered 2009,3.33
Bears In Trees,Seaside,3.33
CHANCE デラソウル,Things Get Better,3.33
Monkey and the Permavirgins,Cypress Friends,3.33
Machine Girl,Waited So Long,3.33
my bloody valentine,Nothing Much To Lose,3.33
A. G. Cook,Being Harsh,3.33
Fleetwood Mac,Songbird - 2004 Remaster,3.33
Boris,Furi,3.33
Beach Bunny,Prom Queen,3.33
Post Malone,Allergic,3.33
Candy Claws,Charade (Fern Prairie),3.33
Michael Cera,Best I Can (feat. Sharon Van Etten),3.33
Bob Vylan,Makes Me Violent,3.33
Jerskin Fendrix,"""I Just Hope She's Alright""",3.33
slowthai,i know nothing,3.33
Swans,Her Mouth Is Filled With Honey,3.33
clipping.,The Show,3.33
Pusha T,Rock N Roll (feat. Kanye West & Kid Cudi),3.33
AJ Tracey,Ladbroke Grove,3.33
The Orion Experience,Your New Boyfriend,3.33
100 gecs,fuck Teeth,3.32
M83,Be Wild,3.32
The Orion Experience,Adrianne,3.32
cupcakKe,Deepthroat,3.32
Armand Hammer,Robert Moses,3.32
Caroline Polachek,Hopedrunk Everasking,3.32
Family Vision,Chop Shop,3.32
Pink Floyd,"Signs Of Life - 2019 Remix, Live",3.32
Bladee,Butterfly,3.32
Oneohtrix Point Never,No Good,3.31
Bastille,Can’t Fight This Feeling,3.31
The Mothers Of Invention,The Idiot Bastard Son,3.31
Shygirl,mr useless,3.31
Frost Children,Shake It Like A (feat. Danny Brown),3.31
The Microphones,(Something) - 1,3.31
Alex G,Come Back,3.31
mxmtoon,asking for a friend,3.31
WHATMORE,white subie,3.31
Aphex Twin,Bucephalus Bouncing Ball [Chosen by Warp co-founder Steve Beckett],3.31
Little Simz,Heart on Fire,3.31
Deap Vally,Lies,3.31
Flying Lotus,Black Gold,3.31
Alvvays,Lottery Noises,3.31
my bloody valentine,I Can See It (But I Can’t Feel It),3.31
SPIRIT OF THE BEEHIVE,DEATH,3.31
Purple Mountains,Maybe I’m the Only One For Me,3.31
AJ Tracey,Graveyard Shift (feat. Slowthai),3.31
PUP,Full Blown Meltdown,3.3
Madlib,Duumbiyay,3.3
Blur,Far Out - 2012 Remaster,3.3
Fountains Of Wayne,Stacy's Mom,3.3
Slushii,Closer,3.3
Daniel Romano,Rhythmic Blood,3.3
DJ Rozwell,"Cave of Time, Pt. 1",3.3
The Orion Experience,We Are the Ones,3.3
Leonard Cohen,A Singer Must Die,3.3
Nia Archives,Sober Feels,3.29
Torren Foot,New Bottega,3.29
Master Peace,Panic101,3.29
We The Kings,Skyway Avenue,3.29
Trippie Redd,Bando Kid,3.29
Loyle Carner,purpose,3.29
Tkay Maidza,Awake,3.29
The Antlers,Thirteen,3.29
Duster,New Directions,3.29
Nervus,Sick Sad World,3.29
Nujabes,Think Different (feat. Substantial),3.29
SOPHIE,Not Okay,3.29
KATSEYE,Gabriela,3.29
Death Grips,Warping,3.29
Bears In Trees,Cobwebs,3.29
Billie Holiday,You've Changed,3.28
Duster,Heading for the Door,3.28
Siouxsie and the Banshees,Spellbound,3.28
Sufjan Stevens,Celebration III,3.28
Dan Mason ダン·メイソン,Shade,3.28
The Voidz,QYURRYUS,3.28
CZARFACE,Czarwyn's Theory of People Getting Loose,3.28
Jean-Michel Jarre,"Oxygene, Pt. 3",3.28
Paramore,Proof,3.28
Soccer Mommy,rom com 2021,3.27
Young Thug,Swizz Beatz,3.27
Sufjan Stevens,A Good Man Is Hard to Find,3.27
Lil Ugly Mane,Down,3.27
Busted,Year 3000,3.27
Queens of the Stone Age,Another Love Song,3.27
PUP,Closure,3.27
Edan,Rock And Roll,3.27
Sufjan Stevens,Revelation V,3.27
Lovejoy,The Fall,3.27
Lady Gaga,Stupid Love,3.27
Bill Evans,B Minor Waltz - Remastered 2003,3.27
Martin Garrix,In the Name of Love,3.27
Taylor Swift,Cruel Summer,3.27
Twenty One Pilots,Heathens,3.27
Fleetwood Mac,I Don't Want to Know - 2004 Remaster,3.26
Kanye West,Good Morning,3.26
Mac Miller,Break the Law,3.26
clipping.,Check the Lock,3.26
Dreamwell,You Dreamt of Me I Dreamt of a Mountain of Salt,3.26
Alex G,Rules,3.26
Harry Nilsson,Let The Good Times Roll,3.26
BROCKHAMPTON,HONEY,3.25
KAYTRANADA,Hold On (feat. Dawn Richard),3.25
HAIM,The Wire,3.25
Blur,Ice Cream Man,3.25
Young Fathers,Tell Somebody,3.25
The Orion Experience,All Dolled Up,3.25
Model/Actriz,Donkey Show,3.25
Mach-Hommy,The Stellar Ray Theory,3.24
girl in red,i'll die anyway.,3.24
Young Fathers,Be Your Lady,3.24
Macabre Plaza,Till the Wheels Fall Off,3.24
Mikey Mike,Doin' Me,3.24
Lil Nas X,SCOOP (feat. Doja Cat),3.24
STOMACH BOOK,Animals,3.24
Mount Eerie,Great Ghosts,3.24
Jamie Stewart,"As a Favor to Me, Please Kill Your Wife's Stepfather",3.24
Panic! At The Disco,Victorious,3.24
Kesha,Cannibal,3.24
Caroline Polachek,Insomnia,3.24
King Gizzard & The Lizard Wizard,Doom City,3.23
Thee Sinseers,Seems Like,3.23
Johnny Cash,"I Still Miss Someone - Live at Folsom State Prison, Folsom, CA (1st Show) - January 1968",3.23
Freddie Gibbs,Shame (feat. BJ The Chicago Kid),3.23
j1nabae,issues,3.23
Charli xcx,SuperLove,3.23
Suede Razors,Rubies and Pearls,3.23
Woody Herman & His Orchestra,Early Autumn,3.23
Lamp,二十歳の恋,3.22
Gorillaz,Tormenta (feat. Bad Bunny),3.22
Black Eyed Peas,Don’t Stop The Party,3.22
Lady Gaga,Zombieboy,3.22
Queen,We Are The Champions - Remastered 2011,3.22
JPEGMAFIA,NICE!,3.22
Neutral Milk Hotel,Engine,3.22
"Tyler, The Creator",BLESSED,3.22
C418,Droopy Likes Ricochet,3.22
Sleigh Bells,Rachel,3.22
shame,Fingers of Steel,3.22
BROCKHAMPTON,2PAC,3.22
Swans,The Wolf,3.22
Reeve Carney,Epic I,3.21
Thaiboy Digital,Baby,3.21
Suishou no Fune,Your Tears Drop From The Sky,3.21
セキトオ・シゲオ,シンフォニー第3番 Op. 90 第3楽章,3.21
Jacob Maul,Fantasy Garden,3.21
Prurient,Dragonflies to Sew You Up,3.21
Lil Yachty,paint THE sky,3.21
Caterina Valente,Ev'ry Time We Say Goodbye,3.21
DJ Fresh,Gold Dust - Radio Edit,3.21
Britney Spears,Circus,3.21
Tom Waits,Day After Tomorrow,3.21
Ariana Grande,What Is This Feeling?,3.2
Washed Out,Feel It All Around,3.2
Edan,Torture Chamber,3.2
Milky Sad,Red Cups,3.2
Isaiah Rashad,Free Lunch,3.2
Eddie Redmayne,Empty Chairs At Empty Tables,3.2
KAYTRANADA,DON'T WORRY BABE / I GOT U BABE,3.2
KAYTRANADA,THINGS,3.2
Fiona Apple,Daredevil,3.2
Max B.,6 Days - Memo Boy Remix,3.2
SWAVAY,Shift in Behavior,3.2
Khruangbin,Chocolate Hills,3.2
Harry Styles,Grapejuice,3.2
John Coltrane Quartet,Nancy (With The Laughing Face),3.2
Alex G,Whale,3.2
The Birthday Party,Blundertown,3.2
shame,March Day,3.2
CHANCE デラソウル,Thanks for Everything,3.19
Sematary,Witching Hour,3.19
Squeeze,Up The Junction,3.19
The Weeknd,Scared To Live,3.19
Pusha T,Untouchable,3.19
夕方の犬(U ・ェ・),Untitled 2,3.19
Bladee,Cartier'god Icedancer (Intermission),3.19
Blood Orange,Clipped On,3.19
Dean Blunt,Chancer,3.19
Yves Tumor,HP Junt,3.19
Emancipator,Greenland,3.18
Yves Tumor,IGWAGBD,3.18
Sonic Youth,Drunken Butterfly,3.18
Elliott Smith,Coming Up Roses,3.18
KPR Sounds,Smooth Rain,3.18
TV Girl,For You,3.18
Fiona Apple,On I Go,3.18
Eric Clapton,Tears in Heaven,3.18
Vince Staples,Party People,3.18
New Order,Temptation,3.18
Ruthven,I Can't Go There,3.18
The Beach Boys,Girls On The Beach,3.17
David Bowie,V-2 Schneider - 2017 Remaster,3.17
Charli xcx,What I Like,3.17
Bladee,First Crush,3.17
Alex G,Boy,3.17
KAYTRANADA,SHINE YOUR LIGHT FOR WE,3.17
Queen,Innuendo - Remastered 2011,3.17
PUP,"Bloody Mary, Kate and Ashley",3.17
Tally Hall,Be Born,3.17
Frank Sinatra,I'll Be Home For Christmas (If Only In My Dreams) - Remastered 1999,3.17
Green Day,Murder City,3.17
Matilda the Musical Original Cast,School Song,3.17
Michael Cera,Kettle,3.17
DJ Rozwell,Windows XP Startup Sound,3.17
LOSTBOYJAY,COULD BE WRONG,3.17
Nujabes,Letter from Yokosuka,3.16
Thundercat,Jethro,3.16
Irene Kral,"I Like You, You're Nice",3.16
Jay Rock,"King's Dead (with Kendrick Lamar, Future & James Blake)",3.16
Jalen Ngonda,Just Like You Used To,3.16
The Birthday Party,Dull Day,3.16
Jane Remover,let down,3.16
Lewis Taylor,Kickin' In The Beat,3.16
Alvvays,Velveteen,3.16
Y2K,DIRT (feat. JPEGMAFIA),3.16
Bob Vylan,Lynch Your Leaders,3.16
Isaiah Rashad,From the Garden (feat. Lil Uzi Vert),3.16
The Flaming Lips,Approaching Pavonis Mons by Balloon (Utopia Planitia),3.15
I DONT KNOW HOW BUT THEY FOUND ME,Modern Day Cain,3.15
George Clanton,Blast Off,3.15
Ecco2k,GT-R,3.15
DJ Rozwell,The Secret Shoppers,3.15
MF DOOM,?,3.15
Nia Archives,Unfinished Business,3.15
100 gecs,One Million Dollars,3.15
"Tyler, The Creator",Big Poe (feat. Sk8brd),3.15
Yellow Claw,Till It Hurts,3.14
Kzoba,DEATHWiSH,3.14
Rx Papi,Still In Da Hood,3.14
A$AP Rocky,Demons,3.14
Park National,The Key,3.14
Slauson Malone 1,Uchromia (see page 15),3.14
Shygirl,F*Me,3.14
Master Peace,Shangaladang,3.14
セキトオ・シゲオ,オー・マイ・ラブ,3.14
Swans,Secret Friends,3.14
D'Angelo,The Door,3.14
Primal Scream,Loaded - Andy Weatherall Mix,3.13
Yung Lean,Muddy Sea,3.13
billy woods,Versailles,3.13
Haley Heynderickx,Mother,3.13
Xxtarlit⚸,Fleeting Frozen Heart,3.13
JPEGMAFIA,THOT'S PRAYER!,3.13
Ewy,stay away stay away,3.13
Acetantina,Approach Me (2),3.13
"Black Country, New Road",Intro,3.13
Paramore,The News,3.13
shame,Water in the Well,3.13
Cardi B,WAP (feat. Megan Thee Stallion),3.13
Skatune Network,(Sk)A-Punk,3.13
Bladee,FLEXING & FINESSING,3.13
Roger Allam,Stars,3.13
Viktor Vaughn,Lickupon,3.12
IDLES,Date Night,3.12
Kanye West,I Love Kanye,3.12
Boards of Canada,Smokes Quantity,3.12
Japanese Breakfast,Sit,3.12
Flying Lotus,Your Day Off,3.12
LVL1,FVN!,3.12
David Bowie,Joe the Lion - 2017 Remaster,3.12
Candy Claws,Where I Found You (One Star),3.12
Glass Animals,Youth,3.12
Kanye West,School Spirit,3.12
Blur,Parklife,3.12
Caroline Polachek,I Give Up,3.12
Yung Lean,Silver Arrows,3.11
7xvn,https://murder. com,3.11
bliss3three,C3L3STIAL_CITY,3.11
King Gizzard & The Lizard Wizard,Sadie Sorceress,3.11
Body Meat,Ghost - Injury Reserve Remix,3.11
Doja Cat,You Right,3.11
Dorian Electra,Give Great Thanks,3.11
VAPERROR,Krystal GB,3.11
Squarepusher,Do You Know Squarepusher,3.11
Magdalena Bay,Follow The Leader,3.11
Elliott Smith,Southern Belle,3.11
Green Day,The American Dream Is Killing Me,3.1
Standing On The Corner,Wordee,3.1
Infinity Frequencies,Stars,3.1
M83,America,3.1
The Streets,Too Much Brandy,3.1
The Lumineers,Dead Sea,3.1
Niall Horan,Heaven,3.1
Rawt,Hit Me,3.1
PIPER,Starlight Love,3.1
The Garden,Kiss My Super Bowl Ring,3.1
Michael Cera,Too Much,3.1
infinite bisous,Period,3.09
Arctic Monkeys,The Bad Thing,3.09
LE SSERAFIM,"Eve, Psyche & The Bluebeard’s wife",3.09
Bladee,7-Eleven,3.09
DJ Rozwell,Wizard in the Woods,3.09
Converge,Fault and Fracture,3.09
Modern Baseball,Going To Bed Now,3.09
De La Soul,Rock Co.Kane Flow (feat. MF Doom),3.09
Alex G,Go Away,3.09
Bob Vylan,Dream Bigger,3.08
my bloody valentine,All I Need,3.08
Soap&Skin,Me and the Devil,3.08
Jamie xx,Baddy On The Floor,3.08
Lil Ugly Mane,bold futile flavor,3.08
Sufjan Stevens,Size Too Small,3.08
The Bug,Fuck a Bitch,3.08
Darkoo,Favourite Girl (with Rema),3.08
The Avalanches,Until Daylight Comes,3.08
PinkPantheress,Stateside + Zara Larsson,3.08
Black Dresses,PLEASE BE NICE,3.08
Quadeca,BEING YOURSELF,3.08
Yellow Claw,Good Day (feat. DJ Snake & Elliphant),3.08
Viktor Vaughn,Raedawn,3.08
Infinity Frequencies,Breeze,3.07
Death Grips,The Horn Section,3.07
J Dilla,Stepson Of The Clapper,3.07
Burial,Dog Shelter,3.07
Tally Hall,Haiku,3.07
Tkay Maidza,So Cold,3.07
Young Fathers,Sink Or Swim,3.07
Home,New Machines,3.07
Tom Waits,All Stripped Down - 2023 Remaster,3.07
Regendans,Raindrop Rendezvous: Blissful Rainfall Recording,3.07
Caroline Polachek,Look At Me Now,3.07
Doechii,WAIT,3.07
St. Vincent,Pay Your Way In Pain,3.06
Megan Thee Stallion,Thot Shit,3.06
Sir Chloe,Easy on You,3.06
Lil B,Swag Like Ohio,3.06
The Beatles,Her Majesty - Remastered 2009,3.06
Sir Chloe,Sedona,3.06
Nicki Minaj,Va Va Voom,3.06
The Mothers Of Invention,Flower Punk,3.06
Daniel Johnston,Premarital Sex,3.06
Fontaines D.C.,Roy's Tune,3.06
Master Peace,Start You Up,3.06
Magdalena Bay,Mercurial World,3.06
DJ Rozwell,The Last Great Blank Space On Earth,3.06
The Orion Experience,Like Sexy Dynamite,3.05
100 gecs,gum,3.05
Bladee,College Boy,3.05
Bears In Trees,Permanence,3.05
Genesis Owusu,Easy,3.05
Mac Miller,Happy Birthday,3.05
jschlatt,White Christmas,3.05
Sublime,Santeria,3.05
Green Day,"Brain Stew - Live at Milton Keynes National Bowl, Milton Keynes, England, 6/18/05",3.04
Acetantina,Hydrate!,3.04
Kanye West,Junya pt 2,3.04
John Coltrane Quartet,They Say It's Wonderful,3.04
Sabrina Carpenter,Nobody’s Son,3.04
Sir Chloe,Squaring Up,3.04
mishasgrave,no1,3.04
IDLES,White Privilege,3.04
Pixies,Dig for Fire,3.04
Yung Lean,Hunting My Own Skin,3.04
Elvis Presley,Can't Help Falling in Love,3.04
"Tyler, The Creator",Tomorrow,3.04
Xori,woke up in a forest lol,3.04
Converge,Concubine,3.04
Charli xcx,Rewind featuring bladee,3.04
Kero Kero Bonito,21/04/20,3.03
Candy Claws,Into the Deep Time (One Sun),3.03
Sega Bodega,Salv Goes To Hollywood,3.03
Alameda 5,Blitz-Krieg-Spiel,3.03
Tom Waits,In The Colosseum - 2023 Remaster,3.03
oreglo,peck,3.03
of Montreal,Paranoiac Intervals/Body Dysmorphia,3.03
Let It Rain,Relaxing Sleep Ambience,3.03
The Microphones,I'll Not Contain You,3.03
The Beatles,Revolution - Remastered 2009,3.03
A$AP Rocky,Get Lit (feat. Fat Tony),3.03
Memo Boy,Escape from Wüstenforschungszentrum,3.02
Baby Keem,INVENTED IT,3.02
Jerskin Fendrix,I'll Wait for It,3.02
100 gecs,745 sticky (Black Dresses Remix),3.02
waveform*,Shooting Star,3.02
Skin On Skin,Burn Dem Bridges - Nia Archives Edit,3.02
NANORAY,DesktopBuddy,3.02
Frank Sinatra,In The Wee Small Hours Of The Morning - Remastered 1998,3.02
Octavian,Papi Chulo,3.02
Suki Waterhouse,Johanna,3.02
Royel Otis,Murder on the Dancefloor - triple j Like A Version,3.01
The Cramps,Surfin' Bird,3.01
Kim Jung Mi,Ganadaramabasa,3.01
Fred again..,leavemealone - Nia Archives Remix,3.01
Marshmello,Love U,3.01
Nia Archives,Cards On The Table,3.01
Master Peace,Sick In The Bathroom,3.01
Playboi Carti,ILoveUIHateU,3.01
King Gizzard & The Lizard Wizard,Pop In My Step,3.01
Dazey and the Scouts,Sweet Cis Teen,3.01
Black Eyed Peas,Pump It,3.0
Wallows,Are You Bored Yet? (feat. Clairo) - Mura Masa Remix,3.0
Lucy Dacus,Brando,3.0
waveform*,Blue Disaster,3.0
Pixies,The Sad Punk,3.0
The Spinners,I'll Always Love You,3.0
Flying Lotus,The Eyes of Vengeance,3.0
girl in red,i need to be alone.,3.0
Eartheater,High Tide,3.0
Tom Waits,A Little Rain - 2023 Remaster,2.99
SPIRIT OF THE BEEHIVE,THERE’S NOTHING YOU CAN’T DO,2.99
Re-Logic,Underground,2.99
JPEGMAFIA,Run The Jewels,2.99
The Beatles,The Ballad Of John And Yoko - Remastered 2015,2.99
KNEECAP,THE RECAP,2.99
Infinity Frequencies,Spectrum,2.99
Sonic Youth,Creme Brulee,2.99
DEADCITIZEN,please put me to sleep baby,2.99
Panchiko,Shandy in the Graveyard,2.99
Varg²™,SHINIE,2.99
Charlie Clouser,Hello Zepp + Overture,2.99
Pixies,La La Love You,2.99
Daniel Johnston,I Picture Myself with a Guitar,2.99
Mannequin Pussy,I Got Heaven,2.98
Kevin Abstract,Peach,2.98
Mac Miller,Weekend (feat. Miguel),2.98
MF DOOM,Hero v.s. Villain (Epilogue),2.98
Patti Page,Changing Partners,2.98
Converge,The Broken Vow,2.98
Alvvays,Many Mirrors,2.98
Dominique Guiot,Les Deux Poissons,2.98
DJ Shadow,Transmission 2,2.97
Memo Boy,Bucket,2.97
The Jesus and Mary Chain,Cut Dead,2.97
Olivia Rodrigo,good 4 u,2.97
Bob Vylan,Intro,2.97
Pixies,In Heaven,2.97
Alvvays,Tile By Tile,2.97
cLOUDDEAD,Apt. A (1) (2024 Remastered),2.97
Nick Drake,Fly,2.97
Viagra Boys,To the Country,2.97
Cage The Elephant,Halo,2.97
Edan,Making Planets,2.97
Harry Styles,Late Night Talking,2.97
SPIRIT OF THE BEEHIVE,THE SERVER IS IMMERSED,2.96
Mac Miller,Ave Maria,2.96
Lil B,Thank God Im Based,2.96
The Flaming Lips,"Yoshimi Battles the Pink Robots, Pt. 2",2.96
Kendrick Lamar,luther,2.96
Caroline Polachek,Smoke,2.96
Madvillain,Rainbows (Instrumental),2.96
The Frights,Freaking Me Out,2.96
Westside Gunn,Richies,2.96
Léa Sen,lvl 3 - EDGE OF THE MAP,2.95
Little Simz,Boss,2.95
Arca,Estrogen,2.95
Little Simz,Gems - Interlude,2.95
Surprise Chef,Body Slam,2.95
Body Meat,Combo,2.95
Lil Yachty,The Alchemist.,2.95
SPIRIT OF THE BEEHIVE,WAKE UP (IN ROTATION),2.95
DJ Rozwell,Vatican Vault,2.95
Lovejoy,"Oh Yeah, You Gonna Cry?",2.95
Chet Baker Quartet,All The Things You Are,2.95
The Unicorns,I Was Born (A Unicorn),2.95
Queens of the Stone Age,The Bronze,2.95
Clairo,Reaper,2.95
Horse Jumper of Love,Ugly Brunette,2.95
Narrow Head,Ashtray,2.94
Peggy Gou,I Believe In Love Again,2.94
LSD and the Search for God,Heaven,2.94
Xori,morning routine,2.94
Eyedress,Kiss Me Like It's the First Time,2.94
Modern Baseball,"Fine, Great",2.94
Computerwife,Death,2.94
PinkPantheress,Turn Your Phone Off,2.94
Xiu Xiu,Knock Out,2.93
セキトオ・シゲオ,ブルー・レディーに赤いバラ,2.93
Jungle,Busy Earnin',2.93
Piero Umiliani,Ricordandoti,2.93
Re-Logic,Underground Hallow,2.93
Death Grips,Pop,2.93
Lustra,Scotty Doesn't Know,2.93
Rawt,Opening,2.93
低的,压倒性的,2.93
Duster,The Phantom Facing Me,2.92
Edan,Fumbling Over Words That Rhyme,2.92
Ichiko Aoba,Kirinaki Shima,2.92
Dean Lewis,Be Alright,2.92
Little Ann,Deep Shadows,2.92
Panchiko,Stuck,2.92
Tom Waits,Anywhere I Lay My Head - 2023 Remaster,2.92
PinkPantheress,Tonight,2.91
waveform*,Favorite Song,2.91
Yung Lean,Push / Lost Weekend,2.91
CZARFACE,Break in the Action,2.91
Kay Greyson,Sweet Rum Punch,2.91
Flying Lotus,This Cursed Life,2.91
The Birthday Party,Figure of Fun,2.91
Playboi Carti,Home (KOD),2.91
Arca,Doña,2.91
Jerskin Fendrix,I'll Clean Your Sheets,2.91
Paris Texas,girls like drugs,2.91
shame,Alphabet,2.91
SPIRIT OF THE BEEHIVE,GIVE UP YOUR LIFE,2.91
Sufjan Stevens,Beginner’s Mind,2.91
The Correspondents,Boss,2.9
Alvvays,Bored In Bristol,2.9
Boris,"Six, Three Times",2.9
Kenny Beats,Hooper,2.9
The Birthday Party,A Dead Song,2.9
Doja Cat,Ain't Shit,2.9
Xiu Xiu,I Dream of Someone Else Entirely,2.9
Blue Smiley,dark,2.9
my bloody valentine,Several Girls Galore,2.9
JPEGMAFIA,Tell Me Where To Go,2.9
KNEECAP,Guilty Conscience,2.9
Irene Kral,Lazy Afternoon,2.9
Sir Chloe,Too Close,2.9
Lana Del Rey,Young And Beautiful,2.89
Bladee,UNDERSTATEMENT,2.89
Title Fight,In-Between,2.89
Young Fathers,Ululation,2.89
Crywank,This Song Title Was Too Long (So Now It's Shorter),2.89
The Voidz,One of the Ones,2.89
Westside Gunn,End how You start intro,2.89
Fugazi,Bulldog Front,2.89
Grumpy Plum,Dollhouse,2.89
Animal Collective,Winter Wonderland,2.89
Alex G,Water,2.89
Acetantina,Temple of Null,2.88
KAYTRANADA,Please Babe,2.88
Vince Staples,THE APPLE & THE TREE,2.88
KAYTRANADA,DO IT,2.88
SZA,30 For 30 (with Kendrick Lamar),2.88
Nick Cave & The Bad Seeds,The Mercy Seat,2.88
David Bowie,Modern Love - 2018 Remaster,2.88
Jordaan Mason,After The Glandolinian War,2.88
Sports,You Are the Right One,2.88
Al Green,Tired of Being Alone,2.87
Flying Lotus,Sachi,2.87
Elvis Costello,Welcome To The Working Week,2.87
KAYTRANADA,GOODBYE BITCH!,2.87
Tfwamirite,.​.​.​だが断る!!,2.87
Oasis,Love Like A Bomb,2.87
Daniel Johnston,Brainwash,2.87
SPIRIT OF THE BEEHIVE,WRONG CIRCLE,2.86
Tom Waits,Singapore - 2023 Remaster,2.86
piri,nice 2 me,2.86
SPIRIT OF THE BEEHIVE,BAD SON,2.86
JPEGMAFIA,CUCK,2.86
Baltic Nature Sounds,Springtime (Birds and Rain),2.86
Oasis,"Bring It On Down (Live from Edinburgh, 9 August '25)",2.86
Black Dresses,SHARP HALO,2.85
death's dynamic shroud,혼자 남은 지금 꼴이 (Reprise),2.85
Mount Eerie,Dead of Night,2.85
The Clash,Straight to Hell - Remastered,2.85
Stephanie Hsu,A Guy That I'd Kinda Be Into (Reprise),2.85
Mac Miller,Here We Go,2.85
Tanukichan,Radiolove,2.85
Pusha T,Brambleton,2.85
Sublime,What I Got,2.85
The Wannadies,You & Me Song,2.85
Madlib,Sound Ancestors,2.85
Jerskin Fendrix,Depecc,2.85
Mac Miller,Cut the Check (feat. Chief Keef),2.85
The Dead Texan,Aegina Airlines,2.85
Alec Benjamin,Let Me Down Slowly,2.84
Sports Team,The Game,2.84
Panchiko,Breakfast Séance,2.84
Alex G,Skipper,2.84
The Contours,Just A Little Misunderstanding,2.84
Chet Baker,The Thrill Is Gone - Vocal Version,2.84
Sweet Trip,Aluralura,2.84
Matilda the Musical Original Cast,Telly,2.84
The Beatles,While My Guitar Gently Weeps - 2018 Mix,2.84
Alex G,Icehead,2.84
Pixies,Alec Eiffel,2.84
Död Mark,Misstag,2.84
The Notorious B.I.G.,Suicidal Thoughts - 2005 Remaster,2.84
my bloody valentine,No More Sorry,2.84
Sweet Trip,Come Spend the Night,2.83
Van Múrten,Insomnia,2.83
Mike Casey,Space Chill (WPAA TV Session),2.83
Richard O'Brien,Over at the Frankenstein Place,2.83
Kevin Abstract,Geezer,2.83
Lil Yachty,:(failure(:,2.83
Mitski,I Don't Like My Mind,2.83
Amyl and The Sniffers,Going Somewhere,2.82
Queen,Keep Yourself Alive - 2011 Mix,2.82
Mitski,Buffalo Replaced,2.82
Gloria Jones,Tainted Love,2.82
Nick Cave & The Bad Seeds,All Tomorrow's Parties - 2009 Remastered Version,2.82
Dorian Electra,Barbie Boy,2.82
Modern Baseball,Two Good Things,2.81
Cities Aviv,PURE INFINITE,2.81
The Orion Experience,Blood & Money,2.81
Pinegrove,"No Drugs (Amperland, NY)",2.81
Tame Impala,Wings Of Time - From the Motion Picture Dungeons & Dragons: Honor Among Thieves,2.81
Cass McCombs,Absentee,2.81
Viktor Vaughn,A Modern Day Mugging,2.81
The Beatles,What Goes On - Remastered 2009,2.81
Pink Siifu,no mo fux,2.81
Lil Ugly Mane,Mista Thug Isolation (12th Movement),2.81
The Lumineers,Classy Girl,2.81
A Tribe Called Quest,What?,2.8
JPEGMAFIA,DJ Snitch Bitch Interlude,2.8
mxmtoon,myrtle ave.,2.8
Shygirl,Heaven,2.8
Bad Manners,Lip up Fatty,2.8
Pixies,Bird Dream of the Olympus Mons,2.8
Wrabel,Bloodstain,2.8
Em Beihold,Numb Little Bug,2.8
Acetantina,Bubblegum Button Direct,2.8
Pink Floyd,Speak to Me,2.8
Marvin Gaye,This Love Starved Heart Of Mine (It's Killing Me) - 1994 Love Starved Heart Version (Mono),2.8
Jamie Stewart,Scout Schultz,2.8
VAPERROR,Tropical Resort,2.8
Acetantina,Diet Meth,2.8
Swans,Freak,2.8
Ewy,bored of me,2.79
underscores,The fish song,2.79
Kanye West,Champion,2.79
Michael Cera,Gershy's Kiss,2.79
The Antlers,Equinox,2.79
Vodka,Mario Gomez Cha Cha,2.79
My Chemical Romance,"Goodnite, Dr. Death",2.79
Daniel Johnston,Grievances,2.79
Eiafuawn,Bunny,2.79
Twenty One Pilots,House of Gold,2.79
Modern Baseball,Apartment,2.79
Ashnikko,STUPID (feat. Yung Baby Tate),2.79
Daniel Lopatin,The Call,2.78
Ringo Deathstarr,Gazin',2.78
Caroline Polachek,The Gate,2.78
AronChupa,I'm an Albatraoz,2.78
Koopsta Knicca,Torture Chamber,2.78
Jane Remover,Idling Somewhere,2.78
MEITEI,Kintsugi,2.78
Martin Jensen,Solo Dance,2.77
Cameron Winter,We're Thinking the Same Thing,2.77
Black Dresses,666,2.77
Talking Heads,Take Me to the River - Live,2.77
The Antlers,Prologue,2.77
YUNGBLUD,Lemonade (with Denzel Curry),2.77
Nick Cave & The Bad Seeds,Song of Joy,2.77
Car Seat Headrest,March of the Pigs,2.77
LSD and the Search for God,Elizabeth,2.77
Viper,You Fell Off,2.77
Shygirl,BB,2.77
The Jesus and Mary Chain,My Little Underground,2.77
Backxwash,PURPOSE OF PAIN,2.77
Electric Light Orchestra,Telephone Line,2.77
Bladee,Westfield,2.77
Young Thug,Future Swag,2.76
JPEGMAFIA,JPEGMAFIA TYPE BEAT,2.76
Mount Eerie,"I Say ""No""",2.76
Bears In Trees,Rust,2.76
Eslabon Armado,Ella Baila Sola,2.76
Ichiko Aoba,妖精の手招き,2.76
Taron Egerton,Don't Let The Sun Go Down On Me,2.76
Pat Martino,Both Sides Now,2.76
Joey Valence & Brae,BUST DOWN (feat. TiaCorine),2.76
Dominique Guiot,Les Pingouins S'Amusent,2.76
Black Dresses,ANGEL HAIR,2.76
Ray Laurél,UNCONDITIONAL,2.76
Peach Pit,Being so Normal,2.76
blink-182,Dammit,2.76
Swans,Mellothumb,2.76
Be More Chill,Jeremy's Theme - Instrumental,2.75
Tessa Violet,YES MOM,2.75
Little Simz,The Rapper That Came To Tea - Interlude,2.75
SPIRIT OF THE BEEHIVE,ENTERTAINMENT,2.75
Re-Logic,Jungle,2.74
CHANCE デラソウル,Hard to Explain,2.74
IDLES,IDEA 01,2.74
Elliott Fullam,Dolonia,2.74
t e l e p a t h テレパシー能力者,In the Mirror of Your Eyes,2.74
Caroline Polachek,Dang,2.74
Walker and Wylde,Down by the River,2.74
Master Peace,Lodge,2.74
chloe moriondo,Take Your Time,2.74
Rema,Baby (Is it a Crime),2.74
Swans,Hypogirl,2.73
Drain Gang Archive,HOLD ME DOWN LIKE GRAVITY,2.73
The Lumineers,Submarines,2.73
The Birthday Party,Cry,2.73
JPEGMAFIA,PROTECT THE CROSS,2.73
Depressica,Fondly,2.73
100 gecs,Frog On The Floor,2.73
Kid Trash,LEGO,2.73
DJ Snake,Let Me Love You - Zedd Remix,2.73
100 gecs,Billy Knows Jamie,2.73
Arctic Monkeys,Temptation Greets You Like Your Naughty Friend,2.73
Cavetown,Big Bowl in the Sky,2.73
Duster,Now It’s Coming Back,2.72
The 1975,About You,2.72
Josh Gad,You and Me (But Mostly Me),2.72
Turnstile,LONELY DEZIRES,2.72
Death Grips,Steroids (Crouching Tiger Hidden Gabber),2.72
Sufjan Stevens,He Woke Me Up Again,2.72
The Beatles,The Word - Remastered 2009,2.72
KAYTRANADA,Be Careful (feat. Thundercat),2.72
Paris Texas,BULLSEYE,2.71
Morrissey,Pregnant for the Last Time,2.71
Big Black,Ergot,2.71
Alex G,Sorry,2.71
Nia Archives,Nightmares,2.71
Noname,Song 32,2.71
Noname,Rainforest,2.71
Acetantina,Fanfare for Astral Projection,2.71
Royel Otis,Oysters In My Pocket,2.71
JPEGMAFIA,Black Ben Carson,2.7
Mount Eerie,Climb Over,2.7
A$AP Rocky,Roll One Up,2.7
Joey Valence & Brae,WASSUP (feat. JPEGMAFIA),2.7
Madlib,One For Quartabê / Right Now,2.7
セキトオ・シゲオ,シャムの子供のマーチ,2.7
Flying Lotus,Black Balloons Reprise,2.7
Sports Team,Dig!,2.7
The Prodigy,Wild Frontier,2.7
Kanye West,Last Call,2.7
The Beatles,Within You Without You - Remastered 2009,2.7
A$AP Rocky,Wassup,2.7
Company Flow,Definitive,2.7
Blue Smiley,air,2.7
The Birthday Party,Capers,2.69
Re-Logic,Eerie,2.69
Mindless Self Indulgence,Bullshit,2.69
Sleigh Bells,Run The Heart,2.69
Anthony Crivello,Drink With Me - Live,2.69
Bladee,Puppet Master,2.69
Mild High Club,Head Out,2.69
Teddy Wilson,Say It Isn't So,2.69
Michael Abels,Preparing The Trap,2.69
Injury Reserve,Wax On (Feat. Freddie Gibbs),2.69
Black Dresses,BEAUTIFUL FRIENDSHIP,2.68
Quadeca,don't mind me,2.68
Sleigh Bells,Run the Heart,2.68
Catfish and the Bottlemen,Kathleen,2.68
3TEETH,Lights Out,2.68
Bladee,Hex,2.68
Panchiko,Untitled Demo 1997,2.68
Westside Gunn,Claiborne Kick (feat. Boldy James),2.68
Panic! At The Disco,(Fuck A) Silver Lining,2.68
Kendrick Lamar,squabble up,2.67
DJ Rozwell,Picture A Hand,2.67
The Antlers,Putting The Dog To Sleep,2.67
King Princess,There She Goes Again,2.67
my bloody valentine,Soft As Snow (But Warm Inside),2.67
Bad Brains,F.V.K. (Fearless Vampire Killers),2.67
Bedwetter,Stoop Lights,2.67
The Mountain Goats,Color in Your Cheeks,2.67
Duster,Everything You See (Is Your Own),2.67
Khotin,Shopping List,2.67
echo angel,the way the end began,2.67
Leonard Cohen,I Tried to Leave You,2.67
Alex G,Message,2.67
Matt Elliott,Trying to Explain,2.67
t e l e p a t h テレパシー能力者,いつも,2.67
Queen,God Save The Queen - Remastered 2011,2.66
Seaghouls,DF March,2.66
GFOTY,Tongue,2.66
Injury Reserve,All Quiet on the West Side,2.66
Daniel Johnston,Lazy,2.66
Ewy,"mind, initially",2.66
Solar Lodger,Limelight of Life,2.66
The Birthday Party,Zoo Music Girl,2.66
Dominique Guiot,La Danse Des Méduses,2.66
Liam Lynch,United States Of Whatever,2.66
Chet Baker,Look For The Silver Lining,2.66
"Slaughter Beach, Dog",104 Degrees,2.66
Oingo Boingo,Private Life,2.65
Doechii,DENIAL IS A RIVER,2.65
Leonard Cohen,Leaving Green Sleeves,2.65
GOBSMACKED,for beth.,2.65
Flying Lotus,Kurosaka Strikes!,2.65
Swans,Blood Section,2.65
Alex G,Wicked Boy,2.65
A$AP Ferg,Mad Man (feat. Playboi Carti),2.65
Left at London,I DONT TRUST U ANYMORE,2.65
King Gizzard & The Lizard Wizard,Trapdoor,2.65
Kanye West,Barry Bonds,2.65
King Gizzard & The Lizard Wizard,Flying Microtonal Banana,2.65
Cavetown,Pigeon,2.65
Kenny Beats,Hot Hand,2.65
Little Simz,The Garden - Interlude,2.64
"Whatever, Dad",Waffles,2.64
BROCKHAMPTON,TONYA,2.64
Lowertown,Debris,2.64
Vince Staples,Alyssa Interlude,2.64
waveform*,Book of Curse,2.64
Japanese Breakfast,In Hell,2.64
SPIRIT OF THE BEEHIVE,IT MIGHT TAKE SOME TIME,2.64
Madvillain,Meat Grinder (Instrumental),2.64
Roar,Christmas Kids,2.63
Cartier God,Let Me Go,2.63
Blur,Lot 105 - 2012 Remaster,2.63
deep tan,tamu's yiffing refuge,2.63
Ewy,drip drip drip fall,2.63
Yabujin,FANTASY AND MANA,2.63
ALIENVERT,Open Your Mind,2.63
Little Simz,Flood,2.63
Daniel Johnston,Wild West Virginia,2.63
Reverend Kristin Michael Hayter,THERE IS POWER IN THE BLOOD,2.63
Amyl and The Sniffers,Bailing On Me,2.63
Westside Gunn,Best Dressed Demons (feat. Mach-Hommy),2.63
CHANCE デラソウル,Heartbeats & Breaks,2.62
Biig Piig,Sunny,2.62
Playboi Carti,R.I.P. Fredo (feat. Young Nudy) - Notice Me,2.62
Westside Gunn,HEALTH SCIENCE,2.62
SPIRIT OF THE BEEHIVE,You Are Arrived,2.62
Re-Logic,Corruption,2.62
Kenny Beats,Eternal,2.62
Sam Smith,Unholy (feat. Kim Petras),2.62
Utro,Спесь,2.62
drumaq,Innit,2.61
Clint Mansell,Summer Overture,2.61
Lil Ugly Mane,Jesus Piece,2.61
John Coltrane,Countdown - Mono,2.61
Talking Heads,Sugar on My Tongue - 2005 Remaster,2.61
Mount Eerie,Goodbye Hope,2.61
Tanukichan,Tomorrow,2.61
IDLES,Faith in the City,2.61
Taron Egerton,Honky Cat,2.6
underscores,Kinko's field trip 2006,2.6
Playboi Carti,Old Money,2.6
Green Day,Westbound Sign,2.6
Modern Baseball,Pothole,2.6
Kendrick Lamar,peekaboo,2.6
Danny Brown,Float On (feat. Charli XCX),2.6
Madvillain,Shadows of Tomorrow (feat. Quasimoto),2.6
Thundercat,Existential Dread,2.6
Acetantina,Datagaze,2.6
South Arcade,DANGER,2.6
Quadeca,UNDER MY SKIN,2.6
Bruno Mars,Silk Sonic Intro,2.6
Car Seat Headrest,Joe Goes to School,2.6
PUP,Doubts,2.59
Utro,Души Стареют Быстрее Тел,2.59
Paul McCartney,Live And Let Die - Main Title,2.59
Frank Ocean,Moon River,2.59
Turnstile,MYSTERY,2.59
100 gecs,bloodstains,2.59
Kim Gordon,Trophies,2.58
Utro,Река,2.58
Jamie Stewart,Raw Deal,2.58
Little Simz,"one life, might live",2.58
Machine Girl,Where Were You?,2.58
Nyxjvh,Sunset,2.58
Johnny Cash,"Dirty Old Egg-Suckin' Dog - Live at Folsom State Prison, Folsom, CA (1st Show) - January 1968",2.58
Bladee,D.O.A,2.58
DJ Rozwell,Bicameral Mind (Second Chamber),2.58
Stan Getz,The Girl From Ipanema,2.58
Taron Egerton,Bennie And The Jets - Interlude,2.57
Daniel Johnston,Urge,2.57
Maitro,Kid Goku,2.57
Clipse,Ace Trumpets - A COLORS SHOW,2.57
Yves Tumor,Mssng Naw,2.57
Flying Lotus,Survivors,2.57
Yabujin,UNFAMILIAR OASIS,2.57
Shygirl,BAWDY,2.57
Bloc Party,Helicopter,2.57
The Mothers Of Invention,Who Needs The Peace Corps?,2.57
Charli xcx,Sympathy is a knife featuring ariana grande,2.57
Björk,You've Been Flirting Again,2.57
DJ Rozwell,I Need It,2.57
100 gecs,money machine - A.G. Cook Remix,2.57
Black Dresses,EXPRESS YOURSELF,2.56
Ween,Ocean Man,2.56
Baby Keem,MY EX,2.56
Sufjan Stevens,Abraham,2.56
SHXDOWMXSSACRE,FROM DA NORTHSIDE,2.56
The Oozes,Hungry,2.56
Daniel Johnston,Wicked World,2.56
Leonard Cohen,Who by Fire,2.56
McKinley Dixon,"We're Outside, Rejoice!",2.56
Gorillaz,Crocadillaz (feat. De La Soul and Dawn Penn),2.55
Fred again..,Mike (desert island duvet),2.55
Infinity Frequencies,Continental,2.55
Modern Baseball,The Old Gospel Choir,2.55
Monkey and the Permavirgins,knife hands,2.55
Christian Borle,The Harvard Variations,2.55
The Birthday Party,Just You and Me,2.55
The Alchemist,Miracle Baby (feat. MAVI),2.55
MEDUZA,Piece Of Your Heart,2.55
Lil Ugly Mane,Send Em 2 Tha Essence,2.55
Lingua Ignota,FUCKING DEATHDEALER,2.55
Taron Egerton,Sorry Seems To Be The Hardest Word,2.54
This Heat,Shrinkwrap,2.54
Mindless Self Indulgence,You'll Rebel To Anything,2.54
Flying Lotus,Using What You Got,2.54
Sufjan Stevens,The Dress Looks Nice on You,2.54
Indigo De Souza,You Can Be Mean,2.54
Doja Cat,Up And Down,2.54
The Mothers Of Invention,Mother People,2.54
System Of A Down,Sugar,2.54
Run The Jewels,Blockbuster Night Pt. 1,2.54
Bladee,WODRAINER,2.54
Lil Ugly Mane,Ethics,2.54
A$AP Rocky,"Everyday (feat. Rod Stewart, Miguel & Mark Ronson)",2.53
Swans,Live Through Me,2.53
j1nabae,getting better,2.53
Turnstile,FLY AGAIN,2.53
Arca,Whoresong,2.53
Mannequin Pussy,Kiss,2.53
The Mothers Of Invention,Let's Make The Water Turn Black,2.53
Imagine Dragons,Demons,2.52
Les Rallizes Dénudés,Flame of Ice - 2022 Remastered,2.52
Machine Girl,Rabbit Season,2.52
Einstürzende Neubauten,Steh auf Berlin,2.52
waveform*,Go to Bed,2.52
Kerry Butler,"Fly, Fly Away",2.52
Alex G,Trick,2.52
IDLES,Benzocaine,2.52
Biig Piig,Only One,2.51
Ewy,practice room 3,2.51
Rodríguez,Only Good For Conversation,2.51
IDK,ONCE UPON A TIME (FREESTYLE),2.51
Edan,I See Colours,2.51
Playboi Carti,Foreign,2.51
Joey Valence & Brae,HOOLIGANG,2.51
Destroy Boys,I Threw Glass at My Friend's Eyes and Now I'm on Probation,2.51
Duster,Inside Out,2.51
waveform*,Tell You,2.51
100 gecs,gec 2 Ü (Danny L Harle Harlecore Remix),2.51
Thaiboy Digital,Bentley,2.51
Fontaines D.C.,Liberty Belle,2.51
The Mariachi Brass,Sure Gonna Miss Her,2.51
Twinkle Park,Overflowing Emotions (Vib Ribbon),2.51
No Hot Ashes,Skank,2.51
Bastille,Good Grief,2.51
The Smashing Pumpkins,Pennies - Remastered 2012,2.5
King Gizzard & The Lizard Wizard,Paper Mache,2.5
J Dilla,The New,2.49
Shygirl,Immaculate,2.49
Madvillain,Raid (feat. MED),2.49
Dews Pegahorn,Runnin',2.49
Earl Sweatshirt,Lobby (int),2.49
Playboi Carti,New N3on,2.48
Pixies,Down To The Well,2.48
Joey Quinones,It Was Only a Dream,2.48
Mindless Self Indulgence,Prom,2.48
Black Flag,Depression,2.48
Ecco2k,Happily Ever After,2.48
The Garden,Haunted House on Zillow,2.48
Doja Cat,Like That (feat. Gucci Mane),2.48
Alex G,Fighting,2.48
Doechii,DEATH ROLL,2.48
Bladee,END OF THE ROAD BOYZ,2.47
Doechii,HIDE N SEEK,2.47
Will Wood and the Tapeworms,Thermodynamic Lawyer - Live,2.47
Mitski,I Guess,2.47
Flying Lotus,War at the Door,2.47
Necro,Robbery '95,2.47
Storm Machine,Focus To Rain Sound,2.47
Dua Lipa,Don't Start Now,2.47
Shygirl,LENG,2.47
Czerwone Gitary,Byłaś mej pamięci wierszem,2.47
Jordana,Lo on the Hi-Way,2.47
MF DOOM,Poo-Putt Platter,2.47
Elliott Smith,Single File,2.47
Breakup Shoes,Unrequited Love (& other clichés),2.46
Matt Skiba,You Didn't Feel a Thing,2.46
Turnstile,NEW HEART DESIGN,2.46
Bladee,LOWS PARTLYY,2.46
Master Peace,LOO SONG,2.46
Daniel Johnston,Chord Organ Blues,2.46
Danny Brown,Grown Up,2.46
A Town Called Panic,Meaningless (is peaceful),2.46
Charli xcx,House featuring John Cale,2.45
Mindless Self Indulgence,2 Hookers And An 8 Ball,2.45
Pixies,Cecilia Ann,2.44
margø,play pretend,2.44
CZARFACE,The King and Eye,2.44
mxmtoon,first,2.44
awakebutstillinbed,Fear,2.44
Memo Boy,Youtspsit,2.44
The Beatles,I'm Looking Through You - Remastered 2009,2.44
Dominique Guiot,Wind Surf Ballad,2.44
Japanese Breakfast,Savage Good Boy,2.44
The Beatles,Revolution 9 - 2018 Mix,2.44
Ashnikko,Daisy,2.44
Kay Greyson,Call the Police,2.43
Dominique Guiot,Ballet Amoureux Des Dauphins,2.43
Deafheaven,Sunbather,2.43
Black Flag,No More,2.43
John Coltrane,Countdown - 2020 Remaster,2.43
Elton John,"The Bitch Is Back - Live at Live 8, Hyde Park, London, 2nd July 2005",2.43
Jack Stauber,Dead Weight,2.43
Elliott Smith,Satellite,2.43
"Tyler, The Creator",RUN (feat. Chaz Bundick & ScHoolboy Q),2.42
Lil Ugly Mane,Iron Door,2.42
Caroline Rose,Do You Think We’ll Last Forever?,2.42
Mitski,My Body's Made of Crushed Little Stars,2.42
Pixies,Silver,2.42
A$AP Rocky,ROBBERY (feat. Doechii),2.42
Helena Deland,Baby,2.42
Danny Brown,All4U,2.42
Pusha T,"Crutches, Crosses, Caskets",2.42
Macabre Plaza,A Bird's Last Look,2.42
This Heat,Radio Prague,2.42
Mindless Self Indulgence,Tom Sawyer,2.42
D'Angelo,Back to the Future (Part II),2.41
William Solo,Drink With Me,2.41
Edan,Promised Land,2.41
JPEGMAFIA,JPEGULTRA! (feat. Denzel Curry),2.41
Zwidy,Only Everyone Can Judge Me,2.41
IDLES,Stendhal Syndrome,2.41
Elliott Smith,Good To Go,2.41
Kevin Abstract,Miserable America,2.41
The Deadnotes,Makeup,2.41
Playboi Carti,Middle Of The Summer (feat. Red Coldhearted),2.41
100 gecs,came to my show,2.41
gulu gulu,おやすみ。(Oyasumi.),2.41
BROCKHAMPTON,VIVID,2.4
Vengaboys,"Boom, Boom, Boom, Boom!!",2.4
Ann Harada,The More You Ruv Someone,2.4
Madlib,There Is No Time (Prelude),2.4
sandy g archive,after ur gone - acoustic demo,2.4
Kero Kero Bonito,I'd Rather Sleep,2.4
j1nabae,self awareness,2.4
ZillaKami,Space Cowboy,2.4
Squid,The Flyover,2.4
豊平区民Toyohirakumin,Akaiwa 1985,2.4
Anita Velveeta,Nothing Without You,2.4
Mac Miller,Congratulations (feat. Bilal),2.4
Kero Kero Bonito,The Open Road,2.4
Biig Piig,In the Dark,2.4
Paramore,Anklebiters,2.4
Nick Cave,Lucy - Version #2,2.39
Amyl and The Sniffers,Pigs,2.39
Playboi Carti,Die4Guy,2.39
Kanye West,I'll Fly Away,2.39
Green Day,"21 Guns (feat. Rebecca Naomi Jones, Christina Sajous, Mary Faber, Stark Sands, John Gallagher Jr., Michael Esper, The American Idiot Broadway Company)",2.39
Dijon,Many Times,2.39
XXXTENTACION,Look At Me!,2.39
JPEGMAFIA,I Smell Crack,2.39
Lil Ugly Mane,Bathtime,2.39
Pink Siifu,ensley (smile made of gold),2.39
Kenny Beats,That Third Thing,2.39
Sufjan Stevens,Lacrimae,2.39
KAYTRANADA,TARGET JOINT,2.39
Michele Pawk,Tomorrow Belongs to Me (Reprise),2.39
Sir Chloe,Wrath,2.38
The Prodigy,Poison,2.38
Re-Logic,Underground Corruption,2.38
Nia Archives,Conveniency,2.38
Devon Hendryx,O Superman,2.38
Vegyn,Olbass All Bass 004 (140 BPM),2.38
Green Day,Tight Wad Hill,2.37
MF DOOM,Dead Bent,2.37
The Beatles,If I Needed Someone - Remastered 2009,2.37
The Mothers Of Invention,Concentration Moon,2.37
Eva Noblezada,All I've Ever Known,2.37
Lovejoy,Taunt,2.37
Paul McCartney,"Sgt. Pepper's Lonely Hearts Club Band/Helter Skelter - Recorded At Abbey Road Studios, London",2.37
billy woods,Smith + Cross,2.36
The Beatles,Sgt. Pepper's Lonely Hearts Club Band - Remastered 2017,2.36
Zebra Katz,INTRO TO LESS,2.36
Laufey,Valentine,2.36
Shefu,Chandler Bing,2.36
Jax Jones,Cruel,2.36
Playboi Carti,Meh,2.36
bliss3three,sunset express {to eternal bliss},2.36
Pixies,Dead,2.36
MUNA,Solid,2.36
AJJ,Brave as a Noun,2.36
Dan Mason ダン·メイソン,Go Away,2.35
Bob Vylan,Northern Line,2.35
100 gecs,25 bands and a geccco,2.35
DJ Rozwell,Maze Controller,2.35
Destroy Lonely,if looks could kill,2.35
bliss3three,~that brings me so much joy~,2.35
Fugazi,Afterthought,2.35
The Beatles,Can't Buy Me Love - Remastered 2015,2.35
Blue Smiley,spin,2.35
Oasis,(It's Good) To Be Free,2.35
poutyface,DEATHWISH,2.34
JID,EdEddnEddy,2.34
Arca,Confianza,2.34
Kanye West,Low Lights,2.34
Pixies,Blown Away,2.34
Green Day,"Holiday (feat. John Gallagher Jr., Stark Sands, Theo Stockman, The American Idiot Broadway Company)",2.34
The Wailin' Jennys,The Parting Glass,2.34
Charli xcx,I might say something stupid,2.33
Tay-K,The Race,2.33
Joan Baez,Eleanor Rigby,2.33
Playboi Carti,Top (feat. Pi'erre Bourne),2.33
moreru,Otaku Minagoroshi,2.33
Mura Masa,(nocturne for strings and a conversation),2.33
Phoebe Bridgers,DVD Menu,2.33
MAVI,five minutes writing from the bottom,2.33
bliss3three,HALO SHARD,2.33
Elvis Presley,Stuck on You,2.33
Master Peace,I Might be Fake-Arrr,2.33
Sufjan Stevens,Incantation I,2.32
Charli xcx,Focus,2.32
El Valentine,<3 Shaped Box,2.32
Baby Keem,BUSS HER UP,2.32
Mount Eerie,Who?,2.32
Thaiboy Digital,Yin & Yang,2.32
Brave Little Abacus,Aubade (Morning Love Song),2.31
billy woods,No Hard Feelings,2.31
MF DOOM,Peach Extract,2.31
j1nabae,rehab,2.31
REYSHA RAMI,DISCOTEQ,2.31
MF DOOM,Yellow Dock,2.31
Flying Lotus,Your Screams,2.31
Black Dresses,MiRRORGiRL,2.31
Monkey and the Permavirgins,Monkey Kids Theme,2.31
Home Is Where,The Scientific Classification of Stingrays,2.31
Arca,Яitual,2.31
VAPERROR,Aqua Domain,2.31
The Beatles,Think For Yourself - Remastered 2009,2.31
BROCKHAMPTON,CINEMA 1,2.3
Bladee,PM2,2.3
De La Soul,Say No Go,2.29
Re-Logic,Overworld Day,2.29
The Alchemist,Lossless (feat. MIKE),2.29
Sweet Tooth,Turning Green,2.29
Boris,Nothing Special,2.29
Doja Cat,Get Into It (Yuh),2.29
Elliott Fullam,Going Alone,2.29
SOUNDS OF UTOPIA,"Sleep Rain Sounds, Pt. 2",2.29
Pavement,Perfume-V,2.29
DANGERDOOM,Benzi Box,2.28
Edan,Polite Meeting,2.28
Black Books,The Big Idea,2.28
Free Nationals,Shibuya (feat. Syd),2.28
Edan,Funky Voltron,2.28
Imagine Dragons,Believer - Kaskade Remix,2.28
Tina Turner,The Best,2.28
Baby Keem,ROCKSTAR P,2.28
Xavlegbmaofffassssitimiwoamndutroabcwapwaeiippohfffx,Dicks Out for Harambe,2.28
Ray Laurél,JOHNNY,2.27
Black Dresses,STATIC,2.27
Tom Waits,Midtown,2.27
Sufjan Stevens,We Won't Need Legs To Stand,2.27
Public Enemy,Fight The Power,2.27
Billie Eilish,!!!!!!!,2.27
PierceTheSkies,Buffy,2.27
Good Morning,Warned You,2.27
Earl Sweatshirt,Sentry (feat. MIKE),2.27
Pacific Soundscapes,Tranquil Stream,2.27
Kanye West,Freestyle 4,2.27
Död Mark,Krigstied,2.27
MF DOOM,Untitled (Meditation),2.27
The Mountain Goats,You Or Your Memory,2.27
Bad Brains,The Regulator,2.26
Charli xcx,I think about it all the time,2.26
Josh Gad,Gaston,2.26
"Tyler, The Creator",Stop Playing With Me,2.26
Modern Baseball,Notes,2.26
Tfwamirite,RIP MY EYES OUT,2.26
Elliott Smith,Colorbars,2.26
Madlib,Hang Out (Phone Off),2.26
Infinity Frequencies,Virtual Lust,2.26
The Beatles,Flying - Remastered 2009,2.26
Zelooperz,VanGogh'sLeftEar,2.26
Biig Piig,Ghosting,2.26
Edan,Smile,2.26
Little Simz,you should call mum,2.26
Cynthia Erivo,The Wizard And I,2.25
Ninajirachi,ฅ^•ﻌ•^ฅ,2.25
Gorillaz,Strobelite (feat. Peven Everett) - Kaytranada Remix,2.25
The Beatles,Wait - Remastered 2009,2.25
Lil Nas X,DONT WANT IT,2.24
Fontaines D.C.,Chequeless Reckless,2.24
JPEGMAFIA,TRUST!,2.24
Madlib,Dirtknock,2.24
The Rembrandts,"I'll Be There for You - Theme From ""Friends""",2.24
Jordana,Ordinary Day,2.24
Doja Cat,Boss Bitch,2.24
Lightning Bolt,Dead Cowboy,2.24
A Tribe Called Quest,Skypager,2.24
Goth Lipstick,paintings of you,2.23
bliss3three,GOD OF SLEEP,2.23
Ghinzu,Blow,2.23
Monkey and the Permavirgins,Uncertainty,2.23
Guitar Tribute Players,I'll Slip Away,2.23
David Bowie,Space Oddity - 2015 Remaster,2.23
Oasis,Ain't Got Nothin',2.23
Weyes Blood,Nearer to Thee,2.23
The Kunts,Boris Johnson Is a Fucking Cunt,2.23
Doctor Yizzle,98 to Infinity,2.23
100 gecs,stupid horse (Remix) [feat. GFOTY & Count Baldor],2.23
Pink Siifu,Shloww,2.23
Melanie La Barrie,Road to Hell,2.23
Babymorocco,SXC,2.22
Turnstile,DON'T PLAY,2.22
Acid Klaus,Party Sized Away Day (feat. Maria Uzor),2.22
SomeThingElseyt,I'm Something Else,2.22
Josh Gad,I Am Here for You,2.22
Saam Sultan,locked in love,2.22
Paramore,David Byrne Does Hard Times,2.21
ASMR Stars,ASMR Rain Soaked,2.21
Modern Baseball,Rock Bottom,2.21
The Oozes,Wanker,2.21
Fugazi,Long Division,2.21
Amyl and The Sniffers,Me And The Girls,2.21
Bob Vylan,Save Yourself,2.21
JPEGMAFIA,DIRTY!,2.21
MAVI,Sense,2.21
VAPERROR,Surf,2.21
Doechii,BLOOM,2.21
cassö,Prada,2.2
"Tyler, The Creator",Don't You Worry Baby (feat. Madison McFerrin),2.2
MIKE,Evil Eye,2.2
Bladee,FALSE,2.2
The Mothers Of Invention,Are You Hung Up?,2.19
Blue Smiley,control,2.19
Title Fight,Mrahc,2.19
Reneé Rapp,Someone Gets Hurt,2.19
Arctic Monkeys,Red Right Hand,2.19
Will Wood,"You Liked This (Okay, Computer!)",2.19
Goth Lipstick,grey sheets,2.19
Carlton Williams,Prison Song,2.19
Flying Lotus,Your Lord,2.19
DJ Rozwell,Apartments,2.19
Elvis Presley,Blue Christmas,2.19
Ovlov,Strokes,2.19
Led Zeppelin,Kashmir - Remaster,2.19
Fugazi,Break,2.19
Kendrick Lamar,dodger blue,2.19
Machine Girl,u x ∞ 1,2.19
slowthai,focus,2.18
Bladee,YUNG SHERMAN (feat Yung Sherman),2.18
Dizzy Gillespie,Fire Dance,2.18
Elliott Fullam,Half and Half,2.18
Rodríguez,"This Is Not a Song, It's an Outburst: Or, the Establishment Blues",2.18
clipping.,Possession (interlude),2.18
EsDeeKid,Mist,2.17
Doechii,BOOM BAP,2.17
Travis Scott,GOD'S COUNTRY,2.17
VAPERROR,Shut Down,2.17
Baby Keem,TOP RAMEN,2.17
Nine Inch Nails,Physical (You're So),2.17
Cavetown,Poison,2.17
Pixies,Subbacultcha,2.17
Alvvays,Pressed,2.16
Daniel Johnston,Get Yourself Together,2.16
Modern Baseball,Charlie Black,2.16
Sufjan Stevens,Celebration IX,2.16
Molly Drake,How Wild the Wind Blows,2.16
Ice Spice,In Ha Mood,2.16
Swans,Surrogate Drone,2.16
DJ Rozwell,Into The Sock,2.16
Swans,Yrp 2,2.16
Mild High Club,¿Whodunit?,2.15
April March,Chick Habit,2.15
Kylie Minogue,Can't Get You out of My Head - Peggy Gou’s Midnight Remix,2.15
Panchiko,Rocking with Keith,2.15
Baby Keem,NOT MY BRO,2.14
A. G. Cook,Xcxoplex (with Charli XCX),2.14
Minor Threat,Straight Edge,2.14
Westside Gunn,Amherst Station 2,2.14
Lil Ugly Mane,_____________,2.14
Thaiboy Digital,Kit Kat,2.14
on the way to catharsis,Leni (Crystal Castles),2.14
The Breeders,Doe,2.14
Artemas,if u think i'm pretty,2.14
MGMT,Loss Of Life (part 2),2.14
luvwavy,effect,2.13
Lil Ugly Mane,Deer Gas,2.13
David Guetta,2U (feat. Justin Bieber),2.13
Madlib,The Call,2.13
MF DOOM,Fillet-O-Rapper,2.13
Shygirl,Nike,2.13
Tame Impala,Disciples,2.13
ASMR Stars,Rainfall Avenue,2.13
Monkey and the Permavirgins,High Monkey,2.13
Charli xcx,Spring breakers featuring kesha,2.13
Yabujin,SECRET GROTTOES,2.12
Aphex Twin,#17,2.12
A Town Called Panic,Meaningless (Is Distressing),2.12
Earl Sweatshirt,Burgundy (feat. Vince Staples),2.12
CAZZETTE,Blind Heart - Radio Edit,2.12
Melodyia Music,Breaking Free,2.12
Little Simz,Mood Swings,2.12
Mount Eerie,Log in the Waves,2.12
Daniel Johnston,Hate Song,2.12
Duster,Auto-Mobile,2.12
Hatchie,Thinking Of,2.11
Andrew Lloyd Webber,The Phantom Of The Opera - Live At The Royal Albert Hall/2011,2.11
Mitski,Jobless Monday,2.11
Chuck Sutton,"Note to Self, I'm Dizzy",2.11
Ewy,it was never meant to be,2.11
Re-Logic,The Hallow,2.11
Pixies,Tame,2.11
Björk,Cover Me,2.1
Lil Ugly Mane,twin tip,2.1
Green Day,Living in the '20s,2.1
Yo La Tengo,Sugarcube,2.1
fakemink,Music and Me,2.1
Noise and Nature,Consistent Rain,2.1
waveform*,Spill,2.1
Kyle Allen Music,Want to Make a Deal?,2.1
Crywank,Deep Down I'm American Werewolf,2.1
Mura Masa,vicarious living anthem,2.1
Sophia Anne Caruso,Jump in the Line / Dead Mom - Reprise,2.1
Jessica Keenan Wynn,Yo Girl,2.09
Fat White Family,Touch The Leather - Redux,2.09
Modern Baseball,Timmy Bowers,2.09
Ringo Deathstarr,Kaleidoscope,2.09
MF DOOM,Coca Leaf,2.09
Home Is Where,The Old Country,2.09
Alan Walker,Tired - Kygo Remix,2.09
Master Peace,Happiness is Love,2.09
dialE,nine thirty (the glow),2.09
Crywank,Squeezing the Damp Tea Towel to Its Final Few Drips,2.08
Ellie Goulding,Your Song,2.08
Bladee,Drama (feat. Charli XCX),2.08
Azymuth,Estreito De Taruma,2.08
MF DOOM,The Time We Faced Doom (Skit),2.08
Black Flag,Room 13,2.08
gianni & kyle,do u even miss me at all?,2.08
Geese,2122,2.08
Daniel Johnston,Tuna Ketchup,2.08
Young Franco,Wake Up,2.07
Ed Sheeran,Galway Girl - Martin Jensen Remix,2.07
A$AP Rocky,Acid Drip,2.07
Yung Lean,Visions (Outro),2.07
Leonard Bernstein,West Side Story: Act II: Somewhere,2.07
Slush Puppy,EAT SPIT! (feat. Royal & the Serpent),2.06
The Streets,Take Me As I Am,2.06
GOBSMACKED,BLACK SOCKS,2.06
Lou Phelps,MUST BE,2.06
NotHere,tonight,2.06
Yabujin,FETUS,2.06
Mac Miller,Inside Outside,2.06
Pixies,The Thing,2.06
Kid Trash,BLOOD'N'CUTZ FREESTYLE,2.06
Cypress Hill,When the Shit Goes Down,2.06
PARTYNEXTDOOR,TBH,2.05
Xeo,LoSe YoUr HeAd,2.05
HEALTH,ISN’T EVERYONE,2.05
Quasimoto,MHB's,2.05
The Mothers Of Invention,Nasal Retentive Calliope Music,2.05
Blue Smiley,flip,2.05
Edan,Murder Mystery,2.04
Cannonball Adderley,Who Cares? - (Take 4),2.04
Mount Eerie,See Me,2.04
Sufjan Stevens,Incantation IV,2.04
Aaron Tveit,Drink With Me,2.04
Westside Gunn,Ocean Prime (feat. Slick Rick & Busta Rhymes),2.04
desert sand feels warm at night,蒸留水,2.04
FKA twigs,which way (feat. dystopia),2.04
Kendrick Lamar,"gnx (feat. hitta j3, youngthreat, peysoh)",2.03
Flume,Counting Sheep (V2) [2018 Export Wav] (feat. Injury Reserve),2.03
Summer 2000,Lucifer Loves Me,2.03
Nick Cave & The Bad Seeds,As I Sat Sadly By Her Side - 2011 Remastered Version,2.03
MIKE,Aww (Zaza),2.03
chloe moriondo,Hell Hounds,2.03
mishikui,Haunt Me,2.03
SOUNDS OF UTOPIA,"Sleep Rain Sounds, Pt. 4",2.03
Machine Girl,First Five Years of Life,2.03
Five Pebbles,förgätmigej,2.02
Yabujin,ANGEL WITTA KNIFE,2.02
Noah Cyrus,Make Me (Cry) - Acoustic Version,2.02
Yoshi T.,F* TASTE,2.02
Kitty Craft,Par 5,2.02
Freddie Gibbs,Watts (feat. Big Time Watts),2.02
SOPHIE,Intro (The Full Horror),2.02
Neutral Milk Hotel,Gardenhead / Leave Me Alone,2.02
Infinity Frequencies,Moonlit Cruise,2.02
Seafood Sam,Ramsey,2.02
Re-Logic,Overworld Night,2.02
Magdalena Bay,Halfway,2.02
Tfwamirite,見てください,2.02
Doechii,BOILED PEANUTS,2.01
Descendents,Myage,2.01
Mike Dimes,RELIGION,2.01
Trash Talk,"Blossom & Burn (feat. Hodgy & Tyler, The Creator)",2.01
Flying Lotus,Fighting Without Honor,2.01
Vince Staples,LAKEWOOD MALL,2.01
A$AP Rocky,Purple Swag,2.01
Lovejoy,Consequences,2.01
Yabujin,NORTH KOREAN NARCOS,2.01
Re-Logic,Boss2,2.01
Tom Butwin,"I Don't Care Much (From ""Cabaret"")",2.01
Gaijin,Swamped,2.01
DJ Rozwell,Bicameral Mind (First Chamber),2.01
Gorillaz,The God of Lying (feat. IDLES),2.01
PierceTheSkies,Sugar/Spice,2.01
Rex Orange County,Loving Is Easy (feat. Benny Sings),2.01
Muggy Forecast,Oddly Comforting Rain,2.01
the pillows,Bran-new love song,2.01
Michael Cera,Brat,2.01
Doechii,STANKA POOH,2.01
The Garden,This Could Build Us a Home,2.01
Little Simz,damn right,2.01
Lovesliescrushing,Iwantyou,2.01
William Parry,Everybody's Got the Right,2.01
Roger Allam,Confrontation,2.0
Mount Eerie,Voice in Headphones,2.0
Wicked Movie Cast,No One Mourns the Wicked,2.0
Blackway,What's Up Danger (with Black Caviar),2.0
Rick Lyon,School for Monsters / The Money Song (Reprise),2.0
Post Malone,Staring At The Sun (feat. SZA),2.0
Död Mark,Benzo,1.99
BROCKHAMPTON,SCENE,1.99
Everything Everything,Distant Past,1.99
mishasgrave,pr3tend,1.99
Boris,My Machine,1.99
Madlib,Chino,1.98
Arca,Femme,1.98
Blanco,Londis,1.98
My Chemical Romance,Vampire Money,1.98
Ameer Vann,Keep Your Distance,1.98
Turnstile,ENDLESS,1.98
Daniel Johnston,True Love Will Find You In The End (1990),1.98
Sweet Trip,Zafire Melts the Heart in Modulation,1.97
Blue Smiley,flower,1.97
Bill Evans Trio,Detour Ahead (take 2),1.97
Playboi Carti,No Sl33p,1.97
Run The Jewels,Close Your Eyes (And Count to Fuck) (feat. Zack De La Rocha),1.97
The Pharcyde,Moment In Time,1.97
Mindless Self Indulgence,1989,1.97
$ilkMoney,Naga,1.97
The Beatles,Dig It - Remastered 2009,1.97
Nia Archives,F.A.M.I.L.Y,1.96
GRLwood,I'm Yer Dad,1.96
The Microphones,"The Gleam, Pt. 2",1.96
Yoshi T.,UR A DUB Remix (feat. POLO PERKS <3 <3 <3 & AyooLii),1.96
The Prodigy,Get Your Fight On,1.96
Erykah Badu,Rim Shot - Intro,1.96
Car Seat Headrest,Is This Dust Really from the Titanic?,1.96
shame,Great Dog,1.96
That Handsome Devil,Charlie's Inferno,1.96
Weezer,Island In The Sun,1.96
Gyptian,Hold You - Hold Yuh,1.96
MIMIDEATH,Girls Just Want 2 Have Fun,1.95
Queen,Somebody To Love - Remastered 2011,1.95
Camila Cabello,Havana (feat. Young Thug),1.95
Madvillain,Eye (feat. Stacy Epps),1.95
Beyoncé,ENERGY (feat. Beam),1.95
Nick Cave & The Bad Seeds,Fifteen Feet of Pure White Snow,1.94
Alex G,Master,1.94
Melt-Banana,Flipside,1.94
A. G. Cook,2021,1.94
Ashnikko,Trinkets,1.94
Queen,"All Dead, All Dead - Remastered 2011",1.93
Black Flag,What I See,1.93
VAPERROR,Transmission,1.93
The Clash,London Calling,1.93
Utro,Незнакомая Сила,1.93
The Microphones,(Something),1.92
Hank Levy,Whiplash,1.92
Radiohead,Untitled,1.92
Mk.gee,New Low,1.92
Nas,The Genesis,1.92
JPEGMAFIA,END CREDITS!,1.92
Shygirl,UCKERS,1.92
Dead Kennedys,Too Drunk to Fuck,1.91
Sufjan Stevens,Incantation VII,1.91
death's dynamic shroud,그대 기억에 지쳐 잠들죠,1.91
Simon & Garfunkel,April Come She Will,1.91
Sigur Rós,Intro,1.91
Julien Baker,Appointments,1.91
DJ Rozwell,BIGFOOT,1.9
Freddie Dredd,Evil Fantasy,1.9
bliss3three,私を月まで連れて行って,1.9
Bladee,RIVER FLOWS IN YOU,1.9
Elita,Sour Switchblade,1.9
The Microphones,My Roots Are Strong and Deep,1.9
Ray Laurél,CHARLES JEFFREY,1.9
Elliott Smith,Ostrich And Chirping,1.9
John Gallagher Jr.,The Bitch Of Living - Original Broadway Cast Recording/2006,1.89
Eminem,Without Me,1.89
Fontaines D.C.,Starburster / In Heaven (Lady in the Radiator Song),1.89
Chief Keef,I Don't Like,1.89
Infinity Frequencies,Know You,1.89
Peggy Gou,(It Goes Like) Nanana,1.89
Mount Eerie,A Show of Hands,1.89
Steve Lacy,Bad Habit,1.89
KAYTRANADA,Puff Lah,1.89
Kali Uchis,Gotta Get Up - Interlude,1.89
J Dilla,Thunder,1.89
SEATBELTS,Tank!,1.89
I Hate Sex,I Hate Sports,1.89
Liturgy,Djennaration,1.89
Pearling,Kiera ♡,1.88
Action Bronson,Picasso's Ear,1.88
Minor Threat,Stumped,1.88
IDK,24,1.88
Goth Lipstick,catgirl goes to college,1.88
Rory in early 20s,Various Types Of Ads,1.88
garden airplane-trap,jockey,1.88
of Montreal,Wraith Pinned to the Mist and Other Games,1.88
Earl Sweatshirt,Inside,1.88
Mixtape Madness,Next Up - Part 1,1.87
Bladee,BAD 4 BUSINESS,1.87
Död Mark,Isobel,1.87
Nirvana,Downer,1.87
Aphex Twin,em2500 M253X [London 03.06.17],1.87
Isabelle Allen,Castle On A Cloud,1.87
Black Flag,Spray Paint,1.87
KAYTRANADA,September 21,1.86
Thee Oh Sees,A Foul Form,1.86
Swans,Surrogate 2,1.86
Crywank,"""Who Is Thomas Saunders and Why Is He Significant in Your Writings?""",1.86
Alex G,Rejoyce,1.86
Acetantina,Hopelessful,1.86
Sia,"Elastic Heart - From ""The Hunger Games: Catching Fire"" Soundtrack",1.86
of Montreal,Tim I Wish You Were Born a Girl,1.86
Ed Sheeran,Shape of You - Stormzy Remix,1.86
waveform*,Miner's Lullaby,1.86
ミドリ,ゆきこさん,1.86
KAYMC,Emerald Roses,1.85
Zaydoreon,pom three,1.85
Frank Sinatra,Somethin' Stupid,1.85
Re-Logic,Boss 3,1.85
Nirvana,You Know You're Right,1.85
Tom Waits,The Ocean Doesn't Want Me - 2023 Remaster,1.85
Kenny Beats,Rotten,1.85
Art Blakey & The Jazz Messengers,Moanin',1.84
Duster,Docking the Pod,1.84
CASIOPEA,タイム・リミット,1.84
Burial,UK,1.84
The Chemical Brothers,Life Is Sweet,1.84
MF DOOM,The Hands of Doom (Skit),1.84
Mitski,A Burning Hill,1.84
heroinsick,𝓉𝒶𝓁𝓀𝒾𝓃 𝓉𝑜 𝓉𝒽𝑒 𝓉𝓇𝑒𝑒𝓈,1.84
Nia Archives,Blind Devotion,1.83
Earl Sweatshirt,Off Top,1.83
Lil Ugly Mane,Last Breath (Outroduction),1.83
IDLES,Slow Savage,1.83
Enjoy,Slip of the Memory,1.83
EsDeeKid,Tartan,1.83
Food For Animals,Tween My Lips,1.83
Modern Baseball,Broken Cash Machine,1.83
Gabriel Ebert,Telly,1.83
boygenius,The Parting Glass,1.83
The Avalanches,Diners Only,1.82
Kid Trash,G-SHOKK,1.82
osquinn,i dont want that many friends in the first place,1.82
t e l e p a t h テレパシー能力者,Dream Girl,1.82
Westside Gunn,Euro Step,1.82
P!nk,Raise Your Glass,1.82
Jonas Blue,Mama,1.82
Yves Tumor,Ebony Eye,1.81
Eminem,The Monster,1.81
Helvetia,Cool Snacks,1.81
Dean Blunt,Brutal,1.81
My Chemical Romance,Interlude,1.81
Lorde,Shapeshifter,1.81
Michael Cera,Moving In,1.8
Wipers,Mystery,1.8
M83,Birds,1.8
Question Mark,We'll Meet Again,1.8
Tally Hall,The Whole World and You,1.8
Jerskin Fendrix,Bella,1.8
MGMT,Whistling Through the Graveyard,1.8
Reeve Carney,Come Home with Me,1.79
Puzzle,Loose Cannon,1.79
KAYTRANADA,GOOD LUCK,1.79
Beyoncé,NILE,1.79
Family Vision,Maintenance,1.78
Alex G,Axesteel,1.78
Buena Vista Social Club,Chan Chan,1.78
Sufjan Stevens,Silent Night,1.77
Bill Evans Trio,It Might As Well Be Spring,1.77
LMFAO,Shots,1.77
100 gecs,800db cloud (Ricco Harver Remix),1.76
Squid,Fugue (Bin Song),1.76
ghosts on film,monaco,1.76
garden airplane-trap,double you,1.76
Pavement,Zürich Is Stained,1.76
Adrian Von Ziegler,Blood Night,1.75
Viagra Boys,Secret Canine Agent,1.75
Dr Stiig,Evil Morty Theme,1.75
Working Men's Club,John Cooper Clarke,1.75
Leith Ross,We'll Never Have Sex,1.75
Kanye West,Donda Chant,1.75
Kanye West,Pinocchio Story,1.75
Thaiboy Digital,Drainstar Rock,1.75
Grey Henson,Revenge Party,1.75
Crim3s,Lost,1.75
Phoebe Bridgers,Christmas Song,1.75
Grimes,Know The Way,1.75
Madvillain,Curls (Instrumental),1.75
Enjoy,Mist,1.74
Chris Thatcher,If You Were Gay - From Avenue Q,1.74
Yabujin,TIRIJINAS TILDA (BONUS),1.74
Ryuichi Sakamoto,Dream,1.74
Riverdale Cast,"Candy Store (feat. Madelaine Petsch, Lili Reinhart, Camila Mendes, Vanessa Morgan & Bernadette Beck)",1.74
Anthony Ramos,PRayer,1.74
The Smiles,Drive,1.73
Home Is Where,L Ron Hubbard Was Way Cool,1.73
Smile,Doing All Right - ...Revisited,1.73
Mount Eerie,My Burning,1.73
The Microphones,Karl Blau,1.72
Loyle Carner,Dear Jean,1.72
Daniel Johnston,Wicked Will,1.72
Kanye West,Intro,1.72
The Microphones,I Am Bored,1.72
Billie Holiday,Solitude,1.71
FKA twigs,track girl interlude,1.71
Ariana Grande,Everyday,1.71
Diana Ross,I'm Coming Out,1.71
Bladee,DONT WANNA HANG OUT,1.71
Kanye West,School Spirit Skit 1,1.71
The Beach Boys,"Caroline, No",1.71
Blue Smiley,bird,1.71
BROCKHAMPTON,CINEMA 3,1.71
Alan Walker,Fade,1.71
Fetty Wap,Trap Queen,1.71
Young Thug,Kanye West (feat. Wyclef Jean),1.7
Sufjan Stevens,"To The Workers of The Rock River Valley Region, I have an idea concerning your predicament, and it involves an inner tube, bath mats, and 21 able-bodied men",1.7
King Gizzard & The Lizard Wizard,The Garden Goblin,1.7
Earl Sweatshirt,Wool (feat. Vince Staples),1.7
Peggy Gou,Troop,1.7
Wendy Carlos,Main Title (The Shining),1.7
b7lanket,HIDDEN AMONG THE BLAZING STARS (DIRECTORS CUT),1.7
Oasis,The Meaning Of Soul,1.7
Alex G,Soaker - Bonus Track,1.7
Kygo,First Time,1.7
Alex G,Harvey,1.69
Tom Francis,Let Me Take You Back,1.69
Triads,Now I Can Hold My Head Up High,1.69
Fontaines D.C.,Before You I Just Forget,1.69
ruby,Flippin' Tha Bird - Ceasefire Mix,1.69
The Beatles,Here Comes The Sun - 2019 Mix,1.69
Blur,Tender,1.69
The Smashing Pumpkins,Cupid De Locke - Remastered 2012,1.69
Madvillain,Operation Lifesaver (Instrumental),1.68
Pink Siifu,Fly Siifu's Voicemail,1.68
Nick Drake,Introduction,1.68
Cardinals,Twist and Turn,1.68
Westside Gunn,Julia Lang (feat. Trap-A-Holics),1.67
Sophie Isaacs,Lifeboat,1.67
Green Day,Emenius Sleepus,1.67
Dean Blunt,chucking it,1.67
Charli xcx,B2b featuring tinashe,1.67
DJ Rozwell,Heir Descendant,1.67
C418,Ki,1.66
Kenny Beats,The Perch,1.66
Bladee,SO COLD INTERLUDE,1.66
Doechii,SKIPP,1.66
Kaitlyn Aurelia Smith,Brush,1.66
Julien Baker,Ballad of Big Nothing,1.66
DJ Rozwell,Exit The Sock,1.66
Charli xcx,Guess featuring billie eilish,1.66
Action Bronson,Sergio,1.65
Pink Siifu,Demon Tyme Skit,1.65
Jon Bellion,All Time Low,1.65
Brahman,glide,1.65
MF DOOM,Gumbo,1.65
Westside Gunn,Freestyle,1.65
Flume,Track 1,1.65
Colin Stetson,The righteous wrath of an honorable man,1.65
Nala Sinephro,Space 6,1.64
FKA twigs,Childlike Things,1.64
DJ Drama,Legendary,1.64
Chuck Sutton,133 (Ode to Freshman),1.64
Kanye West,Who Will Survive In America,1.64
Injury Reserve,2016 Interlude,1.64
FKA twigs,pamplemousse,1.64
Justin Hurwitz,Mia & Sebastian’s Theme,1.63
Candace,Busted,1.63
Ovlov,Baby Shea,1.63
EsDeeKid,Prague,1.63
Sufjan Stevens,"Riffs and Variations on a single note for Jelly Roll, Earl Hines, Louis Armstrong, Baby Dodds, and the King of Swing, to name a few",1.62
Childish Gambino,IV. Sweatpants,1.62
Blue Smiley,demon,1.62
Guided By Voices,"As We Go Up, We Go Down",1.62
Mount Eerie,We Squirm,1.62
Vashti Bunyan,Don't Believe,1.62
Pink Siifu,manic,1.62
Alex G,Time/Space,1.62
Skrillex,HUMBLE. - SKRILLEX REMIX,1.61
King Gizzard & The Lizard Wizard,K.G.L.W.,1.61
Xeo,Gucci Slides?!,1.61
DJ Rozwell,R Funk Native,1.61
Caroline Polachek,Spring Is Coming With A Strawberry In The Mouth,1.6
Bladee,DON'T DO DRUGZ,1.6
Tim Hecker,Prism,1.6
Japancakes,Sometimes,1.6
Boards of Canada,Bocuma,1.6
Brave Little Abacus,"Allston, Massachusetts December 2009 to January 2010",1.6
Noname,Self,1.6
The Beatles,I Want To Hold Your Hand,1.59
Doechii,BULLFROG,1.59
Doechii,PROFIT,1.59
Sublime,"April 29, 1992 (Miami)",1.59
Massive Attack,Splitting The Atom,1.59
boygenius,We're In Love,1.59
Belinda Carlisle,Heaven Is A Place On Earth,1.59
garden airplane-trap,sad clown II,1.58
Jamiroquai,Travelling Without Moving - Remastered 2013,1.58
Armand Hammer,Woke Up and Asked Siri How I'm Gonna Die,1.58
Infinity Frequencies,Synergy,1.58
Michael Cera,2048,1.58
Sleeping At Last,Atlas: Heart,1.58
Porter Robinson,Lifelike,1.58
The Streets,Sharp Darts,1.58
Pixies,Palace of the Brine,1.57
Lady Gaga,Die With A Smile,1.57
Kate Shindle,A Nice Little Walk,1.57
Pink Floyd,Hey You - Live,1.57
Reverend Kristin Michael Hayter,PRECIOUS LORD TAKE MY HAND,1.57
Tinashe,Nasty - Match My Tweak Remix,1.57
Freddie Gibbs,Look At Me,1.56
Wiz Khalifa,Washingtons by Your Side,1.56
DJ Shadow,Best Foot Forward,1.56
The Happy Fits,Heart of a Dancer,1.56
The Avalanches,Ghost Story Pt. 2,1.56
Hole,Pretty On The Inside,1.55
Yves Tumor,Faith In Nothing Except In Salvation,1.55
Oneohtrix Point Never,He She,1.55
William Basinski,Paradise Lost,1.55
Dreamwell,What Does It Mean to Live in a Grotesquerie?,1.55
Mount Eerie,"You Swan, Go On",1.55
Joey Valence & Brae,OK,1.54
Young Thug,Harambe,1.54
PJ Harvey,The Wind,1.54
MUNA,Kind Of Girl,1.54
Boards of Canada,Dayvan Cowboy,1.54
Nas,Life's a Bitch (feat. AZ & Olu Dara),1.54
Sleigh Bells,Straight A's,1.53
Zedd,Papercut,1.53
Meth Wax,Verge of Destruction,1.53
Kanye West,Wake Up Mr. West,1.53
"""Les Misérables Original London Cast"" Ensemble",At The End Of The Day,1.53
The Specials,Too Much Too Young - 2002 Remaster,1.53
Infinity Frequencies,Tower View,1.53
Prison Affair,Big Bottom Baby,1.52
Fukkit,"just shut the f*** up for once, please... holy s***",1.52
freckz,KING OF THE CASTLE,1.52
Dry Cleaning,Scratchcard Lanyard,1.52
Bomb The Bass,Empire,1.52
Green Day,Meet Me on the Roof,1.51
Madvillain,Hardcore Hustle (Instrumental),1.51
Black Sabbath,Orchid,1.51
Avicii,Levels - Radio Edit,1.51
Gravediggaz,2 Cups of Blood,1.5
Blood Orange,On the Line,1.5
Lightning Bolt,Wonderful Rainbow,1.5
Bad Brains,Intro,1.5
Outkast,GhettoMusick,1.5
Standing On The Corner,In + Out,1.5
Mount Eerie,"Moon, I Already Know",1.49
slidesta,Show me Calcium,1.49
Mura Masa,a meeting at an oak tree (with Ned Green),1.49
Madvillain,Strange Ways (Instrumental),1.49
Big Black,The Power of Independent Trucking,1.49
redveil,Campbell,1.49
The Alchemist,Wildstyle (feat. Zelooperz),1.48
I Hate Sex,Old New Girlfriend,1.48
Jaden,Way Up,1.48
The Chainsmokers,Paris,1.48
Model/Actriz,Mosquito,1.48
Ichiko Aoba,卯月の朧唄,1.48
"Tyler, The Creator",SIR BAUDELAIRE (feat. DJ Drama),1.48
Chat Pile,Why,1.48
Claud,Wish You Were Gay,1.48
Nick Cave & The Bad Seeds,Henry Lee (feat. PJ Harvey),1.47
GROUPLOVE,Raspberry,1.47
Empire Of The Sun,We Are The People,1.47
Swans,Fan's Lament,1.47
MASS OF THE FERMENTING DREGS,まで。 - 情熱ミックス,1.47
Kungs,This Girl (Kungs Vs. Cookin' On 3 Burners),1.47
Glenn Branca,Lesson No. 2,1.47
Flying Lotus,Shoreline Sus,1.47
SZA,Ghost in the Machine (feat. Phoebe Bridgers),1.47
Alex G,Cross Country,1.46
Dagames,Meet Thy Maker,1.46
Metallica,Loverman,1.46
Converge,Bitter and Then Some,1.46
Standing On The Corner,Splitting Time,1.46
CHANCE デラソウル,Interstitial Images,1.46
Black Dresses,IMPOSSIBLE DREAM,1.46
The Beatles,A Day In The Life - Remastered 2017,1.46
Blondie,One Way Or Another,1.46
Deki Alem,Fluent Stutter,1.46
meat computer,team edward,1.45
Yabujin,GONE FISHIN',1.45
Matt Maltese,As the World Caves In,1.45
Flying Lotus,Taiko Time // Sacrifice,1.45
Original West End Cast of Everybody's Talking About Jamie,If I Met Myself Again,1.45
Westside Gunn,400 Million Plus Tax,1.45
Lauv,Molly In Mexico,1.45
Melt-Banana,Vertigo Game,1.44
Michael Cera,Old Grey Whistle,1.44
Flying Lotus,Enchanted,1.44
One Direction,Night Changes,1.44
JPEGMAFIA,ALLAH,1.44
Dreamwell,The Vessel Bears My Face,1.44
Pixies,Allison,1.44
Flying Lotus,Pain and Blood,1.44
Flying Lotus,Your Head // We Won,1.43
Throbbing Gristle,20 Jazz Funk Greats,1.43
Baby Jake,Yacki Yoggi Song,1.43
Car Seat Headrest,I-94 W (832 Mi),1.43
Bladee,NORMAL,1.43
Lil Ugly Mane,Citynitesfox Blues,1.43
Brahman,this place is not for people anymore,1.43
YONAKA,Teach Me To Fight,1.43
Model/Actriz,Crossing Guard,1.42
Crumb,Part III,1.42
Boards of Canada,One Very Important Thought,1.42
Flea,Pedestal of Infamy,1.42
The Wytches,Summer Again,1.42
Lil Ugly Mane,Found Tape,1.42
Altin Gün,Goca Dünya,1.41
Sampha,What If You Hypnotise Me?,1.41
Flying Lotus,War Lords,1.41
Rawt,Burn Buttr,1.4
Pixies,Crackity Jones,1.4
The Beatles,Maggie Mae - Remastered 2009,1.4
Nine Inch Nails,Right Where It Belongs,1.4
Xiu Xiu,All We Ever Wanted Was Everything,1.4
Joe Hawley,Everything Means Nothing to Me - Instrumental,1.4
Park National,Birds,1.39
Rx Papi,Cousin Tito,1.39
The Avalanches,Solitary Ceremonies,1.39
Yves Tumor,Psalm,1.39
Beyoncé,MY ROSE,1.39
Natural Snow Buildings,"Satanic Demona, Pt. 2",1.39
Anthony Crivello,My Dead Gay Son,1.39
Sleigh Bells,Where Did You Sleep Last Night,1.38
Jimi Hendrix,...And the Gods Made Love,1.38
Royel Otis,who’s your boyfriend,1.37
Frankie Goes To Hollywood,Two Tribes,1.37
bliss3three,neo_venezia,1.37
Joanne Robertson,she's lost control again,1.37
Daniel Johnston,I'll Never Marry,1.37
Westside Gunn,2 Stings,1.37
Squid,Resolution Square,1.37
Gorillaz,Ticker Tape (feat. Carly Simon & Kali Uchis),1.36
Bruno Pernadas,Step Out Of The Light,1.36
Macabre Plaza,Let's Dance in the Dirt!,1.36
Sufjan Stevens,"Let's hear that string part again, because I don't think they heard it all the way out in Bushnell",1.36
Stevie Wonder,Too High,1.35
Bo Burnham,That Funny Feeling,1.35
The Mothers Of Invention,"Harry, You're A Beast",1.35
Lil B,Ski Ski BasedGod,1.35
Martin Garrix,Pizza,1.35
Infinity Frequencies,Sun Rays,1.35
Madvillain,Hardcore Hustle (feat. Wildchild),1.35
Skunk Anansie,Hedonism (Just Because You Feel Good),1.35
Madvillain,Sickfit (Instrumental),1.35
Flying Lotus,RoBomb,1.35
She Wants Revenge,All Wound Up,1.34
Paramore,Interlude: Holiday,1.34
Simon & Garfunkel,The Sound of Silence,1.34
Rico Ace,SKATTI.,1.34
Nia Archives,Killjoy !,1.34
Lead Belly,Where Did You Sleep Last Night,1.34
epic mac,i broke her legs!,1.34
Playboi Carti,GOOD CREDIT,1.34
Alvvays,Fourth Figure,1.34
Beyoncé,TEXAS HOLD 'EM,1.34
MAVI,Daylight Savings,1.33
Dominique Guiot,Une Ballade Pour Une Goélette,1.33
MF DOOM,"Doom, Are You Awake? (Skit)",1.33
IDLES,Damaged Goods,1.33
Wyldest,Feed the Flowers Nightmares,1.33
Daniel Johnston,Since I Lost My Tooth,1.33
David Bowie,Neuköln - 2017 Remaster,1.33
DJ Curt,Next Subject,1.33
Squarepusher,Tommib,1.33
Jeff Buckley,Hallelujah,1.33
Funkadelic,Biological Speculation,1.33
John Tartaglia,"My Girlfriend, Who Lives in Canada",1.33
Thundercat,Rabbot Ho,1.33
Re-Logic,Title Screen,1.32
Bud Powell Trio,I Cover the Waterfront - Remastered,1.32
Strawberry Launch,Sweet Basil,1.32
Macabre Plaza,An Old Farmer's Smile,1.32
Bladee,MESSAGE TO MYSELF,1.32
Cosmo Sheldrake,Linger a While,1.32
Kanye West,Skit #4 (Kanye West/Late Registration),1.31
Lil Ugly Mane,Brion Gyson With a Cool Hat on,1.31
Father John Misty,Heart-Shaped Box - Sirius XM Session,1.31
Imagine Dragons,Next To Me,1.3
Infinity Frequencies,Clouds,1.3
Psychedelic Porn Crumpets,Round the Corner,1.3
Crywank,Obsessive Muso with No Friends,1.29
slowthai,WOT,1.29
BROCKHAMPTON,CINEMA 2,1.29
Minor Threat,Guilty Of Being White,1.29
Pavement,Chesley's Little Wrists,1.29
Duke Ellington,Big Nick,1.28
Baby Keem,scapegoats,1.28
Machine Girl,Mg2,1.28
Harold Budd,Faraon - 2013 Remaster,1.28
Merzbow,Woodpecker No. 2,1.27
Crywank,Just a Snail,1.27
Zelooperz,Bash Bandicoon,1.27
DJ Rozwell,1848,1.27
The Beatles,Maxwell's Silver Hammer - 2019 Mix,1.27
The Chainsmokers,The One,1.27
Minor Threat,Out Of Step (With The World),1.27
ericslake,Break (Alex G),1.26
Björk,Come To Me,1.26
Body Meat,Metal Gear,1.26
David Bowie,Rebel Rebel - 2016 Remaster,1.26
Macabre Plaza,Fly the Voodoo Skies,1.26
Boards of Canada,Dandelion,1.25
MIMIDEATH,Assadist Pussy Got Me Actin' Strange,1.25
Frances Ruffelle,A Little Fall Of Rain,1.25
Elton John,Lucy In The Sky With Diamonds,1.25
SOPHIE,One More Time (feat. Popstar),1.25
Thundercat,Day & Night,1.25
Blood Orange,I Wanna C U,1.25
Charlie Floyd,Do It Again,1.25
"Tyler, The Creator",Mommanem,1.24
Tame Impala,Gossip,1.24
Pink Floyd,Breathe (In The Air) - 2023 Remaster,1.24
Lil Ugly Mane,Hennessy and Seagrams Gin,1.24
Black Eyed Peas,Just Can’t Get Enough,1.24
Pink Siifu,black woman is god,1.24
Jorja Smith,Little Things - Nia Archives Remix,1.23
BROCKHAMPTON,SCENE 2,1.23
Nashville Cast,I'm A Girl,1.23
The Score,Legend,1.23
Government Issue,Rock'n Roll Bullshit,1.23
Jesse Welles,Payola,1.23
Marshmello,Here With Me,1.22
Childish Gambino,III. Urn,1.22
Prophétique,Enigma,1.22
A Town Called Panic,"Gritt My Teeth, Let Me Be (interlude)",1.22
Frank Sinatra,Hark! The Herald Angels Sing - Remastered 1999,1.22
Daniel Johnston,Nervous Love,1.22
The Beatles,Eleanor Rigby,1.22
Maggie Lindemann,Pretty Girl - Cheat Codes X CADE Remix,1.22
Meat Puppets,Lake of Fire,1.22
Styx,Mr. Roboto,1.21
The Garden,The Gorilla,1.21
MED,Serving,1.21
Avenue Q Ensemble,The Avenue Q Theme,1.21
Bob Vylan,Moment of Silence,1.21
The Go! Team,Ladyflash,1.21
my bloody valentine,feed me with your kiss,1.21
S.O.A.,Public Defender,1.21
David Bowie,Sound and Vision - 2017 Remaster,1.2
Blur,For Tomorrow - 2012 Remaster,1.2
Bad Brains,Black Dots,1.2
clipping.,Prophecy (interlude),1.2
Surprise Chef,Drinking from the Cup of Bob Knob,1.2
Grant Macdonald,Ram Ranch,1.19
Black Dresses,BLOOM,1.19
J Dilla,Light My Fire,1.19
Lou Phelps,Greatest,1.19
Sheila's Disciples,Pages,1.19
"Tyler, The Creator",MOMMA TALK,1.18
Arca,In the Face,1.18
MIKE,Hunger,1.18
Psychedelic Porn Crumpets,More Glitter,1.18
Guitar Fight from Fooly Cooly,Blackhole City,1.18
MUNA,One That Got Away,1.18
DJ Shadow,Transmission 3,1.18
F-777,Ludicrous Speed 1,1.17
DJ Shadow,Transmission 1,1.17
Charlie Parker Quartet,Star Eyes - Incomplete & False Start,1.17
Reverend Kristin Michael Hayter,NOTHING BUT THE BLOOD OF JESUS,1.17
Tay-K,Saran Pack,1.17
clipping.,Intro,1.17
Turnstile,HUMANOID / SHAKE IT UP,1.16
The Mothers Of Invention,Lonely Little Girl,1.16
Död Mark,Centralstimulans,1.16
Desiigner,Panda,1.16
T'Shan Williams,Shine a Light (Reprise),1.16
Ninajirachi,Infohazard,1.16
Blank Banshee,B:/ Start Up,1.15
MM'99,Nausea,1.15
A$AP Rocky,Purity (feat. Frank Ocean),1.15
Alvin & The Chipmunks,How We Roll,1.15
JID,"Community (with Clipse, Pusha T & Malice)",1.14
The Avalanches,Carrier Waves,1.14
Little Simz,"Little Q, Pt. 1 - Interlude",1.14
CJ’s Mirra Maze,Self Medicate,1.14
SpaceGhostPurrp,Legend of the East Pyramyds,1.14
lojii,sposed2feel,1.13
Aphex Twin,#15,1.13
Sonic Youth,Nic Fit,1.13
Steely Dan,Aja,1.13
Dr Stiig,Spooky Scary Skeletons (Remix),1.13
Edan,Time Out - Segue,1.13
Acetantina,Phosop,1.13
Celer,"(06.23.17) From the Doorway Of the Beef Noodle Shop, Shoes on the Street In the Rain, Outside the Karate School",1.13
Kyle Dixon & Michael Stein,Stranger Things,1.13
Sly & The Family Stone,"Africa Talks to You (""The Asphalt Jungle"")",1.12
The Beatles,Blackbird / Yesterday,1.12
Nine Inch Nails,Sanctified,1.12
Kanye West,Skit #1 (Kanye West/Late Registration),1.12
Quadeca,I MAKE IT LOOK EFFORTLESS,1.12
Yung Lean,Snakeskin / Bullets,1.12
Charli xcx,After the Afterparty (feat. Lil Yachty) - Alan Walker Remix,1.11
Florence + The Machine,Over The Love,1.11
MAVI,"Love, of Money",1.11
"Black Country, New Road",Mary,1.11
Zelooperz,Battery,1.11
Michael Cera,What Gives (...I Can't Live Like This),1.11
Twenty One Pilots,Migraine,1.11
KAYTRANADA,DRIVE ME CRAZY,1.11
KAYTRANADA,Seemingly,1.11
Chrystal,The Days,1.11
Dorian Electra,Monk Mode [Interlude],1.1
Gen,No Rnb,1.1
Flume,AI Girlfriend,1.1
USHER,Wait For It,1.1
Ewy,mud,1.1
Death Grips,Outro,1.1
DJ Rozwell,Killer,1.1
"Tyler, The Creator","Darling, I",1.1
Dylan Locke,Bitch Lasagna (Remix) [feat. Party in Backyard & Pewdiepie],1.09
IDLES,POP POP POP (feat. Danny Brown),1.09
Sprain,True Norwegian Black Metal,1.09
Destroy Boys,Muzzle,1.09
Andrew Lloyd Webber,Memory,1.09
Slauson Malone 1,Smile #6 (see page 198 and 158),1.09
Yabujin,CELL,1.09
Daft Punk,"Harder, Better, Faster, Stronger - Alive Radio Edit 2007",1.09
The Beatles,Komm gib mir deine Hand - Remastered 2009,1.08
SZA,BMF,1.08
Twenty One Two,Punkrocker,1.08
Yeat,Hëy,1.08
Minor Threat,12XU,1.08
Thundercat,Tokyo,1.08
Blue Swede,Hooked On A Feeling,1.08
Baby Keem,SLICE INTERLUDE,1.07
Wendigo,WHATEVER,1.07
N.E.R.D,Lapdance,1.07
Exuma,"Exuma, The Obeah Man",1.07
FKA twigs,christi interlude,1.07
GOBSMACKED,for the temporary and forgotten,1.06
A Town Called Panic,Break.,1.06
Lil Ugly Mane,wurdemkittykatzat,1.06
Ravyn Lenae,Venom,1.06
Lil Ugly Mane,Bedtime,1.06
Kanye West,Siiiiiiiiilver Surffffeeeeer Intermission,1.06
J Dilla,Donuts (Outro),1.06
Daniel Romano,A Rat Without a Tale,1.06
Pink Siifu,333GET@ME,1.05
Minor Threat,Seeing Red,1.05
King Geedorah,Lockjaw,1.05
Saba,an Interlude Called “Circus” (feat. Eryn Allen Kane),1.05
MUNA,No Idea,1.05
Green Day,In the End,1.05
Flying Lotus,Hiding in the Shadows,1.04
Maximilian the Bork Bork,"Makin' Bacon Pancakes (From ""Adventure Time"")",1.04
Sadness,fade away,1.04
Noah Cyrus,Make Me (Cry),1.04
Ed Sheeran,Shape of You - Acoustic,1.04
Dystopia,Cosmetic Plague,1.04
Little Simz,Never Make Promises - Interlude,1.04
Thee Oh Sees,Sacrifice,1.04
Steven Universe,Strong in the Real Way,1.03
Playboi Carti,Lame Niggaz,1.03
The Avalanches,Pablo's Cruise,1.03
Johann Sebastian Bach,"Goldberg Variations, BWV 988: Aria",1.03
Ichiko Aoba,bouquet,1.03
Död Mark,Paranoid schizofren,1.03
Jimi Hendrix,"Moon, Turn the Tides...Gently Gently Away",1.03
Ed Sheeran,South of the Border (feat. Camila Cabello & Cardi B) - Cheat Codes Remix,1.03
Standing On The Corner,Caleb Just Monkeying Around,1.03
The Streets,Dry Your Eyes,1.03
Macabre Plaza,Middle of Nowhere,1.02
Sia,Satisfied (feat. Miguel & Queen Latifah),1.02
Shygirl,FREAK,1.02
The Waitress Band,Pomatter Pie,1.02
Uamee,Protivogaz,1.02
Clairo,Nomad,1.02
Faith No More,Be Aggressive,1.01
Squid,Crispy Skin,1.01
"Tyler, The Creator",EXACTLY WHAT YOU RUN FROM YOU END UP CHASING,1.01
Mac Miller,DJ's Chord Organ (feat. SZA),1.01
Ray Laurél,"INTRO [mum, i think i’m free]",1.01
BROCKHAMPTON,SKIT 1,1.01
Raymond Walsh,Drink With Me - Live,1.0
Lil Ugly Mane,Cut,1.0
Maroon 5,Payphone,1.0
Michael Cera,Sexy Danger,1.0
EVABOY,Beat the shit out of the person,1.0
Rob McClure,Ready Set - Reprise,1.0
SOUNDS OF UTOPIA,Rainy Streets,1.0
Mike Posner,Cooler Than Me - Single Mix,1.0
James Ferraro,107.7 XM,1.0
Oliver! - 1994 London Palladium Cast,Where Is Love?,1.0
Beyoncé,Freedom (feat. Kendrick Lamar),1.0
Frou Frou,Let Go,1.0
Gorillaz,Gorillaz - Gorillaz 20 Mix,1.0
Ryan McCartan,Our Love Is God,1.0
J. Cole,l e t . g o . m y . h a n d (with Bas & 6LACK),0.99
Jack Stauber,Oh Klahoma,0.99
Re-Logic,Boss 1,0.99
Kanye West,Wash Us In The Blood,0.99
Boards of Canada,Kaini Industries,0.99
Richard Cheese,Closer,0.99
Wun Two,ragazza al mare,0.99
Fatboy Slim,Satisfaction Skank,0.99
Party in Backyard,Hej Monika (Remix),0.98
Xyla,Narcissus,0.98
Bo Burnham,Channel 5: The Musical - Studio,0.98
Dexys Midnight Runners,Come On Eileen - Single Edit,0.98
Blondie,Maria,0.98
THE DARKEST FUTURE,Untitled 1,0.98
Father John Misty,I Loved You Honeybee,0.98
Bring Me The Horizon,MANTRA,0.98
Yabujin,DEAR,0.98
Amyl and The Sniffers,GFY,0.97
Ramin Djawadi,Epilogue,0.97
The Avalanches,Avalanche Rock,0.97
Jet,Are You Gonna Be My Girl,0.97
The Mothers Of Invention,What's The Ugliest Part Of Your Body? - Reprise,0.97
Einstürzende Neubauten,The Garden,0.97
MASS OF THE FERMENTING DREGS,delusionalism,0.97
Turnstile,Real Thing,0.96
La Luz,Floating Features,0.96
Mudhoney,Sweet Young Thing Ain't Sweet No More,0.96
Eminem,Fall,0.96
clipping.,Haunting (interlude),0.96
Leona Lewis,One More Sleep,0.96
Galantis,Hunter,0.95
Thelonious Monk Septet,Abide With Me,0.95
Freaks of Avon,Small Particles of Dead Whale,0.95
Bob The Builder,Big Fish Little Fish,0.95
The Beatles,Glass Onion,0.95
my bloody valentine,touched,0.94
The Foundations,Build Me Up Buttercup,0.94
Steven Universe,Giant Woman,0.94
Machine Girl,Mg1,0.94
Laura Bell Bundy,Find My Way / Finale,0.94
Mac Miller,55,0.94
Beyoncé,Daddy Lessons,0.94
Koopsta Knicca,Whatcha Gonna Do,0.93
Walter Bobbie,"Sit Down, You're Rockin' the Boat",0.93
Lil Ugly Mane,Longrange,0.93
Lollia,Rolling Girl,0.93
Ralph Vaughan Williams,Fantasia on a Theme by Thomas Tallis,0.93
Green Day,Working Class Hero,0.93
Lifeguard,Loose Cricket,0.93
Lightning Bolt,Hello Morning,0.93
Alice Smith,Last Time (I Seen the Sun),0.92
Gary Numan,M.E.,0.92
Green Day,Holiday,0.92
Thou,Dawn,0.92
Bruno Mars,The Lazy Song,0.92
t e l e p a t h テレパシー能力者,親密,0.91
George Clanton,Slide,0.91
Viagra Boys,Only Friend,0.91
SZA,Diamond Boy (DTM),0.91
Elliott Smith,Say Yes - Remastered 2017,0.91
Infinity Frequencies,Paradise Lost,0.91
Lil Skies,Lust,0.9
Minor Threat,Bottled Violence,0.9
Michael Cera,Smoke Eyes,0.9
Mirror Kisses,Runaways,0.9
Kevin Michael Richardson,Blanchin',0.9
Pink Siifu,$mokebreak,0.9
Pretty Sick,Comedown,0.9
Kanye West,Lil Jimmy Skit,0.89
Working Men's Club,19,0.89
Dagames,S.O.S,0.89
MED,Greetings,0.89
DJ Elmoe,"Whea Yo Ghost At, Whea Yo Dead Man",0.89
Oingo Boingo,No One Lives Forever - Live,0.89
Nine Inch Nails,Pinion,0.89
Will Wood,"2econd 2ight 2eer (that was fun, goodbye.)",0.88
BROCKHAMPTON,LOOPHOLE,0.88
Mike Oldfield,In High Places - Remastered 2013,0.88
Minor Threat,Stand Up,0.88
Jerry Lee Lewis,Great Balls Of Fire,0.88
Paramore,Interlude: I'm Not Angry Anymore,0.88
Aphex Twin,"no stillson 6 cirk [Houston, TX 12.17.16]",0.88
Blue Iverson,Coy Boy,0.88
nabeel - نبيل,ras alsanna - رأس السنة,0.87
Westside Gunn,Justin Roberts,0.87
Katy Perry,Chained To The Rhythm,0.87
The Stone Roses,Elizabeth My Dear - Remastered 2009,0.87
DripReport,Skechers,0.87
Yves Tumor,Interlude,0.87
iamawakesorry,Let Them Know,0.87
Troye Sivan,WILD,0.87
Anne-Marie,Alarm - Marshmello Remix,0.87
Pink Siifu,Pick up TF Phone,0.87
Madvillain,Do Not Fire! (Instrumental),0.86
Vince Staples,Ramona Park Is Yankee Stadium,0.86
Madvillain,Supervillain Theme (Instrumental),0.86
Zebra Katz,MONITOR,0.86
S.O.A.,Girl Problems,0.86
Zebra Katz,Tear the House Up,0.86
Beyoncé,SMOKE HOUR ★ WILLIE NELSON,0.86
Naethan Apollo,You're Not Welcome,0.86
Kanye West,Workout Plan,0.86
Lin-Manuel Miranda,The Money,0.86
Ariana Grande,Into You - 3LAU Remix,0.85
Violent Femmes,Blister In The Sun,0.85
MoneyFourDrugs,Henny,0.85
Lil Ugly Mane,i believe the world would be a better place without you,0.85
Juice WRLD,Lucid Dreams,0.85
Palmistry,Bad Vibes,0.85
deadmau5,Jupiter,0.85
Why Don't We,I Don't Belong In This Club,0.85
Marshmello,Colour,0.84
Florence + The Machine,I'm Not Calling You A Liar,0.84
Jessie Mueller,Everything Changes,0.84
Stephen Schwartz,"I'm Not That Girl (Reprise) - From ""Wicked"" Original Broadway Cast Recording/2003",0.84
JAY-Z,Heart Of The City (Ain't No Love),0.83
Yoshi T.,THE WHITNEY,0.83
Skrillex,Ruffneck - Full Flex,0.83
Charlie Mole,Front Titles,0.83
DJ Shadow,Untitled,0.83
Jerskin Fendrix,London,0.83
Eliza Beth,Fall Into Dew,0.83
Pink Floyd,Outside the Wall,0.83
Daniel Lopatin,Marty’s Dream,0.83
Westside Gunn,MICHELLE WORLD,0.82
Louis Armstrong,My Sweet,0.82
Queens of the Stone Age,...Like Clockwork,0.82
Sufjan Stevens,"A short reprise for Mary Todd, who went insane, but for very good reasons",0.82
Selena Gomez,Wolves,0.82
Ride,Vapour Trail,0.82
The Stranglers,Golden Brown,0.82
Chat Pile,Masc,0.82
Panic! At The Disco,This Is Halloween,0.82
John Carpenter,Halloween Theme - Main Title,0.82
The Mothers Of Invention,Telephone Conversation,0.81
CMTEN,NEVER MET!,0.81
Skin On Skin,Burn Dem Bridges,0.81
100 gecs,ringtone (umru Remix),0.81
Gryphon,Touch and Go,0.81
JAY-Z,Dirt Off Your Shoulder,0.81
Freddie Gibbs,Supplier,0.81
The Beatles,Within You Without You / Tomorrow Never Knows,0.81
Opus Kink,This Train,0.8
Breakbot,Baby I'm Yours,0.8
Disclosure,My High (Edit),0.8
Marshmello,Want U 2 (Marshmello & Slushii Remix),0.8
Michael Cera,Uhohtrouble,0.8
Future,WRLD On Drugs,0.8
Olly Murs,24 Hrs,0.8
Nina Simone,Four Women (Live – Montreux Jazz Festival 1990),0.8
Will Wood,"Big Fat Bitchie’s Blueberry Pie, Christmas Tree, and Recreational Jell-o Emporium a.k.a. “Mr. Boy is on the Roof Again” (From “B.F.B.'s B-Sides: Bagel Batches, Marsh-Mallows, & Barsh-Mallows"")",0.79
Queens of the Stone Age,Emotion Sickness,0.79
SomeThingElseyt,Help,0.79
Thundercat,Blackkk,0.79
Myles-Domino,Chasing Butterflies,0.79
The Prodigy,Voodoo People - Pendulum Mix,0.79
The Beatles,Drive My Car / The Word / What You're Doing,0.79
Everything But The Girl,25th December - 2013 Remaster,0.79
Marilyn Manson,Killing Strangers,0.79
Coldplay,Parachutes,0.79
Pipe-eye,People Move Along,0.79
Shirley & Lee,Let The Good Times Roll,0.79
The Beatles,Lucy In The Sky With Diamonds - Remastered 2017,0.79
DEVO,Whip It,0.79
Viagra Boys,Call Of The Wild,0.78
DJ Rozwell,Scientists,0.78
Keala Settle,"This Is Me - Alan Walker Relift; from ""The Greatest Showman""",0.78
Nussy Andrews,Disappointment Room,0.78
Ecco2k,Bliss Fields,0.78
Caravan Palace,Russian,0.78
"Tyler, The Creator",She,0.78
Infinity Frequencies,Showtime,0.78
Karen Dalton,Are You Leaving for the Country,0.77
Viagra Boys,Best in Show II,0.77
CHRIST DILLINGER,You Can't Stop The Wave,0.77
Zedd,Stay The Night - Featuring Hayley Williams Of Paramore,0.77
John Maus,Hey Moon,0.77
Toro y Moi,Genius of Love,0.77
Michael Cera,Humdrummin,0.77
Quelle Chris,Popeye,0.77
Country Teasers,Success,0.77
Lil Ugly Mane,Syko 4 Dat Ass,0.77
MM'99,Prelude,0.77
Twenty One Pilots,Cancer,0.76
Pink Floyd,"Echoes - Live At Pompeii, 2016 Remix",0.76
SZA,Scorsese Baby Daddy,0.76
Pink Siifu,Black Bitches Matter Hoe,0.76
The Oh Hellos,"Soldier, Poet, King",0.76
Miley Cyrus,Tangerine (feat. Big Sean),0.76
Hiroshi Sato,BLUE AND MOODY MUSIC,0.76
Turnstile,NO SURPRISE,0.76
re:TYE,"Hikaru Nara (From ""Your Lie In April"")",0.76
Michael Abels,The Muybridge Clip,0.76
Daniel Caesar,Best Part (feat. H.E.R.),0.75
Armand Hammer,Trauma Mic,0.75
Bo Burnham,Sad,0.75
Scarlett Blight,A Bump in the Night,0.75
Basement Jaxx,where's my head at _,0.75
Xiu Xiu,Bobby Bland,0.75
Magdalena Bay,The End,0.75
Oasis,The Swamp Song (Excerpt 1),0.75
Have A Nice Life,The Parhelic Circle,0.75
S.O.A.,Blackout,0.75
Andrew Bird,Sisyphus,0.74
Panchiko,D>E>A>T>H>M>E>T>A>L_R>O>T,0.74
Charli xcx,The 360 remix with robyn and yung lean,0.74
Bandit,Goonies (I Only Tolerate You),0.74
CHANCE デラソウル,Expect Nothing,0.74
Johnny Cash,The Little Drummer Boy,0.74
Shaggy,Boombastic,0.74
JPEGMAFIA,INTRO!,0.73
DJ Shadow,Why Hip-Hop Sucks In '96,0.73
Miles Davis,On the Corner / New York Girl / Thinkin' of One Thing and Doin' Another / Vote for Miles,0.73
Bladee,I DONT LIKE PEOPLE (WHITEARMOR INTERLUDE),0.73
Noah Cyrus,July,0.73
Macklemore,Glorious (feat. Skylar Grey),0.73
Kevin Abstract,Abandon Me,0.73
BROCKHAMPTON,SKIT 3,0.73
Infinity Frequencies,Close,0.73
Kanye West,School Spirit Skit 2,0.73
Marlee Gray,E-GIRL TRANCE,0.72
Danny Brown,Baby,0.72
Chief Keef,Kills,0.72
Craig David,I Know You (feat. Bastille),0.72
645AR,Yoga,0.72
Eminem,River (feat. Ed Sheeran),0.72
Jessie Mueller,It Might as Well Rain Until September,0.72
Alex G,Tripper,0.72
MC Kritical,Call My Phone,0.72
Queens of the Stone Age,Tension Head,0.72
George Harrison,Isn't It a Pity (2014 Remaster),0.71
Chuck Sutton,The Long Scheme,0.71
Michelle Duffy,Shine a Light,0.71
Freakkill,Hope,0.71
Skream,Tapped (feat. JME),0.71
吳小平,金樂第一部份,0.71
Viagra Boys,Globe Earth,0.71
Jack Stauber's Micropop,Benny Worm,0.7
Bon Iver,Beach Baby,0.7
Angelo Badalamenti,Dance of the Dream Man - Instrumental,0.7
Philip Quast,On Parole / The Bishop - Live,0.7
The Beatles,A Day In The Life - Anthology 2 Version,0.7
Mura Masa,Shuf (Adore U),0.7
John Legend,History Has Its Eyes On You,0.7
Alvvays,Your Type,0.7
Converge,Phoenix in Flames,0.7
Cookiee Kawaii,Vibe,0.7
AnimationStation,MC Mental at His Best,0.7
freckz,im gna have 2 cover up a homicide if life carries on like this,0.7
my dead girlfriend,watashi no aishita manatsu no shinigami,0.7
Slushii,Emptiness,0.7
Denzel Curry,Lay_Up.m4a,0.7
Yabujin,MIRROR,0.7
Sugar Candy Mountain,Windows,0.69
Marshmello,Blocks,0.69
Gunter Kallmann Choir,Daydream,0.69
Fall Out Boy,"A Little Less Sixteen Candles, A Little More ""Touch Me""",0.69
Pink Siifu,$moked outro,0.69
Janet Jackson,Nasty,0.69
Oasis,Fade In-Out,0.68
Flying Lotus,Where’s the Girl?,0.68
LUCKI,Go Away!!,0.68
Venetian Snares,Sikertelenség,0.68
Pusha T,Scrape It Off (feat. Lil Uzi Vert & Don Toliver),0.68
Beyoncé,BREAK MY SOUL - Honey Dijon Remix,0.68
Xiu Xiu,Maybae Baeby,0.68
Happy Birthday,Happy Birthday (Traditional),0.68
Knocked Loose,Blinding Faith,0.67
JT Music,"Video Game Legends, Vol. 3",0.67
Run The Jewels,Mean Demeanor,0.67
Blossoms,There's A Reason Why (I Never Returned Your Calls),0.67
Subway Surfers,SUBWAY SURFERS (Main Theme),0.67
The Living Tombstone,Bendy and the Ink Machine,0.67
Sofia Carson,Back to Beautiful,0.67
The Avalanches,Dial D For Devotion,0.67
Lil Tecca,Ransom,0.67
Killing Joke,Eighties,0.67
XXXTENTACION,SAD! - Instrumental,0.66
The Beatles,Strawberry Fields Forever,0.66
Pink Floyd,Atom Heart Mother Suite - 2011 Remaster,0.66
The Ponderosa Twins Plus One,Bound (Kanye West - Bound 2),0.66
Andy Morin,French Kiss the Abyss,0.66
Viagra Boys,Cave Hole,0.65
Yung Lean,Boylife in EU,0.65
The Streets,Troubled Waters,0.65
Grace Jones,She's Lost Control - Long Version,0.65
Brye,LEMONS - Demo,0.65
My Chemical Romance,Jet-Star and the Kobra Kid / Traffic Report,0.65
Alice Coltrane,Going Home,0.65
Elton John,Your Song - Remastered,0.65
deadmau5,Professional Griefers,0.65
J Dilla,Light It,0.64
She Wants Revenge,"She Loves Me, She Loves Me Not",0.64
Austin Mahone,Mmm Yeah (feat. Pitbull),0.64
Viktor Vaughn,Overture,0.64
Imagine Dragons,Yesterday,0.64
La Femme,Cool Colorado,0.64
Elton John,Pinball Wizard - Remastered 1995,0.64
Pink Floyd,In the Flesh?,0.64
Sufjan Stevens,In This Temple As in The Hearts of Man For Whom He Saved The Earth,0.64
Bruce Springsteen,Adam Raised a Cain,0.64
Jake Paul,It's Everyday Bro,0.64
Kanye West,Christmas In Harlem,0.64
M Dot R,Turn Red,0.63
Bradley Walsh,Maybe This Time,0.63
Tyler Bates,One Day,0.63
Tom Zanetti,Freestyle 2018,0.63
Jane Remover,Royal Blue Walls,0.63
Provoker,Body Jumper,0.63
Fall Out Boy,"""The Take Over, The Breaks Over""",0.63
Mcap Steve,Mine Diamonds,0.63
PinkPantheress,Stateside + Bladee,0.63
Oasis,"Whatever (Live at Knebworth, 10 August '96)",0.63
Pink Siifu,eye smile,0.63
Denzel Curry,ZUU,0.63
Talking Heads,Take Me to the River,0.63
Kevin Shields,Are You Awake?,0.63
Green Day,Xmas Time of the Year,0.63
Rodríguez,A Most Disgusting Song,0.62
Mild High Club,Ceiling Zero,0.62
FINLINCE!,lucky business,0.62
MF DOOM,Coffin Nails,0.62
Viagra Boys,This Old Dog,0.62
The Beach Boys,Shortenin' Bread - Remastered 2000,0.62
BROCKHAMPTON,LOVE ME FOR LIFE,0.62
Oliver! - 1994 London Palladium Cast,It's a Fine Life,0.62
Zelooperz,Paranormal Snaptivity,0.62
Westside Gunn,Waly Fay,0.62
Dave,Thiago Silva,0.62
Miles Davis,"John McLaughlin (feat. Wayne Shorter, Bennie Maupin, John McLaughlin, Chick Corea, Joe Zawinul, Dave Holland & Harvey Brooks)",0.62
Ronchy,NoSleep,0.62
Big Black,Bombastic Intro,0.62
Mr. Oizo,Positif,0.62
The Beatles,Eleanor Rigby - Strings Only / Anthology 2 Version,0.62
SALEM,Fires In Heaven,0.62
SAINt JHN,Roses,0.62
Ecco2k,Hi Fever,0.61
Original West End Cast of Everybody's Talking About Jamie,Spotlight,0.61
BROCKHAMPTON,SKIT 2,0.61
Nick Cave,Cosmic Dancer,0.61
TV Girl,"Monday, Monday",0.61
Sam Gellaitry,Viewfinder,0.61
Elton John,Take Me To The Pilot - Live At Madison Square Garden,0.61
NateWantsToBattle,Bury a Friend,0.6
Janelle Monáe,Float (feat. Seun Kuti & Egypt 80),0.6
Last Pride,You Complain,0.6
Sufjan Stevens,Hark! The Herald Angels Sing!,0.6
League of Legends,Flash Funk,0.6
Daniel Johnston,Don't Act Nice,0.6
Elton John,Don't Let The Sun Go Down On Me - Remastered 1995,0.6
Nine Inch Nails,The Big Come Down,0.59
Aminé,REEL IT IN,0.59
The Beatles,The Night Before - Remastered 2009,0.59
Shygirl,SLIME,0.59
Alvvays,Hey,0.59
The Cure,Last Dance - Remastered,0.59
Geese,Trinidad,0.59
Bo Burnham,Look Who’s Inside Again,0.58
Crywank,"I Am in Great Pain, Please Help Me",0.58
100 gecs,came to my show - intro,0.58
Neko Case,I Wish I Was the Moon,0.58
MM'99,Vindicated,0.58
BADBADNOTGOOD,Lavender,0.58
Yusef Lateef,The Plum Blossom - Remastered 2023,0.58
Novo Amor,State Lines,0.57
The Streets,Who Dares Wins,0.57
Queen,Fat Bottomed Girls - 2011 Remaster,0.57
3OH!3,LAST BREATH,0.57
Coldplay,Hymn for the Weekend - Seeb Remix,0.57
Slushii,So Long (feat. Madi),0.56
Phoebe Bridgers,Smoke Signals (Reprise),0.56
Father John Misty,"""Past Is a Nightmare I'm Trying to Wake Up From""",0.56
SZA,What Do I Do,0.56
Mura Masa,Deal Wiv It,0.56
Westside Gunn,Max Caster,0.56
The Vamps,Middle Of The Night,0.56
Busta Rhymes,Look Over Your Shoulder (feat. Kendrick Lamar),0.56
The Beach Boys,Little Saint Nick - 1991 Remix,0.56
sign crushes motorist,loser monologue,0.56
ASMR Angel,Crunchy Fried Food Eating Sound,0.55
Daedelus,Experience,0.55
Lil Wayne,A Milli,0.55
Green Day,She's a Rebel,0.55
PinkPantheress,Illegal,0.55
Alex G,Alina,0.55
Trippie Redd,The Grinch,0.55
Mild High Club,Skiptracing (Reprise),0.55
Prince Zuko,I BE Stalin,0.55
death's dynamic shroud,OPEN ME,0.55
Lovesliescrushing,teardrop,0.54
Boxxy,LIMEWIRE MEGAMIX,0.54
Lil Ugly Mane,RIP,0.54
Vangelis,Memories of Green,0.54
Dmitry Kabalevsky,"Cello Concerto No. 1 in G Minor, Op. 49: I. Allegro",0.54
Porcupine Tree,Trains - Remastered,0.54
MM'99,Heaven,0.54
Oneohtrix Point Never,ECCOJAMC1,0.54
Gaijin,Kunai,0.54
infinityghxst,SATAN DEFUSED THE BXMB,0.54
The Beatles,All You Need Is Love,0.54
AC/DC,Thunderstruck,0.54
Peter Chao,Poop and Fart,0.54
Ariana Grande,"Zero To Hero - From ""Hercules""",0.54
Sun Ra,'Round Midnight,0.54
A$AP ANT,Quantum Physics,0.53
The Notorious B.I.G.,Party And Bullshit,0.53
Anthony Ramos,Freedom,0.53
Viagra Boys,Cold Play,0.53
Radiohead,Codex,0.53
Mingus Big Band,Moanin',0.53
Kanye West,Late,0.53
Disciples,On My Mind,0.53
Stephen Sondheim,Opening Title,0.53
Nia Archives,Out Of Options,0.53
Kesha,Bastards,0.53
Macross 82-99,NEW DAWN,0.52
Westside Gunn,Brodie Lee,0.52
Kanye West,Skit #2 (Kanye West/Late Registration),0.52
Madness,One Step Beyond - 2009 - Remaster,0.52
Sufjan Stevens,All for Myself,0.52
Kevin Abstract,NOLA,0.52
Sinéad O'Connor,All Apologies,0.52
DJ Rozwell,Hallucination,0.52
MASS OF THE FERMENTING DREGS,終わりのはじまり,0.52
Balancing Act,Under The Table,0.52
ABBA,Eagle - Long Version,0.52
The Lijadu Sisters,Come On Home,0.51
J. Cole,4 Your Eyez Only,0.51
Angelo Badalamenti,Love Theme from Twin Peaks - Instrumental,0.51
Crim3s,Breed,0.51
Deftones,Beauty School,0.51
Rina Sawayama,This Hell,0.51
Bad Brains,I Against I,0.51
ROSÉ,Message from ROSÉ,0.51
The Beatles,A Hard Day's Night - Remastered 2015,0.51
Vitamin String Quartet,Fast as You Can,0.51
Wavves,So Bored,0.51
Snoop Dogg,"Young, Wild & Free (feat. Bruno Mars)",0.51
My Chemical Romance,House of Wolves - Live in Mexico City,0.5
Viagra Boys,Human Error,0.5
Slushii,Sapient Dream,0.5
Mother Mother,O My Heart,0.5
Panic! At The Disco,Hey Ya! - Live Session from Spotify Studios NYC,0.5
Wallows,Scrawny,0.5
Bowery Electric,Empty Words,0.5
Imagine Dragons,On Top Of The World,0.5
Bruno Major,Like Someone In Love,0.5
Crn,Reload,0.5
Lloyd,Lay It Down,0.5
deadmau5,Moar Ghosts 'n' Stuff,0.5
The Living Tombstone,I Can't Fix You,0.5
Jamie T,Sheila,0.5
Otis Redding,Stand by Me,0.5
Stevie Wonder,My Cherie Amour,0.49
bootleg gizzard,Hey There,0.49
Prince,All the Critics Love U in New York,0.49
Gabriel Sayer,Isabelle,0.49
Alice Lee,Shine a Light (Reprise),0.49
Pixies,Wave Of Mutilation - UK Surf,0.49
Radiohead,I Might Be Wrong,0.49
mage tears,i'm going to fail my class,0.49
LUCKI,Glory Boy,0.49
MF DOOM,Back in the Days (Skit),0.49
deadmau5,Ghosts 'N' Stuff - Radio Edit,0.49
Elton John,Saturday Night's Alright (For Fighting) - Live,0.49
snow ellet,to some I'm genius,0.48
The Whatnauts,I Can't Stand to See You Cry,0.48
Sky Ferreira,"Night Time, My Time",0.48
Greg Germann,Unworthy of Your Love,0.48
Talking Heads,The Great Curve - Live at Central Park; 2004 Remaster,0.48
The Irish Rovers,Drunken Sailor,0.48
Elton John,Funeral For A Friend / Love Lies Bleeding - Remastered 2014,0.48
Vegyn,It's Nice to Be Alive,0.48
mgk,Go For Broke,0.48
Jordan Gelber,I'm Not Wearing Underwear Today,0.48
Bat For Lashes,What's A Girl To Do?,0.48
Wilbur Soot,Maybe I Was Boring,0.47
Michael Jackson,Smooth Criminal - 2012 Remaster,0.47
Sammy Virji,If U Need It,0.47
Bryson Tiller,Whatever She Wants,0.47
Run The Jewels,Close Your Eyes (And Count to Fuck),0.47
S. Kiyotaka & Omega Tribe,Twilight Bay City,0.47
KAYTRANADA,More Than A Little Bit (feat. Tinashe),0.47
The Beatles,Eleanor Rigby / Julia,0.47
Lana Del Rey,Lust for Life (with The Weeknd),0.46
Vitamin String Quartet,Reptilia,0.46
Lil Ugly Mane,Dream,0.46
The Prodigy,Take Me to the Hospital,0.46
Shawn Mendes,Wonder,0.46
Dean Blunt,Galice,0.46
Mother Mother,Ghosting,0.46
Travis Scott,sdp interlude,0.46
Bo Burnham,All Eyes On Me (Song Only),0.46
Nine Inch Nails,"Burn - From ""Natural Born Killers"" Soundtrack",0.46
My Chemical Romance,Mama - Live in Mexico City,0.46
James Blake,Life Is Not The Same,0.46
Bradley Walsh,Luck Be a Lady,0.46
@,Star Game,0.45
Taylor Swift,Style,0.45
IAMTHEKIDYOUKNOWWHATIMEAN,Run,0.45
Chuck Sutton,Rosetta Interlude,0.45
Martin Garrix,Scared to Be Lonely,0.45
Jeff Williams,Bad Luck Charm,0.45
black midi,Half Time,0.45
Unknown Mortal Orchestra,Hunnybee,0.45
Abel Korzeniowski,Mina,0.45
Sampha,Satellite Business 2.0,0.45
The Mothers Of Invention,Hot Poop,0.45
iDubbbz,Asian Jake Paul,0.45
Addison Rae,Aquamarine / Arcamarine,0.45
Queen,We Will Rock You - Remastered 2011,0.45
Benny The Butcher,Intro Skit,0.45
ortoPilot,Pompeii,0.45
Fred again..,OK OK,0.45
Absofacto,Dissolve,0.45
SOPHIE,OOH,0.45
Fall Out Boy,Beat It,0.44
Bladee,Numb/Beverly Hills,0.44
Brent Faiyaz,DEAD MAN WALKING,0.44
Dagames,Gospel of Dismay,0.44
Boldy James,Scrape The Bowl,0.44
Major Lazer,Light It Up (feat. Nyla & Fuse ODG) - Remix,0.44
Vitamin String Quartet,Motion Picture Soundtrack,0.44
Skrillex,Scary Monsters and Nice Sprites,0.44
Playboi Carti,GOOD CREDIT (with Kendrick Lamar),0.44
Squirrel Flower,So Hot You're Hurting My Feelings,0.44
billy woods,Soundcheck,0.44
Rick and Morty,Get Schwifty (C-131),0.44
Arca,Anaesthetic,0.44
Your Arms Are My Cocoon,Raisin Lungs,0.43
The Police,Roxanne,0.43
Travis Scott,4X4,0.43
The Beach Boys,I Get Around (Stereo),0.43
The Smiths,Hand in Glove - 2011 Remaster,0.43
Pink Floyd,Comfortably Numb - Live,0.43
Danny Tenaglia,Satsuki - Danny Tenaglia Naked Mix,0.43
Soulplayer,Pikachu,0.43
Anthony Warlowe,First Attack,0.43
The Smiths,Girlfriend in a Coma - 2011 Remaster,0.43
Lalleshwari (Katie Jane Garside),For You I Hold My Breath,0.43
The Avalanches,Frankie Sinatra,0.43
Jack Stauber's Micropop,Baby Hotline,0.43
FKA twigs,caprisongs interlude (feat. solo),0.43
The Beatles,Come Together / Dear Prudence / Cry Baby Cry,0.43
Alon Mor,The Midelar,0.43
Miles Caton,I Lied to You,0.43
Kevin Aviance,Rhythm Is My Bitch - Original Mix,0.43
Macklemore,American,0.43
Stephen,Play Me Like a Violin,0.43
24kGoldn,CITY OF ANGELS,0.43
John Lennon,Woman Is The Nigger Of The World - Remastered 2010,0.42
Monty Python,"You Mean You Were Raped? (Nortius Maximus) - From ""Life Of Brian"" Original Motion Picture Soundtrack",0.42
Slushii,Find,0.42
Riverdale Cast,"Beautiful (feat. Casey Cott, Madelaine Petsch, Camila Mendes, Ashleigh Murray, KJ Apa, Lili Reinhart, Cole Sprouse, Charles Melton, Jordan Connor, Drew Ray Tanner, Zoé de Grand'Maison & Bernadette Beck)",0.42
The Beatles,I Am The Walrus,0.42
Coldplay,Arabesque,0.42
Nirvana,Very Ape - Demo / Instrumental,0.42
Sufjan Stevens,A conjunction of drones simulating the way in which Sufjan Stevens has an existential crisis in the Great Godfrey Maze,0.41
Alessia Cara,"How Far I'll Go - From ""Moana""",0.41
Show Me the Body,Metallic Taste,0.41
Bikini Kill,This Is Not a Test,0.41
The Jesus and Mary Chain,Penetration - Single Version,0.41
Spiritualized,True Love Will Find You In the End - Live from the Union Chapel,0.41
LecanSylphin,World is Mine,0.41
Trifonic,Parks on Fire,0.41
Mariah Carey,Fantasy,0.41
Pharrell Williams,That Girl,0.41
Chuck Sutton,And That's Life (Outro),0.41
Twenty One Pilots,Jumpsuit,0.41
Free Nationals,Eternal Light,0.41
The Beatles,Helter Skelter - 2018 Mix,0.41
Ewy,Something Silver,0.41
Oliver! - 1994 London Palladium Cast,Who Will Buy?,0.41
Kiesza,Hideaway,0.41
Dorian Electra,Ram It Down - Lil Texas Remix,0.41
Louisa Johnson,Best Behaviour,0.4
The Mothers Of Invention,"Weasles Ripped My Flesh - Live At Town Hall, Birmingham, 5/30/69",0.4
The Rolling Stones,Angie - Remastered 2009,0.4
Miles Davis,"Miles Runs the Voodoo Down (feat. Wayne Shorter, Bennie Maupin, John McLaughlin, Chick Corea, Joe Zawinul, Dave Holland & Harvey Brooks)",0.4
Kanye West,Skit #3 (Kanye West/Late Registration),0.4
MGMT,As You Move Through The World,0.4
Boris,The Sinking Belle (Blue Sheep),0.4
Lil Nas X,THE ART OF REALIZATION,0.4
Chuck Sutton,Robi Knows,0.4
TheRealSullyG,Fireflies,0.4
Gorillaz,Interlude: The Non-Conformist Oath,0.4
Everything But The Girl,Tender Blue,0.4
Squeeze,Slightly Drunk,0.4
Ramones,Merry Christmas (I Don't Want to Fight Tonight),0.4
18 Carat Affair,Desire,0.4
The Isley Brothers,"Footsteps in the Dark, Pts. 1 & 2",0.39
DJ Rashad,Brighter Dayz,0.39
Rina Sawayama,XS,0.39
Twenty One Pilots,Stressed Out,0.39
"Whatever, Dad",Death of the Phone Call,0.39
Tennyson,Kaonashi,0.39
Mazzy Star,"Cry, Cry",0.38
The Unicorns,Tuff Ghost,0.38
Medicine,Slut,0.38
THE GOA EXPRESS,Portrait,0.38
Foster The People,Sit Next to Me,0.38
Kehlani,After Hours,0.38
Mungo Jerry,In the Summertime,0.38
PierceTheSkies,SUCCUBUS,0.38
Soul Glo,Driponomics,0.38
wilt,nothing special,0.38
Jamiroquai,Cosmic Girl - Remastered 2013,0.38
Aisha Jackson,Club Knocked Up,0.38
Steven Universe,We Are the Crystal Gems (Main Title),0.38
The Go! Team,Get It Together,0.38
DJ RIFLE,1997 BASS MIX,0.38
Dean Blunt,as long as ropes unravel fake rolex will travel,0.38
Snoh Aalegra,Nothing Burns Like The Cold,0.38
JACKBOYS,WHAT TO DO? (feat. Don Toliver),0.37
Dean Blunt,10,0.37
Travis Scott,Mamacita (feat. Rich Homie Quan & Young Thug),0.37
Negative XP,Scott Pilgrim vs. the World Ruined a Whole Generation of Women,0.37
Danny Dove,Seven Nation Army,0.37
STOMACH BOOK,We All Fall Down,0.37
La Dispute,Such Small Hands,0.37
3OH!3,STARSTRUKK,0.37
Katy Perry,Bon Appétit - Martin Jensen Remix,0.37
Talking Heads,Slippery People - 2005 Remaster,0.37
Rowland S. Howard,Breakdown (And Then…),0.37
Sweet After Tears,In The Bosom,0.37
Black Eyed Peas,Where Is The Love?,0.37
Young Franco,Fallin' Apart (feat. Denzel Curry & Pell),0.37
Slowdive,So Tired - Single Version,0.37
Jai Paul,"100,000 - Unfinished",0.37
MF DOOM,The Mystery of Doom (Skit),0.37
Coldplay,People of The Pride,0.37
Dolorean,The Biggest Lie,0.37
Frank Dukes,"Hi, I'm Frank Dukes",0.36
Luis Fonsi,Despacito - Remix,0.36
Queen,Hammer To Fall - Remastered 2011,0.36
The Hotelier,"N 42° 6' 3.001"" W 71° 55' 3.295""",0.36
Doja Cat,Attention,0.36
Ian Calvin,Prologue: Valjean Arrested / Valjean Forgiven,0.36
The Music Tapes,Song for Soon to Be Sailor,0.36
Animal Collective,Baleen Sample,0.36
George Salazar,Andy's Song,0.36
Geese,Islands of Men,0.36
Taylor Swift,Bad Blood (feat. Kendrick Lamar) (Taylor's Version),0.36
Chuck Sutton,Kickstart,0.36
Tame Impala,Jeremy's Storm,0.36
"Tyler, The Creator",Potato Salad,0.36
Young Thug,2 Cups Stuffed,0.36
Boards of Canada,1969,0.36
Phoebe Bridgers,It'll All Work Out (Bonus Track),0.36
The Avalanches,Pink Champagne,0.36
Buerak,На старых сидениях кинотеатра,0.36
Alan Walker,Tired - Alan Walker Remix,0.35
DJ Khaled,I Love You so Much (feat. Chance the Rapper),0.35
Baby Keem,issues,0.35
Imagine Dragons,Who We Are - From “The Hunger Games: Catching Fire” Soundtrack,0.35
Foo Fighters,Love Dies Young,0.35
Benny Benassi,Cinema - Skrillex Remix,0.35
Spongebob Squarepants,Gary's Song,0.35
Silver Mt. Zion,13 Angels Standing Guard 'Round The Side Of Your Bed,0.35
Wes Montgomery,Polka Dots And Moonbeams,0.35
Bob Dylan,Not Dark Yet - Version 1,0.35
Glitchers,Keep Calm,0.35
Sunday Cruise,Pretty Girl,0.35
TEMPOREX,Nice Boys,0.35
Tyler Bates,Ride Home,0.35
Nine Inch Nails,Ringfinger,0.35
Aphex Twin,produk 29 [101],0.35
Fall Out Boy,What's This?,0.35
The Five Stairsteps,O-o-h Child,0.35
Charli xcx,"After the Afterparty (feat. RAYE, Stefflon Don and Rita Ora) - VIP Mix",0.35
Crumb,Retreat!,0.34
Catfish and the Bottlemen,Pacifier,0.34
Joey Bada$$,Survival Tactics,0.34
Unknown Mortal Orchestra,Swim and Sleep (Like a Shark),0.34
Azealia Banks,Count Contessa,0.34
Roy Bee,Kiss Me Again - Nightcore Mix,0.34
Flobots,Handlebars - UK Radio Edit,0.34
Radiohead,Knives Out,0.34
Barrett Wilbert Weed,Dead Girl Walking (Reprise),0.34
Cavetown,Boys Will Be Bugs,0.34
Galantis,Firebird,0.34
Internet Money,Lemonade (feat. NAV),0.34
Coldplay,A Head Full of Dreams,0.34
Jockstrap,Red Eye,0.34
S Club,S Club Party,0.34
The Clash,Train in Vain (Stand by Me),0.34
Nirvana,Very Ape - Solo Acoustic,0.34
Luis Fonsi,Despacito (Featuring Daddy Yankee),0.34
Blur,She's So High - 2012 Remaster,0.34
Phoebe Bridgers,If We Make It Through December,0.34
Gorillaz,Dracula,0.34
Angel Olsen,Unfucktheworld,0.34
Royal Blood,Ten Tonne Skeleton,0.33
Jerskin Fendrix,Jerskin Fendrix Freestyle,0.33
Loretta Lynn,World Of Forgotten People,0.33
Idina Menzel,Take Me or Leave Me,0.33
BROCKHAMPTON,VICTOR ROBERTS,0.33
Gorillaz,Interlude: Talk Radio,0.33
julie,confirmation of entry dispatch (read),0.33
Nas,Represent,0.33
Jack Ü,Take Ü There (feat. Kiesza),0.33
Lingua Ignota,Woe To All (On The Day Of My Wrath),0.33
Sinéad O'Connor,Silent Night,0.33
Kate Bush,Blow Away - 2018 Remaster,0.33
Anderson .Paak,Heart Don't Stand a Chance,0.33
Freddie Dredd,Cha Cha,0.33
Suede,Filmstar,0.33
Nine Inch Nails,Kinda I Want To,0.33
Fontaines D.C.,Roman Holiday (Skinty Fia Sessions),0.32
Arctic Monkeys,Mr Schwartz,0.32
Sematary,Forever Intro,0.32
Jean-Michel Jarre,"Oxygene, Pt. 4",0.32
JID,VCRs (with Vince Staples),0.32
Adrianne Lenker,Real House,0.32
Hotel Ugly,Shut up My Moms Calling,0.32
Big K.R.I.T.,Bury Me In Gold,0.32
Sam Fender,Get You Down,0.32
Skrillex,Ease My Mind (feat. Niki and the Dove),0.32
Mark b,The Unknown - Radio,0.32
Bladee,Trash Star,0.32
Hadestown Original Broadway Company,Chant (Reprise),0.32
Skream,Shot Yourself In the Foot Again,0.31
The Bloody Beetroots,KILLING PUNK,0.31
Original West End Cast of Everybody's Talking About Jamie,Limited Edition Prom Night Special,0.31
julie,"she was here then, she isn't here now.",0.31
Ewan Jansen,"Part Man, Part Motif",0.31
!!!,Myth Takes,0.31
KNEECAP,I'm Flush,0.31
BROCKHAMPTON,DEARLY DEPARTED,0.31
Gramma,Same-o,0.31
Davay,Tri Poloski,0.31
The Osmonds,Crazy Horses,0.31
Sean Dagher,Drunken Sailor,0.31
YOU LOVE HER,2007,0.31
death's dynamic shroud,MACHINE DEATH,0.31
Elliott Smith,In The Lost And Found (Honky Bach)/The Roost,0.31
WILLOW,Time Machine,0.31
Kelela,LSDXOXO_TRUTH OR DARE_123 BPM,0.3
Green Day,"Good Riddance (Time of Your Life) - Live at Milton Keynes National Bowl, Milton Keynes, England, 6/18/05",0.3
Imogen Heap,Headlock,0.3
Dagames,Trojan,0.3
David Guetta,Light My Body Up (feat. Nicki Minaj & Lil Wayne),0.3
Daniel Johnston,Silly Love,0.3
The Unicorns,I Don't Wanna Die,0.3
Toby Keith,Red Solo Cup,0.3
Skrillex,Beats Knockin (feat. Fly Boi Keno),0.3
Linda Brannon,Just Another Lie,0.3
Cheese People,Wake Up,0.3
IDLES,Roy,0.3
Oasis,The Swamp Song,0.3
Neutral Milk Hotel,You've Passed,0.3
Minnie Riperton,Les Fleurs,0.3
Jamie Stewart,I Know Him,0.3
Tears For Fears,Head Over Heels,0.3
Seaghouls,Vox Remix #2,0.3
Kodak Black,ZEZE (feat. Travis Scott & Offset),0.3
Simon & Garfunkel,Keep the Customer Satisfied,0.3
Therapie TAXI,Aline,0.3
The Beach Boys,Let's Go Away For Awhile,0.3
Kendrick Lamar,Big Shot (with Travis Scott),0.3
The Japanese House,i saw you in a dream,0.29
Yazoo,Only You,0.29
Kristen Bell,"For the First Time in Forever - From ""Frozen""/Soundtrack Version",0.29
Juice WRLD,Let Me Know (I Wonder Why Freestyle),0.29
WILLOW,Perfectly Not Close To Me (ft. Yves Tumor),0.29
Soulja Boy,B.O.R. (Birth of Rap),0.29
AFX,Children Talking,0.29
Sleepy Hallow,Deep End Freestyle,0.29
Dexys Midnight Runners,Come On Eileen,0.29
Paul McCartney,Ram On - Reprise,0.29
Marshmello,Proud,0.29
Primal Scream,Can't Go Back,0.29
The Blackbyrds,Mysterious Vibes,0.29
Oasis,Married With Children - Remastered,0.29
Rodríguez,Inner City Blues,0.29
Emily Rohm,The Ballad of Jane Doe,0.29
The Beatles,Because,0.29
Noah And The Whale,5 Years Time,0.29
Nick Cave & The Bad Seeds,The Ship Song - Live,0.29
Kanye West,Life Of The Party (with André 3000),0.29
alex g online,East Coast,0.29
The Chainsmokers,Something Just Like This - Don Diablo Remix,0.29
Radiohead,Idioteque - Live in Oxford,0.29
AJJ,Schadenfreude,0.28
Joe Hisaishi,Merry-Go-Round of Life - from 'Howl's Moving Castle',0.28
Barrett Wilbert Weed,I Am Damaged,0.28
Chris Lorenzo,MAMI,0.28
Tears For Fears,Mothers Talk,0.28
AFX,Laughable Butane Bob,0.28
Parquet Courts,Walking at a Downtown Pace,0.28
Don Toliver,Euphoria (feat. Travis Scott & Kaash Paige),0.28
Pent Up Pup,ORDER:SCORE,0.28
Viper,I Sell Dope Boy,0.28
Tom Waits,The Ocean Doesn't Want Me,0.28
John Lennon,Imagine - Remastered 2010,0.28
Lou Reed,Kill Your Sons,0.28
The Beatles,Back In The U.S.S.R. - 2018 Mix,0.28
Diagram Of Suburban Chaos,Reality.Flpefunkt,0.28
Aesop Rock,The Gates,0.28
Tally Hall,&,0.28
Anotnia Thomas,I'm Gonna Be (500 Miles),0.28
Joey Valence & Brae,PACKAPUNCH (feat. Danny Brown),0.28
IDLES,MTT 420 RR,0.28
Neutral Punk Hotel,Two-Headed Nerd,0.28
DJ Shadow,Horror Show,0.28
Guns N' Roses,Sweet Child O' Mine,0.28
Adrianne Lenker,A Better Time to Meet,0.28
Cardinals,Big Empty Heart,0.27
The Avalanches,Star Song.IMG,0.27
The Front Bottoms,Just Stay,0.27
The Supremes,Where Did Our Love Go,0.27
Pink Floyd,Money - Live,0.27
Vashti Bunyan,If I Were,0.27
Matt Champion,Slow Motion,0.27
King Crimson,21st Century Schizoid Man,0.27
Eliza Rose,B.O.T.A. (Baddest Of Them All) - Edit,0.27
ミドリ,スキ,0.27
Pixies,Distance Equals Rate Times Time,0.27
Lil Uzi Vert,Fire Alarm (feat. Snow Strippers),0.27
Madison Beer,Dear Society,0.27
The Brobecks,All Of The Drugs,0.27
Lil Uzi Vert,Werewolf (feat. Bring Me The Horizon),0.27
Donovan,Bert's Blues (2005 Remastered Version) [Mono],0.27
David Bowie,Young Americans - 2016 Remaster,0.27
"""Les Misérables Original London Cast"" Male Ensemble",Prologue: Work Song,0.27
Talking Heads,Crosseyed and Painless - Live,0.27
Neutral Punk Hotel,Two-Headed Boy Part 2,0.27
Fall Out Boy,"This Ain't A Scene, It's An Arms Race",0.27
Godspeed You! Black Emperor,"Anthem for No State, Pt. I",0.27
Bo Burnham,Problematic,0.27
･ ･－･ ･－ ･･･ ･ －･･,－･･ ･－ －･ －･－･ ･ －－ ･ － －－－ － ････ ･ ･ －･ －･･ －－－ ･･－･ ･－･･ －－－ ･･･－ ･,0.26
Rothman Lennon,.codeine,0.26
Bertie Carvel,The Smell of Rebellion,0.26
Lil Ugly Mane,Radio,0.26
Chuck Sutton,Orchard Ct,0.26
･ ･－･ ･－ ･･･ ･ －･･,－－ ･－ － ･･ －･－･,0.26
Dizzy Gillespie,All The Things You Are,0.26
The Beatles,Something - 2019 Mix,0.26
The Unicorns,Les Os,0.26
Gorillaz,Halfway to the Halfway House (feat. Peven Everett),0.26
Fei Yu-ching,一翦梅,0.26
Oliver! - 1994 London Palladium Cast,Consider Yourself,0.26
The Beatles,Help!,0.26
Harold Budd,The Serpent (in Quicksilver),0.26
The Smiths,I Want the One I Can't Have - 2011 Remaster,0.26
Yoshiaki Ochi,Ear Dreamin',0.26
Quadeca,house settling,0.26
Elle McLemore,Lifeboat,0.25
Dakin Matthews,Take It from an Old Man,0.25
Clean Bandit,Rather Be (feat. Jess Glynne),0.25
Clarence Clarity,Become Death,0.25
Sonny Clark,"Gee Baby, Ain't I Good To You",0.25
Jean Dawson,BAD FRUIT*,0.25
Cool Sounds,Overgate,0.25
pewdiepie,Congratulations,0.25
Xiu Xiu,ANTS,0.25
Chumbawamba,Give the Anarchist a Cigarette,0.25
Ruslana,"Давай, грай!",0.25
James Blake,Friends That Break Your Heart,0.25
The Magnetic Fields,How Fucking Romantic,0.25
Fox Academy,lavender blood,0.25
Oasis,The Swamp Song (Excerpt 2),0.25
Danger Incorporated,Diamonds,0.25
Joey Bada$$,Victory,0.25
Gorillaz,19-2000 - Soulchild Remix,0.25
bdrmm,Pulling Stitches,0.25
Billie Eilish,Oxytocin,0.25
Origami Angel,gg,0.25
Father John Misty,Nobody's Nixon,0.25
Menahan Street Band,There's a New Day Coming,0.25
Mike James Kirkland,There's Nothing I Can Do About It,0.25
Sleep Token,Sugar,0.25
Nirvana,Marigold,0.25
100 gecs,hand crushed by a mallet (N0thanky0u Remix),0.25
Dave,No Weapons (feat. Jim Legxacy),0.25
Johnny Cash,"A Boy Named Sue - Live at San Quentin State Prison, San Quentin, CA - February 1969",0.24
Zedd,Daisy,0.24
Soft Cell,Tainted Love / Where Did Our Love Go? - Extended Version,0.24
Sundara Karma,Flame,0.24
Blaenavon,No One Else in Mind,0.24
Prince,"Erotic City - Let's Go Crazy 7"" B-Side Edit; 2017 Remaster",0.24
Дерево,Ещё,0.24
The Smiths,I Know It's Over - 2011 Remaster,0.24
AC/DC,Back In Black,0.24
The Unicorns,Sea Ghost,0.24
Neutral Punk Hotel,Anarchist Daughter,0.24
ryo (supercell),ワールドイズマイン -MIKUNOPOLIS in LOS ANGELES Live-,0.24
The 2020 Les Misérables Staged Concert Company,The First Attack - Live,0.24
Wrabel,11 Blocks,0.24
Flowers Taped To Pens,We Are Standing Right Now What We Build Could Be Anything,0.24
Not on View,It's Not Goodbye,0.24
SLACKCiRCUS,Heyyeyaaeyaaaeyaeyaa (Fabulous Secret Powers),0.24
Elise Ecklund,I Hope My Ex Is Happy,0.24
The Fall,Auto-Tech Pilot,0.24
Love and Rockets,This Heaven,0.24
Tears For Fears,Pale Shelter - 2nd Single Version,0.24
Carly Simon,You're So Vain,0.24
Queen,Under Pressure - Remastered 2011,0.24
Wham!,Battlestations,0.24
Ahmad Jamal Trio,Angel Eyes,0.23
Oasis,You've Got to Hide Your Love Away - Remastered,0.23
Daniel Lopatin,Pure Joy,0.23
RP Boo,Heavy Heat,0.23
Elliott Smith,Easy Way Out,0.23
Sufjan Stevens,"One last ""Whoo-hoo!"" for the Pullman",0.23
Licellow,Just Cause (feat. Marshmello),0.23
John Coltrane,"Giant Steps (Alternate, Take 2, False Start) - 2020 Remaster",0.23
Pink Floyd,"Yet Another Movie - 2019 Remix, Live",0.23
Skrillex,Try It Out (with Alvin Risk) - Neon Mix,0.23
Jane Remover,Always Have Always Will,0.23
Throbbing Gristle,After the Fall,0.23
John Travolta,We Go Together - From “Grease”,0.23
The Beatles,Oh! Darling - 2019 Mix,0.23
Corey Hart,Sunglasses At Night (Jean Jacket Mix),0.23
Alex G,Stitch,0.23
Ethel Cain,Dog Days,0.23
Ryan Davis & the Roadhouse Band,Free From the Guillotine,0.23
Bill Evans,My Funny Valentine - Alt. Take,0.23
Old Gray,everything is in your hands,0.23
Nick Cave & The Bad Seeds,Final Rescue Attempt,0.23
Powfu,death bed (coffee for your head),0.23
Jean-Michel Jarre,"Oxygène, Pt. 1",0.23
Carly Cosgrove,Headaches,0.23
Charlie's Angels,Seinfeld,0.23
Joy Division,Disorder - 2019 Digital Master,0.23
Suede,Trash,0.23
Britney Spears,Womanizer,0.23
缺省,鴿哨,0.23
James Blake,Séance,0.23
AM/WAS,Hydrocodone (Breeding is a crime),0.23
Xiu Xiu,"Bishop, CA",0.23
Ben Platt,Share Your Address,0.23
Coldplay,Coloratura,0.23
Stevie Nicks,Edge of Seventeen,0.23
Tokyo Police Club,Ready To Win,0.23
SpaceGhostPurrp,Fuck Taylor Gang - Not a Diss We Are Just Not Dickriders,0.23
Licellow,Right Here (feat. Slushii),0.23
Zac Efron,"Ladies' Choice (""Hairspray"")",0.23
Post Malone,Wow. - Instrumental,0.23
Chick Corea,Spain,0.22
Sunami,Weak Die First,0.22
yeule,See You Space Cowboy,0.22
André De Shields,"All I've Ever Known (""In spite of herself..."") [Intro]",0.22
Tally Hall,13,0.22
Kim Gordon,NOT TODAY,0.22
Marshmello,Home,0.22
Deftones,Dai the Flu,0.22
gizmo,I Put My Dick in Your Mental,0.22
Drake,God's Plan,0.22
wowaka,ワールズエンド・ダンスホール -MIKUNOPOLIS in LOS ANGELES Live-,0.22
Labi Siffre,"Crying Laughing Loving Lying (From ""The Holdovers"")",0.22
Thomas Tallis,Tallis: Lamentations of Jeremiah 1 - 2. Aleph,0.22
Sematary,Nevada,0.22
Ed Sheeran,How Would You Feel (Paean),0.22
Adrian Von Ziegler,Challenge the Dead,0.22
Ween,Voodoo Lady,0.22
Gorillaz,Interlude: New World,0.22
Art Tatum,In the Middle of a Kiss (arr. A. Tatum),0.22
Lady Gaga,Born This Way,0.22
Prince,We Can Fuck,0.22
Jóhann Jóhannsson,The Dreams that Stuff is Made Of,0.22
Glass Animals,Tangerine,0.22
Daft Punk,"Harder, Better, Faster, Stronger - Alive Extended 2007",0.22
My Chemical Romance,Mama - Live Demo,0.22
稲垣次郎とソウル・メディア,ペインテッド・パラダイス,0.22
Madeon,Icarus,0.22
David Bowie,Breaking Glass - 2017 Remaster,0.22
Marshmello,Take It Back,0.21
Hiroshi Yoshimura,Clouds,0.21
Stephen Schwartz,"No Good Deed - From ""Wicked"" Original Broadway Cast Recording/2003",0.21
Yussef Dayes,Afro Cubanism,0.21
Olivia Colman,Glory Box,0.21
Tom Waits,Jockey Full Of Bourbon - 2023 Remaster,0.21
Vanishing Twin,Telescope,0.21
Overmono,Good Lies,0.21
Oasis,Merry Xmas Everybody,0.21
Gorillaz,Opium (feat. EARTHGANG),0.21
Johann Pachelbel,Pachelbel: Canon and Gigue in D Major: Canon,0.21
Daft Punk,Crescendolls,0.21
Pastel Ghost,Clouds,0.21
Mura Masa,"bbycakes (with Lil Uzi Vert, PinkPantheress & Shygirl)",0.21
George Frideric Handel,"Handel / Orch. Hale: Keyboard Suite No. 4 in D Minor, HWV 437: III. Sarabande",0.21
Dean Blunt,LONDON TONIGHT FREESTYLE,0.21
Katie Ladner,Kindergarten Boyfriend,0.21
Epic Rap Battles of History,Elon Musk vs Mark Zuckerberg,0.21
Animal Collective,Man Of Oil,0.21
Kevin Jz Prodigy,THE CUNTY VOGUE SESSION,0.21
The Offspring,The Kids Aren't Alright,0.21
Kanye West,Diamonds From Sierra Leone,0.21
Oliver! - 1994 London Palladium Cast,Oliver!,0.21
Alan Walker,Faded - Tiesto's Deep House Remix,0.21
Avril Lavigne,Bad Girl (feat. Marilyn Manson),0.21
Muse,Time is Running Out,0.21
Run The Jewels,Job Well Done (feat. Until the Ribbon Breaks),0.21
Crystal Castles,Crimewave,0.21
Jockstrap,acid VAPOURWAVE rap RMX,0.21
Complacent,Hostile,0.21
Jane Remover,Audiostalker,0.21
Oingo Boingo,Pictures Of You,0.21
Radiohead,Vegetable,0.21
De La Soul,Ghetto Thang,0.21
The Weeknd,I Feel It Coming,0.21
Kevin Shields,City Girl,0.21
Geese,Husbands,0.2
Pixies,Debaser - Demo 2,0.2
Matoma,False Alarm,0.2
Merry Clayton,"Yes - From ""Dirty Dancing"" Soundtrack",0.2
The Beach Boys,I Know There's An Answer,0.2
Wallows,With A Little Help From My Friends,0.2
Kevin Jz Prodigy,HERE COMES THE hURRICANE LEGENDARY KATRINA,0.2
Mr. Scruff,Kalimba,0.2
Caramell,Caramelldansen,0.2
Car Seat Headrest,War Is Coming (If You Want It),0.2
Pharoah Sanders,Ocean Song,0.2
Bill Evans,Peace Piece,0.2
Dizzy Gillespie,Unicorn,0.2
憂鬱,Slow,0.2
death's dynamic shroud,Generate Utopia,0.2
Standing On The Corner,What Time Is It?,0.2
Parachute,Forever And Always,0.2
Gracie Fields,The Biggest Aspidistra In The World,0.2
Arca,Ritual,0.2
Moses Sumney,Me in 20 Years,0.2
Joy Division,Love Will Tear Us Apart,0.2
Goth Lipstick,intro / crystalline corset,0.2
Saucy Santana,Material Girl (Bass Boosted),0.2
David Bowie,The Man Who Sold the World - 2015 Remaster,0.2
'In The Heights' Original Broadway Company,Blackout,0.2
Phoebe Bridgers,That Funny Feeling,0.2
Phoebe Bridgers,Sidelines,0.2
Type O Negative,Love You to Death,0.2
Zelooperz,Fryd,0.2
Pale Waves,Heavenly,0.2
SIPHO.,CHIASMA,0.2
Mr Farts,Horse Racing Farts,0.2
Barrett Wilbert Weed,Seventeen (Reprise),0.2
Cannonball Adderley,Goodbye,0.2
ESG,Six Pack,0.2
Alex Warren,Ordinary,0.2
PJ Harvey,Is This Desire?,0.19
猫 シ Corp.,Shinjuku Gyoen,0.19
Vince Staples,Feels Like Summer,0.19
Graham Coxon,Who the Fuck?,0.19
Bob The Builder,500 Miles,0.19
t e l e p a t h テレパシー能力者,バウンス家の中でセックス,0.19
Mr. Scruff,Shanty Town,0.19
Oklou,viscus,0.19
The Police,Message In A Bottle,0.19
Raffertie,The Substance (Original Motion Picture Score),0.19
Bob Dylan,The Times They Are A-Changin',0.19
Gorillaz,Tranz - Poté Remix,0.19
The Internet,Hold On,0.19
Brave Little Abacus,But I Won't Always Be on the Receiving End,0.19
Westside Gunn,Big Ass Bracelet,0.19
Alfie Boe,Valjean's Soliloquy - Live,0.19
Grimes,New Gods,0.19
underscores,Stupid (Can’t run from the urge),0.19
Spoon,Inside Out,0.19
Camille Saint-Saëns,"The Carnival of the Animals, R. 125: XIII. The Swan (Arr. for Cello and Piano)",0.19
The Notorious B.I.G.,Big Poppa - 2007 Remaster,0.19
Flora Purim,Black Narcissus,0.19
Neutral Punk Hotel,"Skolland, 1945",0.19
Katy Perry,I Kissed A Girl - Rock Remix,0.19
John Coltrane,Blue World,0.19
Orchestral Manoeuvres In The Dark,Enola Gay,0.19
Edan,Humble Magnificent,0.19
Post Malone,Wow. - Remix,0.19
Camila Cabello,Crying in the Club,0.19
Young Thug,pick up the phone,0.19
Weezer,Buddy Holly,0.19
Michael Jackson,Thriller,0.19
Glitchers,Fuck the Tories,0.19
Boris,Away from You,0.19
Mitski,When Memories Snow,0.19
The Kinks,Nothin' In the World Can Stop Me Worryin' 'Bout That Girl,0.19
Nikki Blonsky,"Good Morning Baltimore (""Hairspray"")",0.19
Armand Hammer,Leopards,0.19
Hedwig And The Angry Inch - Original Broadway Cast,The Origin of Love,0.19
Chuck Sutton,Ambition,0.19
缺省,一日入冬,0.18
Oasis,"Cigarettes & Alcohol (Live from Manchester, 11 July '25)",0.18
Guided By Voices,I Am A Scientist,0.18
R3HAB,Lullaby,0.18
Kate Bush,Wuthering Heights - 2018 Remaster,0.18
Clairo,Second Nature,0.18
New Order,Everythings Gone Green,0.18
Freddie Gibbs,1995,0.18
Nouns,still bummed,0.18
Golden Living Room,Interdimensional Chocobo,0.18
Chief Keef,Love Sosa,0.18
Porno for Pyros,Dogs Rule the Night,0.18
Travis Scott,TOPIA TWINS (feat. Rob49 & 21 Savage),0.18
Miles Davis,"'Round Midnight (feat. John Coltrane, Red Garland, Paul Chambers & Philly Joe Jones)",0.18
Two Door Cinema Club,Are We Ready? (Wreck),0.18
Queen,Radio Ga Ga - Remastered 2011,0.18
Yung Nugget,Simp Detector,0.18
SZA,Open Arms (feat. Travis Scott),0.18
Faetooth,Echolalia,0.18
Pharoah Sanders,Love Is Everywhere,0.18
The Goo Goo Dolls,Iris,0.18
Vitamin String Quartet,Hard to Explain,0.18
alt-J,Adeline,0.18
Dayglow,Can I Call You Tonight?,0.18
fuckkamii¿,nope ur too late i already died,0.18
Michael Abels,Brother Sister Walk,0.18
Fart Fest,Fart Sounds - Over 1000 Farts (1 Hour),0.18
The White Stripes,Ball and Biscuit,0.18
Cream,Sunshine Of Your Love,0.18
Harry Styles,"Sunflower, Vol. 6",0.18
Gloria Gaynor,Goin Out Of My Head,0.18
Arctic Monkeys,Leave Before The Lights Come On,0.18
Viper,I Ball For Gunshots,0.18
Joey Bada$$,Waves,0.18
Oliver! - 1994 London Palladium Cast,"Food, Glorious Food",0.18
Jeshi,Protein,0.18
Magdalena Bay,Tonguetwister,0.17
Duke Dumont,Real Life,0.17
Wallows,Remember When,0.17
Barbara McNair,You're Gonna Love My Baby,0.17
The Beatles,Revolution,0.17
The Flaming Lips,A Change at Christmas (Say It Isn't So),0.17
Oliver! - 1994 London Palladium Cast,Be Back Soon,0.17
The Beatles,Here Comes The Sun / The Inner Light,0.17
Skrillex,SPITFIRE,0.17
The Fratellis,Whistle For The Choir,0.17
Sabrina Carpenter,We Almost Broke Up Again Last Night,0.17
Arlo Parks,Blades (ft. redveil),0.17
Pink Guy,Are You Serious,0.17
C418,Aria Math,0.17
Marshmello,Spotlight,0.17
Marshmello,Flashbacks,0.17
glass beach,glass beach (ornamental ver),0.17
Haley Heynderickx,The Bug Collector,0.17
The 1975,Somebody Else,0.17
Self Esteem,Chambers Continued (How Cliche),0.17
Talk Talk,Give It Up - 1997 Remaster,0.17
CHANCE デラソウル,Nothing Expected,0.17
Beepnox,"Get Schwifty (From ""Rick and Morty"")",0.17
Steven Universe,Let Me Drive My Van into Your Heart,0.17
Nick Cave & The Bad Seeds,Song Of The Lake,0.17
Taylor Swift,Anti-Hero,0.17
Beats By AI,Country Girls Make Do,0.17
Street Sects,And I Grew into Ribbons,0.17
Beyoncé,Drunk in Love Remix (feat. Jay-Z & Kanye West),0.17
Elliott Smith,Son Of Sam,0.17
The Kinks,A Long Way from Home (2020 Stereo Remaster),0.17
Radiator Hospital,Fireworks,0.17
The Monks,I Hate You,0.17
Charli xcx,In The City,0.17
Niall Horan,Slow Hands,0.17
Shirley Bassey,Diamonds Are Forever,0.17
Kristofer Maddigan,Introduction,0.17
Earl Sweatshirt,AM // Radio (feat. Wiki),0.17
John Frusciante,Been Insane,0.17
Placebo,Pure Morning,0.17
Eminem,Bad Guy,0.17
Run The Jewels,"Blockbuster Night, Pt. 2 - Bonus Track",0.17
Daigo Hanada,Butterfly,0.17
My Chemical Romance,Kill All Your Friends,0.17
Lollia,Rivers in the Desert,0.17
Pig Destroyer,Trojan Whore,0.17
David Bowie,Changes - 2015 Remaster,0.17
Green Day,Corvette Summer,0.17
Everything But The Girl,Rollercoaster - 2013 Remaster,0.17
Led Zeppelin,Immigrant Song - Remaster,0.17
The Doors,Peace Frog,0.17
Liturgy,SIHEYMN's Lament,0.17
Shan Ako,A Little Fall of Rain - Live,0.17
Swans,Blind,0.17
Miracle Musical,Labyrinth,0.17
Hayley Williams,Asystole,0.17
Nirvana,Very Ape - 2013 Mix,0.17
MF DOOM,Lavender Buds,0.17
Gorillaz,Damascus (feat. Omar Souleyman and Yasiin Bey),0.17
Emma Louise,"Shine, Glow, Glisten",0.16
Original Cast of Firebringer,We Got Work to Do,0.16
Iron & Wine,This Must Be The Place,0.16
Suede,Dancing With The Europeans,0.16
Nujabes,Next view (feat. Uyama Hiroto),0.16
Mk.gee,How many miles,0.16
I Hate Myself,Secret Lovers At the Heaven's Gate Ranch,0.16
Neutral Punk Hotel,Who Wrote Oh Comely?,0.16
Kikagaku Moyo,Dune,0.16
Descendents,Suburban Home,0.16
Young Fathers,See How,0.16
Fearless Vampire Killers,Bow Ties on Dead Guys,0.16
Green Day,Bang Bang,0.16
Viper,I'm A Gangsta,0.16
Kendrick Lamar,"Bitch, Don’t Kill My Vibe - International Remix / Explicit Version",0.16
Steven Universe,Here Comes a Thought (feat. Estelle & AJ Michalka),0.16
Endor,Pump It Up,0.16
Sonic Youth,Teen Age Riot (Live),0.16
Joey Valence & Brae,GIVE IT TO ME,0.16
King Krule,Seaforth,0.16
Ricky Nelson,Lonesome Town - 1990 Digital Remaster,0.16
The Hotelier,Title Track,0.16
Jonathan Pryce,I Don't Care Much,0.16
Florist,Eyes in the Sun,0.16
Frankie Cosmos,Fool,0.16
Led Zeppelin,Kashmir - 1990 Remaster,0.16
mxmtoon,don't play your card,0.16
Lee Fields & The Expressions,Ladies,0.16
Charli xcx,"Shake It (feat. Big Freedia, CupcakKe, Brooke Candy and Pabllo Vittar)",0.16
wowaka,裏表ラバーズ -MIKUNOPOLIS in LOS ANGELES Live-,0.16
早稻叽,热爱105°C的你,0.16
clipping.,Story 2,0.16
Sam Smith,Man I Am,0.16
Ikimonogakari,ブルーバード,0.16
Shinichi Atobe,Free Access Zone 1,0.16
Bill Evans,Waltz For Debby,0.16
Ride,Leave Them All Behind,0.16
Andrew Lloyd Webber,The Rum Tum Tugger,0.16
Sadness,Absolution,0.16
Magdalena Bay,Angel on a Satellite,0.16
Ariana Grande,One Last Time,0.16
Townes Van Zandt,For the Sake of the Song,0.16
MGMT,Cool Song No. 2,0.16
Dean Blunt,2,0.16
Eddie van der Meer,Stranger Things Theme,0.15
Adrian Von Ziegler,Ceremonial Spell,0.15
clipping.,Something Underneath,0.15
Muse,Hysteria,0.15
Jack Ü,Mind (feat. Kai),0.15
Ghais Guevara,I Personally Wouldn't Have Released John McCain,0.15
Blonde,All Cried Out (feat. Alex Newell) - Radio Edit,0.15
Filter,Take Another - Remastered Version,0.15
Panda Bear,Take Pills,0.15
Show Me the Body,Aspirin,0.15
Captain Beefheart & His Magic Band,Her Eyes Are a Blue Million Miles,0.15
Weiland,Slipping Into The Void,0.15
Cosmo Sheldrake,Solar Waltz,0.15
Unwound,Demons Sing Love Songs,0.15
Kali Uchis,telepatía,0.15
Oasis,Talk Tonight - Remastered,0.15
Rodríguez,Like Janis,0.15
Nick Cave & The Bad Seeds,The Weeping Song,0.15
Alex G,Casey's Walk,0.15
Extra Fancy,Violator (Diablo Musica),0.15
Frances Quinlan,Another Season,0.15
Destroy Boys,You Hear Yes,0.15
Nathan Johnson,Double-Dipping,0.15
Ahmad Jamal Trio,April in Paris,0.15
Vitamin String Quartet,Kool Thing,0.15
Elise Ecklund,I Suffer More,0.15
Mitski,Bag of Bones,0.15
El-P,JU$T (feat. Pharrell Williams & Zack de la Rocha),0.15
Ovlov,The Wishing Well,0.15
Christopher Fitzgerald,I Love You Like a Table,0.15
Kim Gordon,Get Yr Life Back,0.15
The Blackbyrds,Soft And Easy,0.15
Andrew Lloyd Webber,Grizabella: The Glamour Cat,0.15
⣎⡇ꉺლ༽இ•̛)ྀ◞ ༎ຶ ༽ৣৢ؞ৢ؞ؖ ꉺლ,؞ؙؖ⁽⁾اv)) ̷̨ʅv؞ؙؖ⁽⁾ا,0.15
ギヴン,冬のはなし,0.15
Ashanti,Helpless (feat. Ja Rule),0.15
Spotify,It's Tuesday,0.15
San Holo,Light,0.15
The Weeknd,Save Your Tears,0.15
The Isley Brothers,Between the Sheets,0.15
Lil Ugly Mane,split ends,0.15
Yung Lean,Babyface Maniacs,0.15
Green Day,Youngblood,0.14
Michele Leigh,Different,0.14
Underworld,Born Slippy (Nuxx) - Radio Edit,0.14
Katy Perry,Dark Horse,0.14
Queen,Another One Bites The Dust - Remastered 2011,0.14
Lil Ugly Mane,unassisted,0.14
Viper,I Like The Way,0.14
Dumbo Gets Mad,Universal Guide,0.14
Bo Burnham,Beauty Poetry (Jfl 2013),0.14
Magdalena Bay,Top Dog,0.14
The Jesus and Mary Chain,Sometimes Always,0.14
The Cure,Lullaby - Remastered,0.14
Gorillaz,Carnival (feat. Anthony Hamilton),0.14
MILLY,Talking Secret,0.14
The Beatles,Don't Let Me Down - Remastered 2009,0.14
Metric,Black Sheep - Brie Larson Vocal Version / Bonus Track,0.14
Lil Ugly Mane,blue sand,0.14
JPEGMAFIA,Millennium Freestyle,0.14
CRIM,5 MINUTES,0.14
Art Blakey,Ugetsu - Live,0.14
Simon Chamberlain,"Sonata in C Major, Opus 2, No. 3 - Adagio",0.14
Bill Evans,What Are You Doing The Rest Of Your Life?,0.14
Molemen,Triste,0.14
Microphones,mizuiro,0.14
Martin Garrix,Byte,0.14
Art Blakey,Ugetsu,0.14
The Beatles,Misery - Remastered 2009,0.14
Westislonely,Cliché,0.14
Johnny Mathis,When a Child Is Born,0.14
Elliott Smith,Junk Bond Trader,0.14
Alex G,JLB's Drawing,0.14
Kid Trash,ICE CREAM,0.14
Brad Breeck,Weirdmageddon Pt. 4 - End Credits,0.14
No More Kings,Zombie Me,0.14
King Gizzard & The Lizard Wizard,Smoke & Mirrors,0.14
Kings of Leon,Sex on Fire,0.14
Kenny Rogers & The First Edition,Just Dropped In (To See What Condition My Condition Is In),0.14
John Coltrane,Lush Life,0.14
Lord Apex,Ssv2,0.14
Sabrina Carpenter,Feather,0.14
Pink Floyd,Goodbye Blue Sky,0.14
Angelo Badalamenti,The Black Dog Runs at Night,0.14
Brian Eno,Needles In The Camel's Eye - 2004 Digital Remaster,0.14
Don Diablo,Cutting Shapes,0.14
Oliver! - 1994 London Palladium Cast,You've Got to Pick a Pocket or Two,0.14
The Sweet Enoughs,Cabin Days,0.14
Burqa Boyz,Side A - • Miami Arab Emirates [إبداعي Mix] • Chunk up the Deuce Bb_remix • Burqabeatz • كرات فورتنايت,0.14
MGMT,Tell It to Me Like It Is,0.14
Old Gray,a letter for zach,0.14
Asian Glow,Nothing but,0.14
Amy Winehouse,Addicted,0.14
De La Soul,Tread Water,0.14
009 Sound System,Dreamscape,0.14
Dream Supplier,Brown Noise Soft Hall Verb (Loopable),0.13
John Frusciante,Skin Blues,0.13
Adrian Von Ziegler,White Specter,0.13
Bad Bunny,DÁKITI,0.13
The Cure,Closedown - Remastered 2010,0.13
De La Soul,Intro,0.13
Masayoshi Takanaka,トーキョーレギー,0.13
Aphex Twin,CIRCLONT6A [141.98][syrobonkus mix],0.13
From First To Last,Note to Self,0.13
Wolfgang Amadeus Mozart,"Requiem in D Minor, K. 626: Sequence: VI. Lacrimosa dies illa",0.13
Kacey Musgraves,Merry Go 'Round,0.13
Dominic Fike,Hey Blondie,0.13
Russ Millions,Keisha & Becky - Remix,0.13
Harry Styles,To Be So Lonely,0.13
King Gizzard & The Lizard Wizard,Timeland,0.13
Journey,Don't Stop Believin',0.13
Planet Giza,LIMB,0.13
Lemon Demon,Angelfire (Bonus Track),0.13
Still Woozy,Maybe She,0.13
Oasis,Be Here Now - Remastered,0.13
Angelo Badalamenti,Theme from Twin Peaks - Fire Walk with Me,0.13
Black Wing,"Is This Real Life, Jesus Christ",0.13
Pyrates!,Chicken On a Raft,0.13
Jorja Smith,Let Me Down,0.13
John Travolta,Summer Nights - From “Grease”,0.13
Sub Focus,Don’t You Feel It,0.13
Danny Brown,Cheaters,0.13
Vince Staples,New earlsweatshirt - Interlude,0.13
The Be Good Tanyas,Waiting Around To Die,0.13
Infinity Frequencies,Mandom Corporation,0.13
Bastille,Pompeii,0.13
JAY-Z,Empire State Of Mind,0.13
Angel Olsen,Shut Up Kiss Me,0.13
Lady Gaga,Sour Candy (with BLACKPINK) - Shygirl & Mura Masa Remix,0.13
Michael Wincott,Purple People Reader,0.13
Lil Ugly Mane,redacted fog,0.13
Cedric Neal,"Sit Down, You're Rocking the Boat",0.13
Richard Strauss,"Salome, Op. 54 / Scene 4: ""Ah! Ich habe deinen Mund geküsst, Jochanaan""",0.13
Tom Waits,Murder In The Red Barn,0.13
P.T. Adamczyk,Kang Tao Down,0.13
Coldplay,Brothers & Sisters,0.13
David Bowie,Oh! You Pretty Things - 2015 Remaster,0.13
Wes Montgomery,A Day In The Life,0.13
Nourished by Time,Automatic Love,0.13
Do Nothing,New Life,0.13
The Beatles,Tell Me Why - Remastered 2009,0.13
Trippie Redd,Miss The Rage (feat. Playboi Carti),0.13
Elvis Depressedly,Weird Honey,0.13
Masayoshi Takanaka,BREEZIN',0.13
Hailee Steinfeld,Starving,0.13
Busted,Thunderbirds Are Go - Hits Version,0.13
deadmau5,XYZ,0.13
Dean Martin,Standing On The Corner,0.13
Drew Gehling,Bad Idea - Reprise,0.13
DJ Earl,Baaaaaa - Taken from Bass + Funk & Soul,0.13
Arctic Monkeys,Brick By Brick,0.13
Enya,How Can I Keep from Singing? - 2009 Remaster,0.13
Robert Palmer,"Bad Case Of Loving You (Doctor, Doctor)",0.13
オルゴール ミドリ,光るなら (Originally Performed by Goose house 「四月は君の嘘」より) -オルゴール-,0.13
Crumb,Faces,0.13
Travis Scott,Never Catch Me,0.13
underscores,skincare/ii,0.13
Haley Heynderickx,Little Wind,0.13
Little Mix,Woman Like Me (feat. Nicki Minaj),0.13
Lil Ugly Mane,radiation,0.13
Cake!,ballerina,0.12
FKA twigs,Closer,0.12
Mount Kimbie,Blue Train Lines,0.12
Eddie Redmayne,Little Fall Of Rain,0.12
Paramore,Emergency,0.12
Casiokids,Fot I Hose,0.12
SOPHIE,My Forever (feat. Cecile Believe),0.12
Michael Giacchino,The Batman,0.12
Puscifer,The Undertaker - (Don't Shoot The Messenger Version) [Renholder Mix],0.12
Abel Korzeniowski,Modern Age,0.12
Andy Morin,Dig Yourself a Grave,0.12
Sierra Ferrell,In Dreams - Alternative Version,0.12
Skepta,Greaze Mode,0.12
glass beach,Orchids Reimagined,0.12
bdrmm,Gush,0.12
Ariana Grande,7 rings,0.12
C418,Kyoto,0.12
DJ RIFLE,ME>,0.12
Adrian Von Ziegler,Across Acheron,0.12
Atmosphere,God's Bathroom Floor,0.12
Nikki Blonsky,"Welcome To The 60's (""Hairspray"")",0.12
Kix,Don't Close Your Eyes,0.12
AISHA,The Town Inside Me,0.12
LLQ,Rainy Nights,0.12
French Montana,Unforgettable,0.12
The Beatles,A Day In The Life - Take 1,0.12
Happy Doghouse,go to school punk dog,0.12
Christopher Fitzgerald,Never Ever Getting Rid of Me,0.12
BROCKHAMPTON,SUGAR (Remix) [feat. Dua Lipa],0.12
George Harrison,All Things Must Pass - 2020 Mix,0.12
Grimes,Artangels,0.12
Jonny Nash,Breath Chant,0.12
Hiromi,"Beethoven's Piano Sonata No. 8, Pathetique",0.12
Bill Evans Trio,Milestones - Live,0.12
Warmduscher,I Got Friends,0.12
Katy Perry,I Kissed A Girl,0.12
Catherine Zeta-Jones,I Can't Do It Alone,0.12
Mac Miller,Good News,0.12
Sleeper,Atomic,0.12
Cream,White Room,0.12
Yeah Yeah Yeahs,Spitting Off the Edge of the World,0.12
Ataraxia,Tarot,0.12
Venna,Day x2 (feat. MIKE & Marco Bernardis),0.12
Sum 41,In Too Deep,0.12
Lucille Bogan,I'm Gonna Shave You Dry,0.12
Oasis,"I Hope, I Think, I Know",0.12
JT Music,Cuphead Rap,0.12
Iggy Pop,Nightclubbing,0.12
New Order,Bizarre Love Triangle,0.12
Nickelback,Rockstar,0.12
awfultune,i met sarah in the bathroom,0.12
ELIZA,Straight Talker,0.12
Angelo Badalamenti,A Real Indication,0.12
Alex G,Afterlife,0.12
Brittany Snow,"The New Girl In Town (""Hairspray"")",0.12
Jimmy Urine,Fighting With The Melody,0.12
Ahmad Jamal,Pavanne,0.12
Cal Tjader,Agua Dulce (Cool-Ade),0.12
Pharrell Williams,Cash In Cash Out,0.12
Chuck Sutton,Leeway,0.12
My Chemical Romance,Kill All Your Friends - Live Demo,0.12
Frank Ocean,Start,0.12
The Cure,Faith,0.12
M83,Solitude - Felsmann + Tiley Reinterpretation,0.12
Lynks,How to Be Successful,0.12
Tyler Bates,My God,0.12
Ghastly,We Might Fall,0.12
Elton John,Lucy In The Sky With Diamonds - Remastered,0.12
Michael Abels,Haywood Ranch,0.12
Zach Hill,The Primitives Talk,0.12
The Beatles,Magical Mystery Tour - Remastered 2009,0.12
CeeLo Green,Fuck You,0.12
DJ Swisha,Make Me Dance,0.11
The Blackbyrds,Lookin' Ahead,0.11
Busted,Everything I Knew - Hits Version,0.11
Aden Gray,Run Away,0.11
Original Broadway Cast Of Matilda The Musical,School Song,0.11
Elliott Smith,Stupidity Tries,0.11
Jorja Smith,Come Over (feat. Popcaan),0.11
The Beach Boys,All I Want To Do - Remastered 2001,0.11
The Cure,Burn,0.11
The Rolling Stones,"Paint It, Black - Mono",0.11
Cate Blanchett,Lydia Tár Field Recording,0.11
The Blackbyrds,Something Special,0.11
dodie,Human,0.11
Drake,In My Feelings,0.11
Pixies,Caribou,0.11
Angelo Badalamenti,Freshly Squeezed - Instrumental,0.11
Bill Evans,B Minor Waltz - Remastered,0.11
Błoto,Prostactwo,0.11
Attack Attack!,Stick Stickly,0.11
Caravan Palace,Comics,0.11
Thomas Tallis,If ye love me,0.11
mxmtoon,unspoken words - acoustic,0.11
Andrew Kober,Brillig Braelig,0.11
John Travolta,Greased Lightnin' - From “Grease” Soundtrack,0.11
Haseeb Stanton,Bad Feeling - Original mix,0.11
Yeat,Sorry Bout That,0.11
Grimes,We Appreciate Power,0.11
Xori,Weirdweek,0.11
Aminé,Campfire,0.11
Aretha Franklin,Day Dreaming,0.11
Matilda the Musical Original Cast,Miracle,0.11
Oliver! - 1994 London Palladium Cast,Boy for Sale,0.11
The Kooks,She Moves In Her Own Way,0.11
Charlie Mole,The Painting,0.11
Current Joys,Symphonia IX,0.11
Janet Jackson,Got 'Til It's Gone,0.11
Oasis,D'Yer Wanna Be A Spaceman?,0.11
Thee Silver Mountain Reveries,More Action! Less Tears!,0.11
Toby Fox,MEGALOVANIA,0.11
Magazine,A Song From Under The Floorboards - Remastered 2007,0.11
Days N Daze,Misanthropic Drunken Loner,0.11
"Tyler, The Creator",HEAVEN TO ME,0.11
Kaiser Chiefs,I Predict A Riot,0.11
Iggy Pop,Lust For Life,0.11
Goth Lipstick,dullahan,0.11
Parquet Courts,Tenderness,0.11
Dani Siciliano,Walk The Line,0.11
Burl Ives,Holly Jolly Christmas,0.11
Jlin,"Never Created, Never Destroyed",0.11
MM'99,Aerial Reprise,0.11
Kim Gordon,Shelf Warmer,0.11
Slow Pulp,Do You Feel It,0.11
Matoma,Wonderful Life (Mi Oh My) - From the Angry Birds Movie Original Motion Picture Soundtrack,0.11
Stereolab,The Flower Called Nowhere,0.11
DJ Orange Julius,Bring It Back,0.11
Ameer Vann,Glock 19,0.11
Shlohmo,The End,0.11
The Blackbyrds,Street Games,0.11
Eloise Laws,Love Factory,0.11
Nell Smith,The Ship Song,0.11
NEU!,Hallogallo,0.11
Elliott Smith,Pretty Mary Kay,0.11
Universo,Viento Estelar,0.11
Yeah Yeah Yeahs,Heads Will Roll,0.11
Ozzy Osbourne,Ordinary Man (feat. Elton John),0.11
Trent Reznor and Atticus Ross,Challengers,0.11
Beyoncé,Sorry,0.11
Matilda the Musical Original Cast,Naughty,0.11
Pulp,Mile End - From 'Trainspotting' Original Motion Picture Soundtrack,0.11
Brown Spirits,Repeat Transmission,0.11
Fat White Family,Religion for One,0.11
The Beatles,Help! - Remastered 2015,0.11
dälek,Spiritual Healing,0.1
Adrian Von Ziegler,The Forsaken Throne,0.1
Heaven 17,Temptation,0.1
DJ Clent,All I See Is Red,0.1
Frost Children,COUP,0.1
The Beatles,She's Leaving Home - Remastered 2017,0.1
Michael Abels,The Star Lasso Expeeerrriii...,0.1
The Smashing Pumpkins,Tiberius,0.1
Khalid,Silver Platter,0.1
Elliott Smith,Can't Make A Sound,0.1
PUP,Sleep In The Heat,0.1
Richard Gere,Razzle Dazzle,0.1
Old Gray,blunt trauma,0.1
BTS,MIC Drop (feat. Desiigner) [Steve Aoki Remix],0.1
Matilda the Musical Original Cast,Revolting Children,0.1
Madness,Night Boat To Cairo - 2009 - Remaster,0.1
Maxo Kream,Cracc at 15,0.1
Foo Fighters,Cloudspotter,0.1
Skrillex,VOLTAGE,0.1
Creedence Clearwater Revival,Run Through The Jungle,0.1
Barrett Wilbert Weed,I'd Rather Be Me,0.1
Waterparks,Snow Globe,0.1
R. Dean Taylor,There's A Ghost In My House,0.1
Adam Pascal,Another Day,0.1
Michael Giacchino,London Calling,0.1
Gorillaz,Clint Eastwood - Ed Case / Sweetie Irie Refix,0.1
Ryuichi Sakamoto,Merry Christmas Mr. Lawrence - Version for Piano Trio,0.1
Motherlode,Soft Shell,0.1
Lil Skies,I,0.1
AJJ,Big Bird,0.1
Adele,Someone Like You,0.1
King Woman,Bury,0.1
Tion Wayne,Crazy Love,0.1
Melt-Banana,Zero,0.1
The Space Tour Cast,Goin' Back to Hogwarts,0.1
Mount Kimbie,Empty And Silent (feat. King Krule),0.1
King Gizzard & The Lizard Wizard,Blame It On The Weather,0.1
Alex Ross,Close Enough,0.1
Pip Blom,Babies Are a Lie,0.1
Vansire,From the Subway Train,0.1
SIPHO.,I DON'T GET IT,0.1
Earl Sweatshirt,"Whoa (feat. Tyler, The Creator)",0.1
"Hey, Ily",The Sad Acoustic Song - Acoustic,0.1
Echo & the Bunnymen,People Are Strange,0.1
Joy Division,"Transmission - The Factory, Manchester Live 11 April 1980",0.1
Mariya Takeuchi,Chance No Maegami,0.1
Johann Sebastian Bach,"Orchestral Suite No. 3 in D Major, BWV 1068: II. Air ""on the G String""",0.1
Kim Jung Mi,From Where to Where,0.1
Nicole Dollanganger,A Marvelous Persona,0.1
OVERWERK,Daybreak,0.1
Kim Wilde,Kids In America,0.1
Heart,Alone,0.1
Bob Dylan,Tangled up in Blue,0.1
my bloody valentine,drive it all over me,0.1
Gorillaz,Interlude: Penthouse,0.1
Thomas Tallis,Tallis: Hear the Voice and Prayer,0.1
Babyland,Double Coupon,0.1
Alice Gas,Ferrari,0.1
Charli xcx,Tears (feat. Caroline Polachek),0.1
Brenda Holloway,When I'm Gone,0.1
Boards of Canada,Peacock Tail,0.1
Jeff Buckley,Grace,0.1
mxmtoon,stuck,0.1
Earl Sweatshirt,74,0.1
Joy Orbison,better,0.1
XXXTENTACION,Introduction (instructions),0.1
The Garden,Egg,0.1
Lush,Undertow - Spooky Remix,0.1
Parquet Courts,Watching Strangers Smile,0.1
David Bowie,Fame - 2016 Remaster,0.1
Julee Cruise,The Nightingale,0.1
Buck Owens,Made In Japan,0.1
Jordaan Mason,Two Open Arms,0.1
Frank Sinatra,"Theme From New York, New York - 2008 Remastered",0.1
a-ha,Take on Me,0.1
Queens of the Stone Age,Tangled Up In Plaid - Live At Brixton Academy / 2005,0.1
Rodríguez,Rich Folks Hoax,0.1
Bill Evans Trio,Detour Ahead - Live / Take 2,0.1
Gorillaz,Interlude: The Elephant,0.1
Dorian Electra,Man To Man,0.1
Westside Gunn,Gorilla Monsoon,0.1
John Tartaglia,Story Of My Life,0.1
Janelle Monáe,I Like That,0.1
Fatima Yamaha,What's a Girl to Do,0.1
Vicetone,United We Dance - Vicetone Edit,0.1
Wham!,Young Guns (Go for It!),0.1
Self Esteem,1 in 3 (I’m Fine),0.1
Hildur Guðnadóttir,For Petra - Vocal Version,0.1
Martial Solal,A bout de souffle,0.1
Drab Majesty,Photograph,0.09
György Ligeti,Lux aeterna,0.09
Boris,Absolutego,0.09
mishikui,All of my friends love you,0.09
My Chemical Romance,Na Na Na (Na Na Na Na Na Na Na Na Na) - Single Version,0.09
JPEGMAFIA,call me maybe (original),0.09
Justin Bieber,What Do You Mean?,0.09
Hildur Guðnadóttir,Tár: III. Moderato,0.09
The Blackbyrds,Supernatural Feeling,0.09
Matt Champion,Fangs,0.09
Show Me the Body,In A Grave,0.09
Beach House,Illusion of Forever,0.09
Elastica,2:1,0.09
Crass,End Result - Remastered,0.09
Jerry Butler,Moody Woman,0.09
Squid,Siphon Song,0.09
Louyah,9mm,0.09
Mên An Tol,Not Ideal,0.09
Sugababes,Overload,0.09
The Lumineers,Flapper Girl,0.09
Sleep Token,Nazareth,0.09
Charli xcx,New Shapes (feat. Christine and the Queens and Caroline Polachek),0.09
Mac DeMarco,Moonlight on the River,0.09
Modern Baseball,I Think You Were in My Profile Picture Once,0.09
Linked Horizon,Guren no Yumiya,0.09
TROY-B,Moving Weight,0.09
Ice Mc,Think About the Way,0.09
Father John Misty,Bored In The USA,0.09
Swans,I Am a Tower,0.09
Dumbo Gets Mad,Cosmic Bloom,0.09
Avicii,Waiting For Love,0.09
Earl Sweatshirt,DNA (feat. Na-Kel Smith),0.09
The B-52's,Love Shack,0.09
Andrew Lloyd Webber,The Jellicle Ball,0.09
Bob Dylan,Hurricane,0.09
The Microphones,"Organs & Pianos From ""The Moon""",0.09
Flyleaf,All Around Me,0.09
The Smiths,I Won't Share You - 2011 Remaster,0.09
Neutral Milk Hotel,Marching Theme,0.09
Surprise Chef,Fare Evader,0.09
Blood Orange,High Street,0.09
Marshmello,You & Me,0.09
Grimes,Butterfly,0.09
Yung Bae,Bae City Rollaz,0.09
Acid Klaus,Step On My Travelator,0.09
JAY-Z,Public Service Announcement (Interlude),0.09
Michael Abels,Arena Attack,0.09
The Brobecks,Second Boys Will Be First Choice (Radio Version),0.09
Oneohtrix Point Never,Up,0.09
James Marsden,"The Nicest Kids In Town (""Hairspray"")",0.09
Jewelle Blackman,Word to the Wise,0.09
Dustin,'She's our friend and she's crazy!',0.09
Bon Iver,Blood Bank,0.09
The Kid LAROI,Forever & Again,0.09
The Beach Boys,Sloop John B,0.09
Rod Stewart,In a Broken Dream,0.09
Kluster,Kluster 1 (Electric Music und Texte),0.09
RUNNER BOY,BACKWARDS,0.09
Emma Louise,Monsoon,0.09
Oasis,Up In The Sky - Remastered,0.09
Iglooghost,Pale Eyes,0.09
Chris Pine,Agony,0.09
The Microphones,I. The Sun,0.09
Siouxsie and the Banshees,Dear Prudence,0.09
Aly & AJ,Take Me,0.09
Anuel AA,Quiere Beber,0.09
Daniel Caesar,Please Do Not Lean (feat. BADBADNOTGOOD),0.09
Geese,100 Horses,0.09
"Original Broadway Company of Natasha, Pierre and the Great Comet of 1812",Letters,0.09
SAGEISKAMI,GUNMA / BLOTTTER,0.09
Gotye,Eyes Wide Open,0.09
The Weeknd,Six Feet Under,0.09
C418,Haunt Muskie,0.09
Kesha,This Is Me (From the Greatest Showman),0.09
Adi Oasis,Le Départ,0.09
Xyla,Feel,0.09
Jessie Ware,Free Yourself,0.09
The Count,A Series of Unfortunate Events Theme,0.09
The Beatles,A Day In The Life - The Last Chord,0.09
Deftones,Knife Prty,0.09
Funkware,Oye - Original Mix,0.09
Lizzy McAlpine,ceilings,0.09
Jeff Rosenstock,HEAD,0.09
Green Day,"Basket Case - Live at Milton Keynes National Bowl, Milton Keynes, England, 6/18/05",0.09
Portishead,Mourning Air,0.09
Marshmello,Bounce,0.09
Keaton Henson,Teach Me,0.09
David Essex,A Winter's Tale,0.09
Prince,Partyup,0.09
Jon Hassell,Clairvoyance,0.09
Kenny Dorham,Alone Together - Rudy Van Gelder Remaster 2006,0.09
Julien Baker,Sprained Ankle,0.08
Paramore,Emergency - Live,0.08
The Beatles,Girl,0.08
Slowed Mafia,16 Missed Calls,0.08
Steve Lacy,Sunshine (feat. Fousheé),0.08
Jenny O'Leary,Kindergarten Boyfriend,0.08
Zach Hill,Memo To The Man,0.08
Boyzone,Words,0.08
Jessie Mueller,What Baking Can Do,0.08
Oasis,Go Let It Out,0.08
The Cure,Inbetween Days,0.08
Liam Payne,Strip That Down,0.08
S Club,Reach,0.08
waveform*,Wake,0.08
Infinity Frequencies,Watching,0.08
Talking Heads,Swamp (Live) - 2023 Remaster,0.08
KRS-One,Sound of da Police,0.08
Daniel Breaker,Don't Let Me Go,0.08
Kenshi Yonezu,ピースサイン,0.08
New Order,Elegia - 2015 Remaster,0.08
The Unicorns,The Clap,0.08
The Smiths,Pretty Girls Make Graves - 2011 Remaster,0.08
Katrina & The Waves,Walking On Sunshine,0.08
Rio Rainz,favourite girl,0.08
C418,Floating Trees,0.08
DJ Orange Julius,Still Geekin',0.08
The Residents,Amber,0.08
SHY FX,Roll The Dice (feat. Stamina MC & Lily Allen),0.08
Gorillaz,Interlude: Elevator Going Up,0.08
Chaka Khan,Ain't Nobody,0.08
The Dead Texan,When I See Scissors I Can't Help But Think of You,0.08
Hole,Asking For It,0.08
Belle and Sebastian,A Summer Wasting,0.08
Earl Sweatshirt,Grief,0.08
Roy Hall,Okee Doaks,0.08
Mac DeMarco,My Kind of Woman,0.08
Miles Davis,"Dr. Jackle (feat. John Coltrane, Cannonball Adderley, Red Garland, Paul Chambers & Philly Joe Jones)",0.08
Blur,Look Inside America - 2012 Remaster,0.08
Primal Scream,Trainspotting,0.08
Eminem,Lose Yourself,0.08
PUP,DVP - Audiotree Live version,0.08
Blood Orange,Bad Girls,0.08
Zebra Katz,ZAD DRUMZ,0.08
Casino Versus Japan,Moonlupe,0.08
FKJ,Risk,0.08
The Who,My Generation - Stereo Version,0.08
Travis Scott,Ok Alright (feat. ScHoolboy Q),0.08
Eric Carmen,"Hungry Eyes - From ""Dirty Dancing"" Soundtrack",0.08
Jana Rush,Divine,0.08
Unknown Mortal Orchestra,That Life,0.08
Mên An Tol,NW1,0.08
Martial Solal,"L'amour, la mort",0.08
Kid Cudi,In My Dreams (Cudder Anthem),0.08
Skálmöld,Kvaðning - Live,0.08
Cannonball Adderley,Who Cares?,0.08
The Wolfgang Press,Christianity,0.08
Teklife,ICE CREAM,0.08
Pyotr Ilyich Tchaikovsky,"Six Pieces, Op. 51, TH 143: VI. Valse sentimentale. Tempo di Valse",0.08
Bartees Strange,Big Glow,0.08
C418,Dead Voxel,0.08
TTRRUUCES,Bad Kids,0.08
Hozier,Would That I,0.08
The Beatles,Get Back,0.08
Parliament,Give Up The Funk (Tear The Roof Off The Sucker),0.08
Everything But The Girl,Disenchanted,0.08
Meat Beat Manifesto,Paradise Found,0.08
Westside Gunn,Dr. Britt Baker,0.08
Les Rallizes Dénudés,White Awakening_1993,0.08
Front 242,Religion,0.08
Michael Jackson,Billie Jean,0.08
Michael Park,To Break In a Glove,0.08
The Velvet Underground,I Love You - Session Outtake; 2015 Remaster,0.08
Shrek Ensemble,"I'm A Believer - From ""Shrek The Musical"" Original Cast Recording",0.08
Kate Bush,Running Up That Hill (A Deal With God) - 2018 Remaster,0.08
Martin Solveig,Places,0.08
Shawn Wasabi,Burnt Rice (feat. Yung GEMMY),0.08
Queen,Radio Ga Ga - Live Aid,0.08
Hildur Guðnadóttir,For Petra - Recording Session,0.08
Taylor Swift,Girl At Home,0.08
C418,Mutation,0.08
Massive Attack,Ritual Spirit,0.08
Original West End Cast of Everybody's Talking About Jamie,It Means Beautiful,0.08
Drew Gehling,You Matter to Me,0.08
Gerard Way,Baby You're a Haunted House,0.08
Sam Vance-Law,Faggot,0.08
Nordex,Navigator (The Millionaire Detective Balance: Unlimited),0.08
Scott James,Cake,0.08
The Beatles,I'm A Loser - Remastered 2009,0.08
Sadurn,How Can I Get Out?,0.08
Crywank,A Deer Mistaking Candles for Headlights,0.08
Sophia Gennusa,Naughty,0.08
Hildur Guðnadóttir,Mortar,0.08
Gorillaz,Circle of Friendz (feat. Brandon Markell Holmes),0.08
Little Mix,Your Love,0.08
FINLINCE!,timepasser,0.08
Brad Breeck,Grvatiy IFals ehTme (s'lliB deppohC dna dewercS ximeR),0.08
Tally Hall,A Lady,0.08
Tainy,VOLVER,0.08
DJ FLP,Forgotten,0.08
Slint,Charlotte,0.07
Post Malone,Sugar Wraith,0.07
Jane Remover,can you tell?,0.07
Matt Champion,Slug,0.07
Coil,First Dark Ride,0.07
Adrian Von Ziegler,Dark Ritual,0.07
C418,Biome Fest,0.07
KAROL G,WATATI (feat. Aldo Ranks),0.07
Shameika,Shameika Said (feat. Fiona Apple),0.07
Jinsang,Herewego,0.07
C418,Concrete Halls,0.07
Doris Day,Winter Wonderland,0.07
Weezer,Feels Like Summer,0.07
Claude Debussy,"Suite bergamasque, L. 75: III. Clair de lune",0.07
Rodríguez,Gommorah (A Nursery Rhyme),0.07
Yung Lean,Yayo,0.07
James Brown,People Get Up And Drive Your Funky Soul,0.07
Grouper,Clearing,0.07
Oliver! - 1994 London Palladium Cast,Oom-Pah-Pah,0.07
Aaron J,Who U Are,0.07
ピチカート・ファイヴ,我が名はグルーヴィー,0.07
Charli xcx,Von dutch featuring addison rae and a. g. cook,0.07
The Strokes,"I'll Try Anything Once (""You Only Live Once"" demo) - Heart In a Cage B-Side",0.07
deadmau5,Hyperlandia,0.07
Alexander Panos,Q Windswept,0.07
Kevin Abstract,Once in a Lifetime,0.07
Andrew Lloyd Webber,Macavity: The Mystery Cat,0.07
Pink Floyd,Shine On You Crazy Diamond - Live,0.07
Stephen Schwartz,"What Is This Feeling? - From ""Wicked"" Original Broadway Cast Recording/2003",0.07
SIPHO.,BEADY EYES,0.07
LIZ,When I Rule the World,0.07
The Dells,Run For Cover,0.07
Angelo Badalamenti,The Pine Float,0.07
Madeon,Miracle,0.07
C418,Moog City 2,0.07
Stevie Wonder,Superstition,0.07
Aitch,Taste (Make It Shake),0.07
Selphius,Fukashigi no Carte,0.07
zeija,puke my gutzz O_o,0.07
Justin Bieber,Friends (with BloodPop®),0.07
Adrian Von Ziegler,Queen of Thorns,0.07
Aminé,Caroline,0.07
Claire Rosinkranz,Frankenstein,0.07
Billie Holiday,I'll Be Seeing You,0.07
The Brobecks,Visitation Of The Ghost,0.07
Self Esteem,How Dare You,0.07
Lee Walker,Freak Like Me (feat. Katy B & MNEK) - Radio Edit,0.07
RAT BOY,LAIDBACK,0.07
Sports Team,Cool It Kid,0.07
nabeel - نبيل,lazim alshams - لازم الشمس,0.07
Madonna,Bitch I’m Loca (feat. Maluma),0.07
N.E.R.D,Run To The Sun,0.07
Nashville Cast,Never Come Back Again,0.07
Original Cast of Billy Elliot,Electricity,0.07
Brian Eno,"Deep Blue Day - From ""Trainspotting""",0.07
夕方の犬(U ・ェ・),New york,0.07
Shygirl,4eva,0.07
Sadness,holding,0.07
Queen,I'm Going Slightly Mad - Remastered 2011,0.07
Spotify,Welcome,0.07
Rick Astley,Never Gonna Give You Up,0.07
Lin-Manuel Miranda,"96,000 - Radio Edit",0.07
Marshmello,Show You,0.07
Everything Everything,SUPERNORMAL,0.07
The Elgins,Heaven Must Have Sent You,0.07
Nero's Day At Disneyland,Lost In Bonerland,0.07
David Burt,The Attack,0.07
C418,Flake,0.07
Steve Lacy,Infrunami,0.07
Limp Bizkit,Break Stuff,0.07
Run The Jewels,Pew Pew Pew - Bonus Track,0.07
luvwavy,bop it,0.07
L'Rain,Green,0.07
Miles Davis,"Feio (feat. Wayne Shorter, John McLaughlin, Chick Corea, Joe Zawinul & Dave Holland)",0.07
Parquet Courts,Freebird II,0.07
Dan Bull,Who Would Home a Cur?,0.07
Peach PRC,God Is A Freak,0.07
Alberto Baldan Bembo,Blue Velvet,0.07
The Beatles,We Can Work It Out - Remastered 2015,0.07
Hozier,Cherry Wine - Live,0.07
Christopher Cross,Ride Like the Wind,0.07
Tim Hecker,Virginal II,0.07
C418,Warmth,0.07
Matilda the Musical Original Cast,The Smell of Rebellion,0.07
Self Esteem,To See From Here (Reprise),0.07
Elliott Smith,Better Be Quiet Now,0.07
Green Day,Revolution Radio,0.07
Jamie T,Pacemaker,0.07
Eartheater,Solid Liquid Gas,0.07
Self Esteem,Chambers,0.07
Crankdat,Reasons to Run,0.07
The Valdons,"Stop, Wait a Minute Girl",0.07
Sly & The Family Stone,There's a Riot Goin' On - silent,0.07
"Black Country, New Road","Athen's, France - Savage Gary's Takedown Dub",0.07
David Byrne,This Must Be the Place (Naive Melody) - Live,0.07
Tom Walker,Heartland,0.07
Sebadoh,Spoiled,0.07
The Magnetic Fields,"Washington, D.C.",0.07
Surprise Chef,Websites,0.07
TOOL,Mockingbeat,0.07
Hildur Guðnadóttir,Tár: I. Largo,0.07
SHALA,Random Ass White Girl,0.07
Skepta,Sirens (From Ireland),0.07
Proper.,The 90s,0.07
Nmesh,着物,0.07
Dead Kennedys,Holiday in Cambodia,0.07
Self Esteem,To See From Here (Reprise 2),0.07
Belly,Dancing Gold,0.07
bob hund,Festen Är Över,0.07
Sabrina Carpenter,Don’t Worry I’ll Make You Worry,0.07
Bob Dylan,A Hard Rain's A-Gonna Fall,0.07
Tom Waits,Tango Till They're Sore - 2023 Remaster,0.07
The Interrupters,She's Kerosene,0.06
Kendrick Lamar,LOVE.,0.06
Earl Sweatshirt,Grown Ups (feat. Da$H),0.06
Tyler Bates,Pearl Main Titles,0.06
Clipse,Mr. Me Too,0.06
Amy Winehouse,Some Unholy War,0.06
Spotify,It's Wednesday,0.06
Miles Davis,Black Satin,0.06
Beastie Boys,Looking Down The Barrel Of A Gun,0.06
The Beatles,Day Tripper - Remastered 2015,0.06
C418,Blind Spots,0.06
Angelo Badalamenti,The Bookhouse Boys - Instrumental,0.06
The White Stripes,We're Going to Be Friends,0.06
Lady Gaga,Money Honey,0.06
Falling In Reverse,Good Girls Bad Guys,0.06
slowthai,Disneyland,0.06
Self Esteem,Perfect 2 Me (Reprise),0.06
Steve Lacy,Uuuu,0.06
PinkPantheress,Nineteen - Nia Archives Remix,0.06
Action Bronson,Baby Blue (feat. Chance the Rapper),0.06
Gym Class Heroes,Stereo Hearts (feat. Adam Levine),0.06
Daoko,打上花火,0.06
Imagine Dragons,Walking The Wire,0.06
Alex G,Face Dream,0.06
Radiohead,Fake Plastic Trees - Acoustic Version,0.06
Martin Garrix,The Only Way Is Up - Radio Edit,0.06
Rosalind James,A Little Fall of Rain - Live,0.06
Jlin,Erotic Heat,0.06
Mojave 3,Trying to Reach You,0.06
JKRS,Maneater,0.06
Navy Blue,Twenty,0.06
The Clash,The Guns of Brixton - Remastered,0.06
Freddie Mercury,Living on My Own - Single Edit,0.06
Fontaines D.C.,Jackie Down The Line - Skinty Fia Sessions,0.06
The Verve,Already There - 2016 Remastered,0.06
"Tyler, The Creator",Garbage,0.06
Pink Floyd,Astronomy Domine - Live,0.06
Foxygen,Shuggie,0.06
Hildur Guðnadóttir,Hildur's Impressions,0.06
Post Malone,Stay,0.06
Jack Ü,Take Ü There (feat. Kiesza) - Missy Elliott Remix,0.06
shame,Cutthroat,0.06
Lil B,Febuarys Confessions,0.06
Self Esteem,Perfect 2 Me,0.06
Susan Sarandon,"Touch-A, Touch-A, Touch Me",0.06
almost monday,enjoy the ride,0.06
Daft Punk,Get Lucky (feat. Pharrell Williams and Nile Rodgers),0.06
Team Akihabara,Uragirino Yuuyake,0.06
Lush,I Have the Moon,0.06
Shanks & Bigfoot,Sweet Like Chocolate (Radio Edit),0.06
Jessie Mueller,A Soft Place to Land,0.06
Jessie Ware,Say You Love Me,0.06
Jethro Tull,"Ring Out, Solstice Bells - 2003 Remaster",0.06
ILLENIUM,It's All On U (T-Mass & LZRD Remix) [feat. Liam O'Donnell],0.06
Dagames,Descend Into the Iris,0.06
DJ Shadow,Mutual Slump - Alternate Take Without Overdubs,0.06
Jonathan Groff,Get This Right - Outtake,0.06
Danny Elfman,Insects - Machine Girl Insecticidal Tendencies Remix,0.06
Nikki Blonsky,"You Can't Stop The Beat (""Hairspray"")",0.06
Avenade,Cruel,0.06
Bo Burnham,Oh Bo,0.06
Beyoncé,6 Inch (feat. The Weeknd),0.06
Mareux,The Perfect Girl,0.06
Prince,The Most Beautiful Girl In the World,0.06
Kraftwerk,Radioactivity - 2009 Remaster,0.06
Nina Kraviz,My Lullaby for You,0.06
Mrs. GREEN APPLE,インフェルノ,0.06
The Mysterines,Hung Up,0.06
M83,Raconte-moi une histoire,0.06
Surprise Chef,Dangerous,0.06
Father John Misty,"Holy Shit - Live from the Hamburg Elbphilharmonie on August 8, 2019",0.06
初音ミクVS海賊王×[TEST],ローリンガール,0.06
Wormrot,Hollow Roots,0.06
Low,Words,0.06
Surprise Chef,All News Is Good News,0.06
Souls Of Mischief,93 'Til Infinity - Remix Instrumental,0.06
Pink Floyd,Time - 2023 Remaster,0.06
The Buggles,Video Killed The Radio Star,0.06
Lost Frequencies,Reality,0.06
The Killers,All These Things That I've Done,0.06
Red Hot Chili Peppers,Can't Stop,0.06
Have A Nice Life,Guggenheim Wax Museum,0.06
Tame Impala,Solitude Is Bliss,0.06
The Game,Martians Vs Goblins,0.06
Lin-Manuel Miranda,Cousin,0.06
Run The Jewels,Run The Jewels,0.06
DaBaby,INTRO,0.06
Paris Paloma,the warmth,0.06
Father John Misty,Chateau Lobby #4 (in C for Two Virgins),0.06
Self Esteem,The Process,0.06
Travis Scott,THANK GOD,0.06
Elliphant,Where Is Home (feat. Twin Shadow),0.06
Dagames,Get Out,0.06
Swofford,Ulterior Motives (Everyone Knows That),0.06
Sons of the Pioneers,Tumbling Tumbleweeds,0.06
The Unicorns,Ghost Mountain,0.06
Boris,Woman On The Screen,0.06
Beyoncé,Freakum Dress,0.06
Mac DeMarco,For the First Time,0.06
Tyler Bates,Sorry to Disturb You,0.06
beabadoobee,the perfect pair,0.06
My Chemical Romance,Welcome to the Black Parade - Live in Mexico City,0.06
Devon Hendryx,Power Stone ☀,0.06
John Splithoff,Show Me (feat. Madison Ryann Ward),0.06
Drake,Do Not Disturb,0.06
The Dust Brothers,Jack's Smirking Revenge,0.06
Self Esteem,Day Through,0.06
Brother to Brother,In the Bottle,0.06
Mount Eerie,Seaweed,0.06
Three 6 Mafia,Be A Witness - (Killa Klan Kaze),0.06
NANORAY,m00d Medley,0.06
Seaghouls,Vox Remix 1,0.06
Aphex Twin,"midi pipe2c edit, +3 [Manchester 20.09.2019]",0.06
Samstring,Super Idol - Remix,0.06
jonatan leandoer96,Snake Ice,0.06
Tyler Bates,Maxine Grabs the Gun,0.06
Bo Burnham,Content,0.06
Jason Tai,Jack Splatter,0.05
Fushitsusha,This Is,0.05
Robyn,Ever Again,0.05
DJ Deeon,Bounce That Booty - Jackmaster Werks Remix,0.05
Austrian Death Machine,See You at the Party Richter (from Total Recall),0.05
IDLES,Progress,0.05
Ozzy Osbourne,I Don't Know,0.05
Little Mix,No More Sad Songs,0.05
John Prine,"I Just Called to Say I Love You - Recorded at RCA Studio A, Nashville",0.05
Deep Purple,One More Rainy Day - 2000 Remaster,0.05
Skatune Network,everytime we touch,0.05
Cher,If I Could Turn Back Time,0.05
Japanese Breakfast,Boyish,0.05
Pink Siifu,Rick James,0.05
Masters of Sound,Animal Crossing: New Horizons (Theme) [Piano Version],0.05
dryhope,Down River,0.05
Lana Del Rey,Doin' Time,0.05
Miracle Of Sound,The Death of Rock 'N' Roll,0.05
Charli xcx,Click (feat. Kim Petras and Tommy Cash),0.05
Martial Solal,Theme d'amour,0.05
Father John Misty,"I Love You, Honeybear - Live from the Hamburg Elbphilharmonie on August 8, 2019",0.05
Michael Abels,Jupiter's Claim,0.05
Tyler Bates,Pearl’s Rapture,0.05
NZCA LINES,Two Hearts,0.05
The Beach Boys,That's Not Me,0.05
Self Esteem,To See From Here,0.05
Dionne Warwick,Walk On By,0.05
Elliott Smith,Whatever (Folk Song In C),0.05
Travis Scott,DELRESTO (ECHOES) (feat. Beyoncé),0.05
Charlie Mole,Basil Paint,0.05
Matilda the Musical Original Cast,When I Grow Up,0.05
Tkay Maidza,24k,0.05
Patti Smith,Because the Night,0.05
The Music Tapes,Takeshi and Elijah,0.05
Ludwig van Beethoven,"Bagatelle No. 25 in A Minor, WoO 59 ""Für Elise""",0.05
Agust D,Give It to Me,0.05
Lucy Dacus,Dream State...,0.05
Josh Groban,The Great Comet of 1812,0.05
Paramore,Playing God,0.05
The Beatles,The Fool On The Hill - Remastered 2009,0.05
UVERworld,Touch off,0.05
Brushy One String,Chicken in the Corn,0.05
John Coltrane,"Like Sonny (Rehearsal 1, False Start) - 2020 Remaster",0.05
John Coltrane Quartet,Say It (Over And Over Again),0.05
T.S.O.L.,Superficial Love,0.05
Travis Scott,I KNOW ?,0.05
Gym Class Heroes,Cupid's Chokehold / Breakfast in America,0.05
Addison Rae,New York,0.05
DJ Rashad,"Drank, Kush, Barz",0.05
Tame Impala,Is It True,0.05
Tyler Bates,Bring Our Daughters Home,0.05
Sabrepulse,Running in the 90's,0.05
Hildur Guðnadóttir,Tár: II. Allegro,0.05
NxWorries,Anthrtime (Intro),0.05
Chase Atlantic,STUCKINMYBRAIN,0.05
Gorillaz,The Joplin Spider,0.05
TEMPOREX,Delayed,0.05
Nas,Halftime,0.05
Terrace Martin,Freeze Tag (feat. Phoelix),0.05
Tion Wayne,I Dunno (feat. Dutchavelli & Stormzy),0.05
Belle and Sebastian,I Didn't See It Coming,0.05
Frankie Valli & The Four Seasons,Walk Like a Man,0.05
Roland Faunte,Levers (Acoustic Guitar Take),0.05
Lola Young,SPIDERS,0.05
Sickboyrari,Shorty 13 On The Block,0.05
Dan + Shay,"10,000 Hours (with Justin Bieber)",0.05
Jack Ü,Where Are Ü Now (with Justin Bieber) - Kaskade Remix,0.05
Blood Orange,"Mind Loaded (feat. Caroline Polachek, Lorde & Mustafa)",0.05
Maria BC,Taper,0.05
Beach House,Lemon Glow,0.05
Elliott Smith,Drive All Over Town,0.05
Fit For An Autopsy,Pandora,0.05
Gary Barlow,Since I Saw You Last,0.05
Barbara Randolph,I Got a Feeling,0.05
Rufus Wainwright,Another Believer,0.05
BURNOUT SYNDROMES,FLY HIGH!!,0.05
Shayne Orok,Fukashigi no Carte - Seishun Buta Yarou wa Bunny Girl Senpai no Yume wo Minai,0.05
Self Esteem,Second Place (Cab Rank Rule),0.05
glass beach,Blood Rivers Remix,0.05
Gorillaz,The Sounder,0.05
David Bowie,A New Career in a New Town - 2017 Remaster,0.05
George Michael,December Song (I Dreamed Of Christmas),0.05
Nathan Johnson,Knives Out! (String Quartet in G Minor),0.05
Yung Bae,Bad Boy,0.05
Cocteau Twins,Summer-Blink,0.05
DJ Harrison,Erykah’s Gun,0.05
abbot,B0DYGU4RD,0.05
Amy Winehouse,Just Friends,0.05
slowthai,The Bottom,0.05
DUCKBOY,Heroin As a Recreational Activity,0.05
Cmoney2423,Fart on My Penis,0.05
Nirvana,Here She Comes Now - Smart Sessions,0.05
Porter Robinson,Shelter,0.05
Pavement,Grave Architecture,0.05
Elliott Smith,No Name #1,0.05
Martial Solal,La mort,0.05
Andrew Rannells,You Gotta Die Sometime,0.05
Anthem Lights,It Is Well With My Soul,0.05
William Basinski,Selva Oscura 1.2,0.05
Yolanda Parker,Everything You Do Blows My Mind,0.05
Tyler Bates,Our Secret,0.05
Kristofer Maddigan,Floral Fury,0.05
THE ORAL CIGARETTES,Kyouran Hey Kids!!,0.05
Donna Summer,"I Feel Love - 12"" Version",0.05
Original West End Cast of Everybody's Talking About Jamie,"My Man, Your Boy",0.05
Everything But The Girl,Troubled Mind - 2013 Remaster,0.05
ABBA,When All Is Said And Done,0.05
Death Grips,Runway A,0.05
Tyler Bates,We Talked About This,0.05
Khruangbin,Mr. White,0.05
Martial Solal,Campagne-premiere,0.05
Mac Miller,Hurt Feelings,0.05
The Cribs,Men's Needs,0.05
Black Wing,Bollywood Apologetics,0.05
KANA-BOON,シルエット,0.05
Pageninetynine,In love with an apparition,0.05
Declan McKenna,British Bombs,0.05
Kevin Abstract,Blanket,0.05
Norman Greenbaum,Spirit in the Sky,0.05
Turnstiles,I.D.C,0.05
Poison,Nothin' But A Good Time - Remastered 2006,0.05
Keala Settle,This Is Me,0.05
The Weeknd,All I Know,0.05
The Beatles,A Day In The Life - Orchestra Overdub,0.05
Angelo Badalamenti,Don't Do Anything (I Wouldn't Do),0.05
Sheridan Smith,Chip On My Shoulder - Live,0.05
Will Byers,OUTRO - Will Singing the Clash,0.05
Vacations,Young,0.05
Abel Korzeniowski,There Is A Place,0.05
Cymande,Brothers On The Slide,0.05
Adam Hicks,"Determinate - From ""Lemonade Mouth""",0.05
Hans Zimmer,Red Sea,0.05
Original Cast of Billy Elliot,Solidarity,0.05
Zebra Katz,NECKLACE,0.05
Renée Zellweger,Nowadays/Hot Honey Rag - Medley Title,0.05
A. G. Cook,Oh Yeah - Caroline Polachek Remix,0.05
Sugar Candy Mountain,Change,0.05
Tullycraft,Superboy & Supergirl,0.05
Jay Som,If I Could,0.05
Whitney Houston,How Will I Know,0.05
Martial Solal,Poursuite (2),0.05
Slowdive,Blue Skied An' Clear,0.05
MyNameMacke,Sicko Bamba,0.04
The Beatles,Hey Jude - Remastered 2009,0.04
Dorothy Ashby,Essence of Sapphire,0.04
jschlatt,Santa Claus Is Comin' to Town,0.04
Travis Barker,Forever (feat. Run The Jewels),0.04
KYLE,iSpy (feat. Lil Yachty),0.04
Alex G,Brite Boy,0.04
The Beach Boys,Wouldn't It Be Nice - Mono,0.04
Erykah Badu,Sometimes - Mix #9,0.04
Le Tigre,Eau D'bedroom Dancing,0.04
The Spook School,Binary,0.04
CMAT,When A Good Man Cries,0.04
Georges Bizet,Carmen Suite No. 2: II. Habanera,0.04
Boards of Canada,Music Is Math,0.04
Steve Earle,Satellite Radio,0.04
Marshmello,Want U 2,0.04
Frank Ocean,DHL,0.04
Bill Evans Trio,Nardis,0.04
Self Esteem,Lean Back and Think of Justice,0.04
Bloodhound Gang,Why's Everybody Always Pickin' On Me?,0.04
The Delfonics,Stop and Look (And You Have Found Love),0.04
Charli xcx,Official,0.04
Joey Bada$$,TEMPTATION,0.04
Tyler Bates,Nice Girl,0.04
Faust,Jennifer,0.04
Angelo Badalamenti,The Pink Room,0.04
Xiu Xiu,Killing Distance,0.04
Al Green,Love and Happiness,0.04
Al Green,Take Me to the River,0.04
Actress,Fire and Light,0.04
Andwella,I Got A Woman,0.04
Nightmare,the WORLD,0.04
Bauhaus,Kick in the Eye,0.04
Utro,Такие глаза,0.04
Childish Gambino,All The Shine,0.04
Charlotte Plank,White Noise,0.04
Sundressed,The Facts,0.04
Adrian Von Ziegler,Ghost Bride,0.04
Yung Lean,Pearl Fountain,0.04
Wrabel,Bloodstain - Galantis Remix,0.04
Paul McCartney,Another Day - 2012 Remaster,0.04
Sleep Token,Rain,0.04
of Montreal,Sink The Seine,0.04
Cage The Elephant,Tokyo Smoke,0.04
Rihanna,Only Girl (In The World),0.04
Dominique Guiot,Iceberg En Voyage,0.04
Descendents,I'm Not a Loser,0.04
Fearless Vampire Killers,Concede Repent Destroy,0.04
Riverdale Cast,Fight for Me (feat. KJ Apa & Ashleigh Murray),0.04
Ronnie McFarlin,Too Sweet To Be Forgotten,0.04
Clean Bandit,Symphony (feat. Zara Larsson),0.04
The Beatles,Honey Pie - 2018 Mix,0.04
George Harrison,All Things Must Pass - Remastered 2014,0.04
The Beatles,The Fool On The Hill,0.04
Tyler Bates,Dolls,0.04
Westside Gunn,Party wit Pop Smoke (feat. Keisha Plum),0.04
SIPHO.,OCCASION,0.04
Harry Styles,Sign of the Times,0.04
Neil Diamond,"Cherry, Cherry",0.04
The Bachelors,I Believe,0.04
Major Lazer,Run Up (feat. PARTYNEXTDOOR & Nicki Minaj),0.04
MJ.,I Wish I Were a Boy,0.04
Outkast,Rosa Parks,0.04
Jimmy Radcliffe,Long After Tonight Is All Over,0.04
Ocean Wisdom,Incidents,0.04
Don Thomas,Come On Train - Original Mix,0.04
Tyler Bates,Fucking Finally,0.04
Tinashe,Nasty - Match My Chic Remix,0.04
Elliott Smith,No Name #3,0.04
Backstreet Boys,I Want It That Way,0.04
GG Allin,I don't give a shit,0.04
Ramin Karimloo,From Now On,0.04
OKAMOTO'S,Welcome My Friend,0.04
Gipsy Kings,Hotel California - Spanish Mix,0.04
Queen,White Queen (As It Began) - Remastered 2011,0.04
Katy Perry,Swish Swish,0.04
Elliott Smith,No Name #4,0.04
Hüsker Dü,Something I Learned Today,0.04
Bo Burnham,RANT,0.04
Lowertown,Grass Stains,0.04
Train,Drops of Jupiter (Tell Me),0.04
Johann Sebastian Bach,"The Well-Tempered Clavier, Book 1, BWV 846-869 / Prelude & Fugue in C Major, BWV 846: I. Prelude",0.04
Billy Joel,Big Shot,0.04
Hildur Guðnadóttir,Introductory Words by Hildur Guðnadóttir,0.04
D'Angelo,"I'm Glad You're Mine - Live At The Jazz Cafe, London/1995",0.04
The Score,Unstoppable,0.04
The Lumineers,Ho Hey,0.04
Jeff Buckley,So Real,0.04
The Bluetones,Bluetonic,0.04
Elvis Presley,Blue Suede Shoes,0.04
Raspberries,Go All The Way,0.04
Ween,It's Gonna Be (Alright),0.04
Little Boots,Meddle,0.04
A Tribe Called Quest,Oh My God (feat. Busta Rhymes),0.04
Big Black,Racer-X,0.04
Lady Gaga,Disease,0.04
Arca,Mutant,0.04
Ninajirachi,It's You,0.04
Rina Sawayama,Comme Des Garçons (Like The Boys),0.04
JAY-Z,No Church In The Wild,0.04
Imagine Dragons,Rise Up,0.04
Self Esteem,I Have No Power Here,0.04
Crumb,Gone,0.04
Tyler Bates,Use Your Telephone,0.04
Self Esteem,Day Out,0.04
Everything But The Girl,Two Star,0.04
Gorillaz,Hallelujah Money (feat. Benjamin Clementine),0.04
Oneohtrix Point Never,Imago,0.04
Chance the Rapper,All Night (feat. Knox Fortune),0.04
Khalid,Angels,0.04
Buckingham Nicks,Crying in the Night,0.04
Bo Burnham,Unpaid Intern,0.04
Pink Floyd,Speak To Me - 2023 Remaster,0.04
Travis Scott,SIRENS,0.04
Travis Scott,MELTDOWN (feat. Drake),0.04
Alfie Davis,"Day-O (from ""Beetlejuice Beetlejuice"")",0.04
Beastie Boys,Body Movin' - Fatboy Slim Remix/Remastered 2009,0.04
Joan Baez,Fare Thee Well,0.04
Martial Solal,Poursuite,0.04
Cults,Always Forever,0.04
UVERworld,ODD FUTURE,0.04
Cosmo Sheldrake,Wriggle - Mr Jukes Edit,0.04
City Morgue,SCREAMING AT THE RAIN,0.04
Battles,Ice Cream,0.04
The Dare,All Night,0.04
Viper,That Baller Out Your Best Side,0.04
MF DOOM,Rhymes Like Dimes (Instrumental),0.04
Adrian Von Ziegler,Be my Doll,0.04
Martial Solal,Duo,0.04
Dr. Hook,Sexy Eyes,0.04
Mother Mother,Neighbour,0.04
PUP,Dark Days,0.04
KAYTRANADA,$payforhaiti (feat. Mach-Hommy),0.04
Foster The People,Pay the Man - Remix,0.04
Robotaki,Los Angeles,0.04
Thundercat,"Satellite Space Age Edition (feat. Louis Cole & Genevieve Artadi) [from Insecure: Music From The HBO Original Series, Season 5]",0.04
Puzzle,Disappear,0.04
Don Caballero,"In the Absence of Strong Evidence to the Contrary, One May Step Out of the Way of the Charging Bull",0.04
BROCKHAMPTON,PALACE,0.04
Kanye West,Big Brother,0.04
Esquivel!,Mucha Muchacha,0.04
beabadoobee,Tired,0.04
Led Zeppelin,The Rain Song - Remaster,0.04
El-P,never look back,0.04
Jodie Foster,La Vie C'est Chouette,0.04
The Eastern Gang,The Flasher,0.04
Buzzcocks,Everybody's Happy Nowadays - 2001 Remastered Version,0.04
Colm Wilkinson,The Bishop,0.04
Björk,Human Behaviour,0.04
Jibaku Shonen Band,No.7,0.04
Miles Davis,"Sanctuary (feat. Wayne Shorter, Bennie Maupin, John McLaughlin, Chick Corea, Joe Zawinul, Dave Holland & Harvey Brooks)",0.04
feeble little horse,15,0.04
Clown Core,Infinite Realm of Incomprehensible Suffering,0.04
Sly & The Family Stone,Brave & Strong - Single Version,0.04
D'Angelo,Brown Sugar,0.04
Tia,Deal with the devil,0.04
Paul McCartney,Bluebird - 2010 Remaster,0.04
Burial,Hiders,0.04
645AR,Sum Bout U (feat. FKA twigs),0.04
Adventure Time,Everything Stays (Marcy and Mom) [feat. Rebecca Sugar & Ava Acres],0.04
Twista,Overnight Celebrity (feat. Miri Ben-Ari),0.04
Shygirl,Woe (I See It From Your Side) (Björk Remix),0.04
Aphex Twin,rozzboxv2mam+4 [Manchester 20.09.2019],0.04
The Hoosiers,Up To No Good,0.04
Elvis Costello,She,0.04
Nick Cave,Song for Jesse,0.04
Fleetwood Mac,Gypsy - 2016 Remaster,0.04
Chris Brown,Party (feat. Usher & Gucci Mane),0.03
LiSA,紅蓮華,0.03
Wine Lips,Get Your Money,0.03
Harold Budd,Nove Alberi,0.03
Loyle Carner,Yesterday's Gone,0.03
She Wants Revenge,Red Flags And Long Nights,0.03
Self Esteem,Day In,0.03
Gorillaz,People,0.03
Tyler Bates,Tell Me I’m Special,0.03
Duster,Constellations,0.03
Joy Division,Leaders of Men - 2010 Remaster,0.03
Machine Girl,The Storm,0.03
Bad Company,Feel like Makin' Love - 2015 Remaster,0.03
Massive Attack,Risingson - Underworld Remix,0.03
Cannonball Adderley,Autumn Leaves,0.03
Bored Nothing,Darcy,0.03
SIPHO.,DEEP BREATHS,0.03
King Gizzard & The Lizard Wizard,Hot Water (Live In San Francisco '16),0.03
Solar Lodger,The Weird Sisters,0.03
Vampire Weekend,Oxford Comma,0.03
The Dø,"Miracles (Back in Time) [Live at l’Olympia, Paris]",0.03
Strawberry Switchblade,Go Away,0.03
Little Mix,Nobody Like You,0.03
moreru,心 (形のないもの、人、心のあるもの),0.03
Pablo Cruise,Love Will Find A Way,0.03
Kali Uchis,Dead To Me,0.03
SIPHO.,FADIN,0.03
Dikembe,Scottie Spliffin,0.03
Skullcrusher,Two Weeks in December,0.03
Hydra,1-800-BringThePain,0.03
IU,Twenty-three,0.03
The Impressions,Can't Satisfy,0.03
Billy Joel,Piano Man,0.03
Martial Solal,Dixieland,0.03
Groove Committee,I Want You to Know,0.03
Billie Eilish,ilomilo - Live From The Film - Billie Eilish: The World’s A Little Blurry,0.03
Foo Fighters,Monkey Wrench,0.03
Matthew Lennox,What A Year,0.03
The Weavers,We Wish You a Merry Christmas,0.03
DaBaby,TOES,0.03
I DONT KNOW HOW BUT THEY FOUND ME,Bleed Magic,0.03
Status Quo,Rockin' All Over The World,0.03
Blake Neely,The Fastest Man Alive - Always Late,0.03
Arukara,ダカラドオシタ,0.03
Goth Lipstick,10 years,0.03
Bad Nerves,Can't Be Mine,0.03
Elvin Bishop,Fooled Around And Fell In Love,0.03
Electric Light Orchestra,Turn to Stone,0.03
Vitamin String Quartet,On the Bound,0.03
100 gecs,xXXi_wud_nvrstøp_ÜXXx (Remix) [feat. Tommy Cash & Hannah Diamond],0.03
Oasis,"Sad Song - Mauldeth Road West Demo, Nov '92",0.03
Martial Solal,La mort (2),0.03
André De Shields,Road to Hell (Reprise),0.03
Godspeed You! Black Emperor,Undoing a Luciferian Towers,0.03
YAYAYI,\\\\\\\\\\\\\\\\\\\\\\\\\\\\\\\\\\\\\\\\\\\\\\\\\\\\\\\\\ 14,0.03
Axwell /\ Ingrosso,Renegade,0.03
Nine Inch Nails,Meet Your Master,0.03
Pantera,Cemetery Gates,0.03
Bo Burnham,Comedy,0.03
Miike Snow,Animal - Punks Jump Up Remix,0.03
Joey Valence & Brae,365,0.03
Sean Dagher,"Leave Her, Johnny",0.03
J Hus,Did You See,0.03
The Beatles,All Together Now,0.03
death's dynamic shroud,Tear in Abyss,0.03
Tyler Bates,Maxine Meets Pearl,0.03
Original West End Cast of Everybody's Talking About Jamie,Out of the Darkness (A Place Where We Belong),0.03
Bill Evans Trio,Detour Ahead - Live / Take 1,0.03
Janis Joplin,Maybe,0.03
LiSA,crossing field,0.03
PornoGraffitti,THE DAY,0.03
Alex G,Inside the Video,0.03
Burial,His Rope,0.03
Crazy Town,Butterfly,0.03
Simon & Garfunkel,The Sound of Silence - Acoustic Version,0.03
Chet Baker,Everything Happens To Me,0.03
Black Sabbath,Paranoid,0.03
The Weeknd,Escape From LA,0.03
Auli'i Cravalho,Revenge Party,0.03
Kedr Livanskiy,Sky Kisses (на танцполе),0.03
KaySpinIt,Hood Politics (Intro),0.03
Amy Winehouse,Me & Mr Jones,0.03
Misfits,Last Caress - C.I. Recording 1978,0.03
Underworld,Dark And Long - Dark Train,0.03
CJ’s Mirra Maze,Dreaming In The Valley,0.03
The Birthday Party,Big Jesus Trash Can,0.03
Halsey,Without Me (with Juice WRLD),0.03
Crumb,Ghostride,0.03
Julee Cruise,Questions in a World of Blue,0.03
James Tillman,Magic City Thrill,0.03
Jimi Hendrix,Purple Haze,0.03
Daughters,"The Unattractive, Portable Head",0.03
Linked Horizon,Shinzo wo Sasageyo !,0.03
Rynx,Want You,0.03
Fantasia,Trainspotting - For What You Dream Of,0.03
Stacey Q,Two of Hearts,0.03
Pink Siifu,Griptape'!!,0.03
John Lennon,God - Remastered 2010,0.03
K CAMP,Smart Water (feat. Sevyn Streeter),0.03
Drain Gang Archive,Taipei,0.03
Kinky,A Dónde Van Los Muertos?,0.03
High School Musical Cast,High School Musical,0.03
Self Esteem,Cross Examination,0.03
Danny Brown,XXX,0.03
Attack Attack!,Kawaii Cowboys,0.03
Gorillaz,Strange Timez (feat. Robert Smith),0.03
Vince Staples,Home,0.03
Bryson Tiller,Don't,0.03
Jessie Mueller,What's Inside,0.03
Robert Ellis,Drivin',0.03
MARINA,Are You Satisfied?,0.03
Higher Brothers,Storm,0.03
girl in red,midnight love,0.03
Mac DeMarco,Salad Days,0.03
MGMT,Art Is Everywhere,0.03
Sierra Ferrell,In Dreams,0.03
Harley Poe,Transvestities Can Be Cannibals Too,0.03
Portishead,Glory Box - Live,0.03
Kate Bush,Cloudbusting,0.03
Cage The Elephant,Skin and Bones,0.03
Paramore,Rewind - Demo,0.03
Jerry Reed,I Shoulda Stayed Home,0.03
The Interrupters,You're Gonna Find A Way Out,0.03
The Weather Station,Moonlight,0.03
Weathers,Happy Pills,0.03
Jeff Williams,Time to Say Goodbye,0.03
Charli xcx,I might say something stupid featuring the 1975 & jon hopkins,0.03
Faeland,End of the Day,0.03
Linked Horizon,Jiyuu no Tsubasa,0.03
Calm,We've Made A Contact But Worship Silent I Make A Whisper I Am A Sinner,0.03
Liturgy,EXACO I,0.03
Renée Zellweger,Roxie,0.03
JPEGMAFIA,man purse,0.03
BRADIO,Flyers,0.03
Cheat Codes,Sober,0.03
Earl Sweatshirt,MTOMB (feat. Liv.e),0.03
Yo La Tengo,Nowhere Near,0.03
Herbie Hancock,Bring Down the Birds - Outtake,0.03
Shirley Bassey,Goldfinger,0.03
Kanye West,Mercy.1,0.03
R.A.P. Ferreira,CYCLES,0.03
King Gizzard & The Lizard Wizard,Evil Man,0.03
Bring Me The Horizon,in the dark,0.03
Teezo Touchdown,Making Flippy Floppy,0.03
The Crystals,Santa Claus Is Coming to Town,0.03
Scorpions,Rock You Like a Hurricane - 2011,0.03
Key Glock,Since 6ix,0.03
Squid,Terrestrial Changeover Blues (2007 – 2012),0.03
LOONA,Butterfly,0.03
Gabbie Hanna,Butterflies,0.03
t e l e p a t h テレパシー能力者,あなたとの短い瞬間,0.03
John Lennon,Hold On - Remastered 2010,0.03
David Byrne,Strange Overtones,0.03
7xvn,body bag,0.03
Crass,Reject of Society,0.03
Mach-Hommy,No Blood No Sweat,0.03
The Interrupters,She Got Arrested,0.03
Grizzly Bear,"Ready, Able",0.03
Toby Fox,Bonetrousle,0.03
The Scary Jokes,Catabolic Seed,0.03
BFRND,Sunglasses at Night,0.03
Yung Lean,Pikachu,0.03
Original West End Cast of Everybody's Talking About Jamie,He's My Boy,0.03
Ramsey Lewis,Wade In The Water,0.03
The Beatles,With A Little Help From My Friends - Remastered 2017,0.03
Action Bronson,Dmtri,0.03
Pink Floyd,On The Run - 2023 Remaster,0.03
Charles Bradley,Stay Away,0.03
Queen,These Are The Days Of Our Lives - 2011 Remaster,0.03
Tobi Legend,Time Will Pass You By,0.03
Jona Lewie,Stop the Cavalry - Radio Edit,0.03
James Bay,Wild Love - Acoustic,0.03
Yung Gravy,Yung Gravity,0.03
Jakey,Saintlike,0.03
Father John Misty,The Night Josh Tillman Came To Our Apt.,0.03
Isaiah Rashad,RIP Young,0.03
Kid Cudi,Mr. Rager,0.03
Gloria Gaynor,I Will Survive,0.03
Tom Walker,Leave a Light On,0.03
Beyoncé,Deja Vu (feat. JAY-Z),0.03
Red Hot Chili Peppers,Black Summer,0.03
billy woods,Spongebob,0.03
Stuck in the Sound,Let’s Go,0.03
Foster The People,Waste,0.03
Buddy Holly,Oh Boy! - Overdubbed Version,0.03
Qwes1,Cut the BS!,0.03
Kylie Minogue,Santa Baby,0.03
Roddy Ricch,The Box,0.03
Porter Robinson,The State,0.03
Elliott Smith,No Name #2,0.03
S3RL,Pika Girl,0.03
Jason Tai,Queensland,0.03
Liam Payne,For You (Fifty Shades Freed) (& Rita Ora),0.03
Spectrum,イン・ザ・スペース　（In The Space）,0.03
Little Mix,Private Show,0.03
The Beatles,"A Day In The Life - Hummed Last Chord / Takes 8, 9, 10 And 11",0.03
AmaLee,"Moonlight Densetsu (From ""Sailor Moon"")",0.03
The Living Tombstone,Five Nights at Freddy's,0.03
The Kinks,Alcohol,0.03
Gyptian,Prelude TBH - To Be Held,0.03
Cass McCombs,I Followed The River South To What,0.03
Dave,Streatham,0.03
Queen,I Want It All - Single Version,0.03
Denki Groove,MAN HUMAN（DEVILMAN crybaby Ver.）,0.03
The Music Tapes,1st Imaginary Symphony by Vaccume Cleaner,0.03
Cleo Sol,Butterfly,0.03
Clown Core,Flat Earth,0.03
Summer Walker,Grave,0.02
Hello Sleepwalkers,Goya No Machiawase,0.02
Jryl,Again & Again,0.02
Quelle Chris,Sudden Death,0.02
Rodríguez,Sandrevan Lullaby - Lifestyles,0.02
Robohands,Whole,0.02
Booker T. & the M.G.'s,Behave Yourself,0.02
Clyde Boudreaux,Nepenthe,0.02
AJ Tracey,Wifey Riddim 4,0.02
Erich Wolfgang Korngold,"Die tote Stadt (The Dead City), Op. 12: Act I: Gluck, das mir verblieb",0.02
The Neighbourhood,Daddy Issues,0.02
Bridgit Mendler,Hurricane,0.02
Yusuf / Cat Stevens,Butterfly - Radio Edit,0.02
Trudy and the Romance,Is There a Place I Can Go,0.02
Tyler Bates,Pearl’s Lullaby,0.02
"Tyler, The Creator",Lights On (feat. Ryan Beatty & Santigold),0.02
Nas,One Time 4 Your Mind,0.02
DEAN FUJIOKA,History Maker,0.02
Original Cast of Billy Elliot,Once We Were Kings,0.02
mxmtoon,late nights - acoustic,0.02
Alex G,Typing Game,0.02
Ryo Fukui,Early Summer (Remastered 2025),0.02
Flume,The Ocean Is Fake,0.02
The xx,Islands,0.02
Scott Walker,30 Century Man,0.02
CASISDEAD,Walkin',0.02
Bob Dylan,Queen Jane Approximately,0.02
Stevie Wonder,What Christmas Means To Me,0.02
Peter Gabriel,Here Comes The Flood,0.02
David Sylvian,Silver Moon Over Sleeping Steeples,0.02
Jonas Brothers,Burnin' Up,0.02
HRVY,Personal,0.02
Sophia Bel,You're Not Real You're Just a Ghost,0.02
S Club,Bring It All Back,0.02
Elton John,Something About The Way You Look Tonight - Edit Version,0.02
JPEGMAFIA,Bloodline Freestyle (2022 Demo),0.02
Sickboyrari,B2W,0.02
The Zutons,Valerie,0.02
Yaya Bey,intro,0.02
mage tears,pretty satan,0.02
Lng Sht,Romcom,0.02
Anamanaguchi,Miku,0.02
Artists for Grenfell,Bridge Over Troubled Water,0.02
The Saturdays,Ego,0.02
sundots,be,0.02
Yoshi T.,WHO AM I,0.02
waveform*,Blythe,0.02
Gene,New Amusements,0.02
Random Encounters,Kindergarten: the Musical,0.02
Swørn,Butterfly,0.02
Cities Aviv,Standing by the 260,0.02
Thaiboy Digital,I Go I Go,0.02
Jane Remover,Goldfish,0.02
Chezile,Run Away,0.02
Original Broadway Cast Of Matilda The Musical,When I Grow up (feat. Lauren Ward & Bailey Ryon),0.02
Queen,My Fairy King - Remastered 2011,0.02
Ethel Cain,Misuse Oh,0.02
Iggy Azalea,Fancy,0.02
AJR,Bang!,0.02
Earl Sweatshirt,"Sasquatch (feat. Tyler, The Creator)",0.02
Psychedelic Porn Crumpets,Found God in a Tomato,0.02
Whitney Houston,Do You Hear What I Hear?,0.02
Dead Or Alive,You Spin Me Round (Like a Record),0.02
Vince Staples,So What? - Episode 01,0.02
Armand Hammer,King Tubby,0.02
Led Zeppelin,Four Sticks - Remaster,0.02
Alex G,Morning,0.02
Waxahatchee,Lilacs,0.02
Everything But The Girl,Get Me,0.02
Il Divo,O Holy Night,0.02
Traxman,Footworkin On Air,0.02
Yaya Bey,pour up,0.02
The Crystals,Rudolph the Red-Nosed Reindeer,0.02
Coast Modern,Tiny Umbrella,0.02
Nicholas Craven,Cordon Bleu,0.02
Ronald Binge,Sailing By (Radio 4 Theme),0.02
AC/DC,Touch Too Much,0.02
Masked Wolf,Astronaut In The Ocean,0.02
Johann Sebastian Bach,"Choral ""Herzlich tut mich verlangen"", BWV 727",0.02
Otis Redding,Try a Little Tenderness,0.02
Rina Sawayama,STFU!,0.02
Kate Nash,Foundations,0.02
Kristen Bell,"Do You Want to Build a Snowman? - From ""Frozen""/Soundtrack Version",0.02
Led Zeppelin,Moby Dick,0.02
The Dare,Perfume,0.02
Mên An Tol,Lucky,0.02
Charlie Mole,Extravaganza,0.02
Douglas Hodge,Pure Imagination,0.02
Tame Impala,Dracula,0.02
Mannequin Pussy,Loud Bark,0.02
The Beatles,"Mailman, Bring Me No More Blues - Anthology 3 Version",0.02
Sister Sledge,We Are Family,0.02
Yung Lean,Hennessy & Sailor Moon,0.02
Oliver Tree,Hurt,0.02
AJJ,People Ii: The Reckoning,0.02
Orion Sun,Mirage,0.02
Weezer,Undone - The Sweater Song,0.02
vowl.,imagine,0.02
Little Circuits,Beautiful Imagination,0.02
The Hellp,Confluence,0.02
Everything But The Girl,Walking to You,0.02
RM,Domodachi (feat. Little Simz),0.02
WALK THE MOON,Shut Up and Dance,0.02
Hovvdy,claws,0.02
STONE,Leave It Out,0.02
Jeff Williams,I May Fall (feat. Casey Lee Williams),0.02
Nox Arcana,Phantom Toccata,0.02
Grant Green,Maybe Tomorrow,0.02
Sia,Move Your Body,0.02
Dylan Brady,I'll Make You Miss Me All The Time,0.02
Mild High Club,Note to Self,0.02
Ice Nine Kills,Wurst Vacation,0.02
Leftfield,A Final Hit,0.02
Viper,That There's A Stash Spot,0.02
Julee Cruise,Floating,0.02
Khalid,Saved,0.02
SOPHIE,Whole New World - Sophie and Doss Remix,0.02
McFly,Five Colours In Her Hair,0.02
Playboi Carti,New Choppa,0.02
William Basinski,Disintegration Loops (1.1 Excerpt I),0.02
DJ Shadow,Our Pathetic Age (feat. Samuel T. Herring),0.02
Ruelle,War of Hearts (Acoustic Version),0.02
100 gecs,xXXi_wud_nvrstøp_ÜXXx (99jakes Remix),0.02
Angel Olsen,Some things Cosmic,0.02
D'Angelo,Send It On,0.02
Fitz and The Tantrums,Fool,0.02
Viper,I'm That S-West Blood,0.02
clipping.,Looking Like Meat,0.02
The Soul Superiors,Trust In Me Baby,0.02
Ryley Walker,Striking Down Your Big Premiere,0.02
TK from Ling tosite sigure,unravel,0.02
Coldplay,Only Superstition,0.02
Okay Kaya,Guttural Sounds,0.02
David Bowie,Ashes to Ashes - 2017 Remaster,0.02
ABBA,Waterloo,0.02
Turnstile,SLOWDIVE,0.02
Cousin Stizz,Butterfly,0.02
Holly St. James,That's Not Love,0.02
Original Cast of Billy Elliot,The Stars Look Down,0.02
Billie Eilish,Ocean Eyes - Astronomyy Remix,0.02
Bob B. Soxx & The Blue Jeans,Here Comes Santa Claus,0.02
Bladee,YUNG SHERMAN (feat. Yung Sherman),0.02
Joss Baselli,L'Avignonaise,0.02
Blur,The Narcissist,0.02
Peter Gabriel,Heroes,0.02
Simon & Garfunkel,"Mrs. Robinson - From ""The Graduate"" Soundtrack",0.02
Daniel Caesar,Japanese Denim,0.02
cbakl,Gods,0.02
The 1975,TOOTIMETOOTIMETOOTIME,0.02
A$AP Mob,"Telephone Calls (feat. A$AP Rocky, Tyler, The Creator, Playboi Carti & Yung Gleesh)",0.02
The Weeknd,False Alarm,0.02
Green Day,Take the Money and Crawl,0.02
John Lennon,Gimme Some Truth - Remastered 2010,0.02
SAYMYNAME,Swerve,0.02
The Saturdays,When Love Takes Over,0.02
Charles Mingus,Track C-Group Dancers,0.02
Jon Brion,"Theme - From ""Eternal Sunshine of the Spotless Mind""/Score",0.02
TeamFourStar,Day of Fate ~Spirit VS Spirit~,0.02
Gorillaz,Detroit,0.02
Piero Piccioni,"Boom del Traffico (From ""Tutto A Posto E Niente In Ordine"")",0.02
Cameron Winter,Vines,0.02
A Tribe Called Quest,Electric Relaxation - Properly Relaxed Mix,0.02
The Ronettes,I Saw Mommy Kissing Santa Claus,0.02
SHINee,Sherlock (Clue + Note),0.02
THE BOBBY LEES,Guttermilk,0.02
Kamasi Washington,Desire,0.02
The Beatles,Why Don't We Do It In The Road? - 2018 Mix,0.02
Johnny Cash,Ring of Fire,0.02
Vampire Weekend,Mary Boone,0.02
Chappell Roan,"Good Luck, Babe!",0.02
The I.L.Y's,Articulate (Im Going so Far into You),0.02
Bob Vylan,Health Is Wealth,0.02
Generationals,Put a Light On,0.02
Joey Bada$$,Shine,0.02
The Lumineers,Slow It Down,0.02
c678924,\\\,0.02
Full Of Hell,Deluminate,0.02
The Microphones,The Pull,0.02
Chris Vrenna,The Funhouse,0.02
Shirley Collins,Hares On The Mountain,0.02
Archie Bell & The Drells,Here I Go Again,0.02
Blonde Redhead,Girl Boy,0.02
Mal Waldron,All Alone,0.02
Cookin Soul,Thug Till It's Over,0.02
Adolescents,Self Destruct,0.02
Zara Larsson,Ruin My Life,0.02
abbot,Oxygen,0.02
Alex G,JLB's Story,0.02
The Spinners,The Twelve Days of Christmas,0.02
Xori,Dreamin,0.02
2nd Exit,Intro - 2 Bars,0.02
Tanna Leone,Heartbreaker,0.02
Elton John,Saturday Night’s Alright (For Fighting) - Remastered 2014,0.02
Joan Jett & the Blackhearts,I Love Rock 'N Roll,0.02
Blue Blood,God Rest Ye Merry Gentlemen,0.02
Sia,"Genius (feat. Sia, Diplo, and Labrinth)",0.02
Loretta Lynn,Act Naturally,0.02
Teen Suicide,Dye my hair,0.02
Cavetown,Feb 14 - Live at Hoxton Hall,0.02
The 1975,The Sound,0.02
Stevie Wonder,"Signed, Sealed, Delivered (I'm Yours)",0.02
SHINee,Replay,0.02
The Ronettes,Frosty the Snowman,0.02
Anderson .Paak,Who R U?,0.02
Panchiko,Laputa Theme Cover,0.02
Foo Fighters,Run,0.02
Elton John,Take Me To The Pilot - UK-Release Mix,0.02
Eartha Kitt,Santa Baby,0.02
Christina Vantzou,Strange Symptoms,0.02
dandelion hands,How To Never Stop Being Sad,0.02
American Football,I'll See You When We're Both Not So Emotional,0.02
稲垣次郎とソウル・メディア,ジェントル・ウェイヴ,0.02
CHRIST DILLINGER,DONALD TRUMP,0.02
Pitbull,Hey Ma (with Pitbull & J Balvin feat. Camila Cabello),0.02
This Heat,Not Waving,0.02
Have A Nice Life,Sea of Worry,0.02
Beck,Loser,0.02
The End of Electronics,Night,0.02
The Beatles,Something / Blue Jay Way,0.02
Armand Hammer,Alternate Side Parking,0.02
BIGBABYGUCCI,Pressure + Layers,0.02
Dua Lipa,New Rules,0.02
USHER,DJ Got Us Fallin' In Love (feat. Pitbull),0.02
metr,Rhythm of the Night,0.02
The Magnetic Fields,Absolutely Cuckoo,0.02
Unison,Blood Blood Blood !!,0.02
Panchiko,NeilSSong,0.02
Reverend And The Makers,God Is in the TV,0.02
MAGIC GIANT,Jade,0.02
Grian Chatten,Season For Pain,0.02
Terrace Martin,From My Heart and My Soul (feat. Phoelix),0.02
The Smiths,This Night Has Opened My Eyes - 2011 Remaster,0.02
Lorde,Swingin Party,0.02
Gorillaz,Sex Murder Party (feat. Jamie Principle & Zebra Katz),0.02
De La Soul,Rock Co.Kane Flow (feat. MF DOOM),0.02
Yung Lean,Highway Patrol,0.02
Forsaken Autumn,Limpid,0.02
The Rolling Stones,Sympathy For The Devil - 50th Anniversary Edition,0.02
Makaveli,Political Soldiers,0.02
Daft Punk,Instant Crush (Drumless Edition) (feat. Julian Casablancas),0.02
Barry Bostwick,Super Heroes,0.02
Crass,Banned from the Roxy,0.02
Ojerime,I Know Now (2003),0.02
AJR,Let the Games Begin,0.02
ARMNHMR,WANT U (feat. Lilianna Wilde) [tofû Remix],0.02
Black Moth Super Rainbow,I Am the Alphabet,0.02
Jerskin Fendrix,Sk1,0.02
The Smiths,Barbarism Begins at Home - 2011 Remaster,0.02
２８１４,Arcadia,0.02
Sun Ra,Door of the Cosmos,0.02
Benny The Butcher,One Way Flight (feat. Freddie Gibbs),0.02
Algernon Cadwallader,Spit Fountain,0.02
Paramore,Ignorance - Acoustic,0.02
Fiddlehead,The Years,0.02
JW Francis,"John, Take Me With You",0.02
Lily Chou-Chou,グライド,0.02
James Monroe Iglehart,Arabian Nights,0.02
Cisco Swank,i don't know why,0.02
Rural Internet,Icarus,0.02
Metallica,The Call Of Ktulu - Remastered,0.02
100 gecs,toothless,0.02
Body Meat,No Garden,0.02
MadeinTYO,HUNNIDDOLLA,0.02
James Brown & The Famous Flames,Merry Christmas Baby,0.02
Nuxe,it's ok to leave,0.02
Yoshi T.,MISS JANE,0.02
sunn O))),It Took the Night to Believe,0.02
Lumpy And The Dumpers,Huff My Sack,0.02
Pink Floyd,Alan's Psychedelic Breakfast - 2011 Remaster,0.02
"Hey, Ily",The Tempest,0.02
The Lonely Island,Karate Guy,0.02
Wilco,Red-Eyed and Blue - 2017 Remaster,0.02
Green Day,Alison - Demo,0.02
Pebbledash,Asha's Waltz,0.02
Oasis,Stand By Me - Remastered,0.02
Max Frost,$Dreams,0.02
Drumagick,Easy Boom,0.02
Alma Cogan,Never Do a Tango with an Eskimo,0.02
LCD Soundsystem,american dream,0.02
Kenny Loggins,"Playing with the Boys - From ""Top Gun"" Original Soundtrack",0.02
Ariel Pink,Lipstick,0.02
Magdalena Bay,Feeling DiskInserted?,0.02
Ramones,I Wanna Be Sedated,0.02
Alex G,Hope,0.02
You'll Never Get to Heaven,Exquisite Tension,0.02
Home Is Where,Dob Bylan,0.01
Red Vox,In the Garden,0.01
Sly & The Family Stone,(You Caught Me) Smilin' - Single Version,0.01
Adam Jacobs,One Jump Ahead,0.01
Everything Everything,No Reptiles,0.01
Julee Cruise,I Remember,0.01
Adam Faith,Lonely Pup (In a Christmas Shop),0.01
Jason Tai,Hyde Park,0.01
Vince Staples,Shame On The Devil,0.01
Tyler Bates,Theda,0.01
CHIC,Good Times,0.01
Cisco Swank,Joint 3,0.01
Lemon Demon,The Machine,0.01
Tyler Bates,Headlights,0.01
King Crimson,I Talk To The Wind,0.01
Quiet Riot,Cum on Feel the Noize,0.01
John Cale,Paris 1919,0.01
Lexi Walker,Don't Rain on My Parade,0.01
Olivia Newton-John,"Hopelessly Devoted To You - From ""Grease"" Original Motion Picture Soundtrack",0.01
Travis Scott,FE!N (feat. Playboi Carti),0.01
By Storm,In My Town,0.01
Tyler Bates,Go Fetch Your Father,0.01
Mystery Jets,Saturnine,0.01
Done Again,"Natural One [In the Style of ""Folk Implosion""]",0.01
By Storm,Double Trio 2,0.01
The Meters,Cissy Strut,0.01
Tomppabeats,Blossom Samurai (Michita - Softtyms Reflip),0.01
Kaskade,On Your Mind,0.01
Yoshi T.,MAYBE NEXT YEAR,0.01
ssshhhiiittt!,Корабль,0.01
PUP,My Life Is Over and I Couldn't Be Happier,0.01
Kehlani,Butterfly,0.01
Clown Core,Toilet,0.01
Dehd,Lucky,0.01
Yo La Tengo,Return to Hot Chicken,0.01
Robert Fripp,Music For Quiet Moments 8 - Evensong - Sutton 3 Jun 2006,0.01
Magrudergrind,The Protocols Of Anti-Sound,0.01
Queens of the Stone Age,Straight Jacket Fitting,0.01
Bill Medley,"(I've Had) The Time Of My Life - From ""Dirty Dancing"" Soundtrack",0.01
Cliff Richard,Have Yourself a Merry Little Christmas - Remix 2003,0.01
Snail Mail,Heat Wave,0.01
Body Meat,Nairobi Flex,0.01
Courtney Barnett,Avant Gardener,0.01
Dead in the Dirt,Strength Through Restraint,0.01
Altar Of Plagues,God Alone,0.01
Michael Abels,Blood Rain,0.01
i9bonsai,funee monkee gif,0.01
Metallica,Whiplash - Remastered,0.01
Ghost and Pals,Honey I'm Home,0.01
Chris Vrenna,Pool of Tears,0.01
Sunami,Contempt of Cop,0.01
Joyce Manor,Catalina Fight Song,0.01
Peggy Gou,(It Goes Like) Nanana - Edit,0.01
acloudyskye,A Drowning Cry,0.01
Take Care,"Think Of Me Once In A While, Take Care",0.01
Stephanie Beatriz,Waiting On A Miracle,0.01
K'NAAN,Immigrants (We Get The Job Done),0.01
Trey Parker,Boogers & Cum (Live),0.01
SONIKKU,Sweat - SOPHIE Remix,0.01
Teen Idles,Get Up And Go,0.01
grentperez,Cherry Wine,0.01
Bon Jovi,Livin' On A Prayer,0.01
Nas,Memory Lane (Sittin' in da Park),0.01
By the End of Summer,Phony,0.01
Radiator Hospital,Our Song,0.01
Mach-Hommy,COPY COLD,0.01
Oscar Peterson,Blue And Sentimental,0.01
Helvetia,RyBro,0.01
Leah Greenhaus,I Know It's Today,0.01
T.77,awake1,0.01
The Undertones,Teenage Kicks,0.01
hako,listen!,0.01
King Crimson,Moonchild,0.01
Danny Burstein,Welcome To The Moulin Rouge!,0.01
Lean Low,Fat Stack - Remix,0.01
Arlo Parks,Devotion,0.01
Chihei Hatakeyama,Breaking Dawn,0.01
Art Garfunkel,Waters of March,0.01
King Crimson,Epitaph,0.01
Radiohead,Electioneering - Remastered,0.01
Dismemberment Plan,What Do You Want Me to Say?,0.01
Panchiko,No. 8,0.01
bo en,Every Day,0.01
ericdoa,movinglikeazombie,0.01
Asian Glow,No Exit,0.01
Peggy Gou,In Sum,0.01
Fievel Is Glauque,Simple Affairs,0.01
Amesoeurs,Heurt,0.01
Bran Van 3000,Cum on Feel the Noize,0.01
The Body,Nothing Stirs,0.01
Sly & The Family Stone,Time,0.01
Alice Phoebe Lou,Angel,0.01
COIN,Miranda Beach,0.01
MGMT,Whistling Past the Graveyard,0.01
Nada Surf,Popular,0.01
Lil Ugly Mane,needledrinker,0.01
Bill Evans,Romain - Alt. Take,0.01
Rezz,Sacrificial,0.01
FEET,Can't Get In,0.01
The National,This Isn't Helping (feat. Phoebe Bridgers),0.01
Abra Cadabra,On Deck,0.01
Squid,Houseplants,0.01
Bad Nerves,Baby Drummer,0.01
Susumu Yokota,Long Long Silk Bridge,0.01
Nia Archives,Luv Like,0.01
The Herbaliser,Excuse Me,0.01
The Supremes,You Can't Hurry Love,0.01
Bill Evans Trio,Young And Foolish,0.01
Original West End Cast of Everybody's Talking About Jamie,Prom Song,0.01
Alex G,You Can't Stop Me,0.01
Max Frost,Adderall,0.01
Sly & The Family Stone,"Thank You for Talkin' to Me, Africa",0.01
Youth Lagoon,Afternoon,0.01
Phoebe Bridgers,Summer's End - Spotify Singles,0.01
Rural Internet,CRASH BLOSSOMS,0.01
I Hate Sex,January 24,0.01
grandson,Overdose,0.01
Metallica,Ride The Lightning - Remastered,0.01
Joji,SLOW DANCING IN THE DARK,0.01
Wet Leg,Wet Dream,0.01
Gorillaz,The Hardest Thing (feat. Tony Allen),0.01
Loving,Forgot Again,0.01
Lizzo,Pink,0.01
Billy Joel,The Longest Time,0.01
Loving,Nihilist Kite Flyer,0.01
Mac DeMarco,Cooking Up Something Good,0.01
JPEGMAFIA,JIHAD JOE,0.01
Mitski,Nobody,0.01
Jeff Williams,Agent Tex,0.01
Harley Poe,I Wanna Die,0.01
Nick Cave,All The Gold In California - From The HBO Series True Detective,0.01
slowthai,R.I.P,0.01
Jason Tai,Sunken Crypt,0.01
Saint Motel,Getaway,0.01
Starship,Nothing's Gonna Stop Us Now,0.01
SALEM,Redlights,0.01
Echo & the Bunnymen,Bring on the Dancing Horses,0.01
Lantlôs,Pulse/ Surreal,0.01
Hiroshi Yoshimura,Urban Snow,0.01
Sly & The Family Stone,Runnin' Away - Single Version,0.01
Lemon Demon,The Too Much Song,0.01
Taylor Swift,seven,0.01
Yo La Tengo,My Little Corner of the World,0.01
Modern Baseball,Mass,0.01
Drugdealer,Sea of Nothing,0.01
Adam Pascal,What You Own,0.01
DUSTY LOCANE,ROLLIN N CONTROLLIN FREESTYLE,0.01
Dario Marianelli,Curtain,0.01
The Crane Wives,Tongues & Teeth,0.01
Jon McKiel,Mourning Dove,0.01
King Crimson,The Court Of The Crimson King,0.01
Charli xcx,Crash,0.01
Lil Ugly Mane,who's gettin rich?,0.01
Bladee,Inferno,0.01
Joy Division,Isolation - 2007 Remaster,0.01
Rezz,Edge,0.01
Sweet Trip,Conservation of Two,0.01
Ariel Pink,Another Weekend,0.01
Baby Keem,16,0.01
Fuzz,21st Century Schizoid Man,0.01
Saetia,Venus and Bacchus,0.01
Ledisi,Pieces Of Me,0.01
Matt Maltese,Curl up & Die,0.01
Italia 90,An Episode,0.01
Party in Backyard,Bitch Lasagna (Remix),0.01
Starry Cat,Possession (Quiet),0.01
Danny Brown,Dirty Laundry,0.01
Tyler Bates,Pumping Gas,0.01
Unknown Mortal Orchestra,So Good At Being in Trouble,0.01
Depeche Mode,To Have and to Hold,0.01
San Holo,show me,0.01
Nathan Evans,Wellerman - Sea Shanty,0.01
Black Honey,OK,0.01
Viper,This Is How I Ball,0.01
Gorillaz,MLS (feat. JPEGMAFIA and CHAI),0.01
Have A Nice Life,The Icon and the Axe,0.01
Brushy One String,Chicken In The Corn,0.01
broox,Mom,0.01
GROUPLOVE,Tongue Tied,0.01
ミドリ,5拍子,0.01
Fontaines D.C.,The Cuckoo Is A-Callin',0.01
Stevie Wonder,I Love You Too Much,0.01
Cat Power,Sea of Love,0.01
Maxo,Gold Man,0.01
Lightning Bolt,13 Monsters,0.01
Street Sects,Fourteen Frames,0.01
BossMan Dlow,The Biggest,0.01
Metallica,Jump In The Fire - Remastered,0.01
Tony Murena,Mélancolie,0.01
John Shuttleworth,I Can't Go Back To Savoury Now,0.01
Yung Lean,Yoshi City,0.01
I DONT KNOW HOW BUT THEY FOUND ME,Social Climb,0.01
Stevie Wonder,Go Home,0.01
New Order,Leave Me Alone - 2015 Remaster,0.01
J Dilla,So Far to Go,0.01
B. Cool-Aid,soundgood,0.01
Beyoncé,BREAK MY SOUL - THE QUEENS REMIX,0.01
Aphex Twin,4 bit 9d api+e+6 [126.26],0.01
Radiohead,Fitter Happier - Remastered,0.01
Led Zeppelin,Stairway to Heaven - (Live at MSG 1973) [Remaster],0.01
Yung Lean,Ghosts,0.01
Blur,Song 2,0.01
Noah Gundersen,Atlantis,0.01
Palehound,Cinnamon,0.01
Ghais Guevara,Kidnap Mark Cuban Then Hide Away In Cuba,0.01
21 Savage,Vette,0.01
Dawn Penn,You Don't Love Me - No No No,0.01
Wham!,Last Christmas - Pudding Mix,0.01
Kid Cudi,The Adventures of Moon Man & Slim Shady (with Eminem),0.01
Total Science,Jungle Jungle,0.01
Fleet Foxes,Sunblind,0.01
Saint Motel,Local Long Distance Relationship (LA2NY),0.01
MASS OF THE FERMENTING DREGS,ひきずるビート,0.01
The Smiths,Heaven Knows I'm Miserable Now - 2011 Remaster,0.01
Metro Boomin,Overdue (with Travis Scott),0.01
Iglooghost,Eœ (Disk•Initiate),0.01
Rihanna,Needed Me,0.01
Nat King Cole,Silent Night,0.01
Boards of Canada,Over The Horizon Radar,0.01
Sam Smith,Dancing With A Stranger (with Normani),0.01
Looking Glass,Brandy (You're a Fine Girl),0.01
吳小平,金樂第二部份,0.01
PJ Harvey,When Under Ether,0.01
KFC Murder Chicks,Tsundere,0.01
Madlib,The Strip,0.01
Car Seat Headrest,open-mouthed boy,0.01
Dev Lemons,Don't You See The Time,0.01
Home,On The Way Out,0.01
Pinegrove,Habitat,0.01
Godspeed You! Black Emperor,"Anthem for No State, Pt. III",0.01
Ella Fitzgerald,The Christmas Song,0.01
Jimi Hendrix,Are You Experienced?,0.01
Adam Pascal,One Song Glory,0.01
Yusef Lateef,Love Theme From Spartacus - Rudy Van Gelder Remaster / 2006,0.01
Pink Siifu,UPTOWN..'!!,0.01
Ben Reilly,Maytag (Tax Free),0.01
Thouxanbanfauni,AMERICAN MUSCLE,0.01
The Folk Implosion,Mood Swing,0.01
wilt,bite my tongue,0.01
Lord Huron,The Night We Met (feat. Phoebe Bridgers),0.01
fat jon,Then,0.01
Nicki Minaj,Barbie World (with Aqua),0.01
Body Meat,Shopping,0.01
Backxwash,Spells,0.01
The Streets,Could Well Be In,0.01
Fox Academy,Make Me Cry,0.01
N.W.A.,Appetite For Destruction,0.01
Fall Out Boy,Of All The Gin Joints In All The World,0.01
Animal Collective,Leaf House,0.01
Michael Jackson,Human Nature,0.01
Dean Blunt,WHITE GRRRL WASTED,0.01
Pink Siifu,RINKS’!,0.01
Kavinsky,Nightcall,0.01
Sly & The Family Stone,Spaced Cowboy,0.01
Lil Nas X,HOLIDAY,0.01
Taylor Swift,this is me trying,0.01
Adrianne Lenker,Jonathan,0.01
De La Soul,Buddy,0.01
Lincoln,Smokey Eyes,0.01
Black Honey,Heavy,0.01
Michael Abels,Growing Up Haywood,0.01
Windows 96,Deep Swim,0.01
Ariana Grande,Jason's Song (Gave It Away),0.01
Xiu Xiu,Don Diasco,0.01
De La Soul,Plug Tunin' (Last Chance to Comprehend),0.01
Pink Floyd,Summer '68 - 2011 Remaster,0.01
Jeremy Zucker,comethru,0.01
MACABRE,What's That Smell?,0.01
Here's The Steeple,Kindling,0.01
Ethel Cain,Antlers,0.01
Oliver Tree,Introspective,0.01
Smokey Robinson & The Miracles,Ooo Baby Baby,0.01
Godspeed You! Black Emperor,Outro,0.01
EQ Why,Big Booty Savage,0.01
Bilk,Spiked,0.01
Wild Planet,Electron,0.01
Dua Lipa,Dance The Night,0.01
The Lost Generation,This Is The Lost Generation,0.01
Babe Rainbow,Love Forever,0.01
Machinefabriek,Hanging,0.01
Bluedoom,I Was Thinking About Us,0.01
The Streets,Blinded by the Lights,0.01
bbno$,edamame,0.01
De La Soul,Take It Off,0.01
DJ Mitsu The Beats,A Little Piano,0.01
Taylor Swift,invisible string,0.01
Hermit and the Recluse,Sirens,0.01
Donna Mcghee,Make It Last Forever - 2012 - Remaster,0.01
Jason Tai,Radcliffe's Fate,0.01
Wes Montgomery,Days Of Wine And Roses,0.01
Yoko Takahashi,残酷な天使のテーゼ (Directors Edit Version),0.01
Yung Bae,Fly with Me,0.01
Victoria Monét,We Might Even Be Falling In Love (Interlude),0.01
Sleeper,Statuesque,0.01
The National,Laugh Track (feat. Phoebe Bridgers),0.01
Talking Heads,Sugar on My Tongue - 2024 Remaster,0.01
Michael Andrews,Gretchen Ross,0.01
Lexa Gates,Angel,0.0
Charlie Mole,The Seduction,0.0
Ryo Fukui,ホライゾン,0.0
Chihei Hatakeyama,Les Paul Sanitarium,0.0
The Beatles,I'm So Tired - 2018 Mix,0.0
Genesis Owusu,WUTD,0.0
Surfing,Moonlight,0.0
Javier Martinez Maya,Putting on the Ritz,0.0
Michael Abels,Man Down,0.0
Tom Francis,No One Ever Leaves A Star,0.0
Lightning Bolt,Blow To The Head,0.0
Andy Shauf,The Magician,0.0
Neil Diamond,Solitary Man,0.0
Wednesday,Fate Is...,0.0
Halsey,Control,0.0
The Unicorns,Let's Get Known,0.0
Crass,Do They Owe Us a Living?,0.0
Masatoshi Ono,Departure!,0.0
Stevie Wonder,Land Of La La,0.0
Thou,The Hammer,0.0
Blood Orange,Countryside,0.0
The Unicorns,Ready to Die,0.0
Regina Spektor,That Time,0.0
Phoebe Bridgers,Friday I’m In Love - Recorded at Spotify Studios NYC,0.0
Dean Blunt,The Narcissist,0.0
The Last Shadow Puppets,In The Heat Of The Morning,0.0
billy woods,Misery,0.0
redveil,Weight,0.0
Deafheaven,In Blur,0.0
Everything But The Girl,Disenchanted - 2013 Remaster,0.0
Everything But The Girl,Walking to You - 2013 Remaster,0.0
Stevie Wonder,Stranger On The Shore Of Love,0.0
Peach Pit,Shampoo Bottles,0.0
Big Sean,"Friday Night Cypher (feat. Tee Grizzley, Kash Doll, Cash Kidd, Payroll, 42 Dugg, Boldy James, Drego, Sada Baby, Royce Da 5'9"", and Eminem)",0.0
3D BLAST,Beyond Nostalgia,0.0
Memo Boy,Sosry,0.0
Stevie Wonder,Spiritual Walkers,0.0
Prof,Chitty Bang,0.0
Everything But The Girl,Get Me - 2013 Remaster,0.0
Arcade Fire,The Suburbs,0.0
Overmono,Quadraluv,0.0
Steve Earle,Devil Put the Coal in the Ground,0.0
Joji,NO FUN,0.0
Viper,Merciless,0.0
Everything But The Girl,25th December,0.0
Everything But The Girl,I Don't Understand Anything - 2013 Remaster,0.0
John Maus,Bennington (2007),0.0
CHANCE デラソウル,You Will Be There,0.0
Michael Abels,The Unaccounted For,0.0
Everything But The Girl,Two Star - 2013 Remaster,0.0
Ploho,Город устал,0.0
Mareux,Lovers From The Past,0.0
Love,Everybody’s Gotta Live,0.0
ITSOKTOCRY,Running Away,0.0
Autoheart,Stalker's Tango,0.0
Run The Jewels,"36"" Chain (BSBD Remix) - Bonus Track",0.0
Run The Jewels,Sea Legs (Dave Sitek Remix) - Bonus Track,0.0
The Kid LAROI,SAME ENERGY,0.0
U2,Sunday Bloody Sunday - Remastered 2008,0.0
Miles Davis,One and One,0.0
fairies in our house,out,0.0
Everything But The Girl,We Walk the Same Line - 2013 Remaster,0.0
AmaLee,Snow Fairy (Fairy Tail),0.0
Original Broadway Cast Of Matilda The Musical,Revolting Children,0.0
Dave Holland Quartet,Conference Of The Birds,0.0
Grace Jones,Feel Up,0.0
Body Meat,2 Again,0.0
yeule,Pretty Bones,0.0
Stephen Malkmus,Pink India,0.0
Jason Tai,Shadown Scroll,0.0
Freddie Gibbs,Skinny Suge,0.0
Arlo Parks,Pegasus (ft. Phoebe Bridgers),0.0
Sorority Noise,No Halo,0.0
black midi,bmbmbm - Dos Monos Remix,0.0
Faye Webster,Kingston,0.0
Steam Powered Giraffe,Fire Fire,0.0
Sam Gellaitry,Acres,0.0
Show Me the Body,Camp Orchestra,0.0
Melody's Echo Chamber,Shirim,0.0
Crumb,Trophy,0.0
Michael Abels,WTF Is That,0.0
Will Wood and the Tapeworms,Fibrodysplasia Ossificans Progressiva - Live,0.0
Mort Garson,Space Walker,0.0
MASS OF THE FERMENTING DREGS,さんざめく,0.0
Clipse,When the Last Time,0.0
Enjoy,Vape Smoke,0.0
Kacey Musgraves,good wife,0.0
Michael Abels,Not Good,0.0
Sleep Token,Ascensionism,0.0
Arcade Fire,My Body Is a Cage,0.0
American Football,The One With The Wurlitzer,0.0
Max Roach,Lonesome Lover,0.0
Tennyson,Innerspace,0.0
twikipedia,online,0.0
New Order,The Village - 2015 Remaster,0.0
Fishmans,Running Man,0.0
Panchiko,Beat One,0.0
Pere Ubu,Non-Alignment Pact,0.0
Ra Ra Riot,Bad Times,0.0
Miracle Musical,Introduction to the Snow,0.0
Poppy,I Disagree,0.0
Moses Gunn Collective,Shalala,0.0
The Dresden Dolls,Lonesome Organist Rapes Page-Turner,0.0
Jaron,escape,0.0
Jack Conte,Make The Grade,0.0
Jesse L. Martin,Today 4 U,0.0
Deafheaven,You Without End,0.0
Good Charlotte,Lifestyles of the Rich & Famous,0.0
waveform*,Secret,0.0
Lewis Capaldi,Someone You Loved,0.0
Pink Floyd,If - 2011 Remaster,0.0
Christine and the Queens,"People, I've been sad",0.0
Pretty Sick,Dumb,0.0
NateWantsToBattle,The Wrecked and the Worried,0.0
Unwound,Terminus,0.0
Jordaan Mason,I Was Coerced,0.0
Mother Mother,Mouth Of The Devil,0.0
The Smashing Pumpkins,Drown,0.0
Nox Arcana,Hidden Horrors,0.0
NateWantsToBattle,The Day,0.0
Oliver Tree,Let Me Down,0.0
Pink Guy,Fried Noodles,0.0
Mac Miller,2009,0.0
José González,Heartbeats,0.0
Pink Guy,Rice Balls,0.0
tsubi club,burbank house,0.0
Brian Eno,Under Stars - 2005 Mix,0.0
Rory in early 20s,dead waltz,0.0
Passing Currents,Judgment,0.0
The White Stripes,I Just Don't Know What to Do With Myself,0.0
Macabre Plaza,This Song Is Always Playing Inside a Horses Head,0.0
Enjoy,Genetic Tree - Remix,0.0
Puzzle,Crimes,0.0
TOKYOPILL,DESTROY The Wired,0.0
Macabre Plaza,A Devil's Touch in the Midwest,0.0
Generationals,In Green (feat. Sarah Quintana),0.0
Max Frost,Money Problems,0.0
Coast Modern,Cute - Recorded at Spotify Studios NYC,0.0
COIN,Simple Romance,0.0
Capital Cities,Chartreuse,0.0
Mother Mother,Train Of Thought,0.0
The Snuts,Gloria,0.0
Bad Suns,This Was a Home Once,0.0
COIN,Are We Alone?,0.0
Fitz and The Tantrums,Moneygrabber,0.0
Lewis Del Mar,"Puerto Cabezas, NI",0.0
Girls' Generation,Genie,0.0
Mother Mother,Problems,0.0
Fitz and The Tantrums,A Place for Us,0.0
Spoon,Let Me Be Mine,0.0
Coleman Hell,Cold Feet,0.0
George Clanton,Walk Slowly,0.0
t e l e p a t h テレパシー能力者,光る目,0.0
Sweet Trip,Pretending,0.0
Eyeliner,Pinot Noir,0.0
architecture in tokyo,SUMMER NEVER ENDS,0.0
Blank Banshee,Photosynthesis,0.0
Hole,Violet,0.0
Mother Mother,Get Up,0.0
Fitz and The Tantrums,Tricky,0.0
Foster The People,Pay the Man,0.0
Miike Snow,Genghis Khan,0.0
COIN,Feeling,0.0
The Japanese House,Sunshine Baby,0.0
Paris Paloma,labour,0.0
Mndsgn,Truth Interlude,0.0
Immanuel Wilkins,"Fugitive Ritual, Selah",0.0
George Clanton,Monster,0.0
輕描淡寫,我昨晚夢見你了,0.0
２８１４,2814年頃の情事,0.0
Cocainejesus,She,0.0
Dan Mason ダン·メイソン,Hopefully Forever,0.0
Generationals,Catahoula Man,0.0
Ghost and Pals,Perfect Nothing,0.0
The Crane Wives,The Moon Will Sing,0.0
The Happy Fits,"So Alright, Cool, Whatever",0.0
Big Black,Bad Houses,0.0
shame,One Rizla,0.0
Motorama,Red Drop,0.0
Will Wood and the Tapeworms,Wasting Away Again in Bupropionville - Live,0.0
Generationals,TenTwentyTen,0.0
Corinne Bailey Rae,Put Your Records On,0.0
Yeek,Only in the West,0.0
Generationals,"When They Fight, They Fight",0.0
Lou Reed,Coney Island Baby,0.0
She Wants Revenge,Rachael,0.0
CocoRosie,Lemonade,0.0
The Fray,You Found Me,0.0
The Dresden Dolls,Mrs. O,0.0
Sports Team,Long Hot Summer,0.0
William Crooks,don't look at me!,0.0
CASIOPEA,"テイク・ミー - Live at Chuo Kaikan Hall, Tokyo, Feb. 1982",0.0
Machine Girl,Infinite Potentiality,0.0
Eleven,'Friends don't lie',0.0
Matt Maltese,Strange Time,0.0
Johnny Goth,Ghost Under My Bed,0.0
Calvin Harris,Slide (feat. Frank Ocean & Migos),0.0
Oliver Tompsett,Larger Than Life,0.0
Fleur East,Sax,0.0
Lincoln,Downhill,0.0
AJJ,Distance,0.0
Ken Carson,Teenager Rager,0.0
SahBabii,Ready to Eat,0.0
bo en,sometimes,0.0
Fitz and The Tantrums,Walking Target - Live,0.0
Miike Snow,For U (feat. Charli XCX),0.0
Bad Suns,Rearview,0.0
Jason Tai,Dollhouses,0.0
Jason Tai,Outro,0.0
Ra Ra Riot,Every Time I'm Ready to Hug,0.0
Bad Suns,20 Years,0.0
Vince Staples,Run the Bands,0.0
Don Caballero,Don Caballero 3,0.0
Wire,Three Girl Rhumba - 2006 Remastered Version,0.0
Meat Puppets,Aurora Borealis,0.0
Puzzle,All the Best,0.0
Rome in Silver,Colorblind,0.0
Former Hero,Redwood,0.0
Chuck Sutton,2%,0.0
underscores,feather,0.0
The Alchemist,Sex in the Fountain-Bleu (feat. Meyhem Lauren),0.0
Kyle Bobby Dunn,In Praise of Tears,0.0
High School Musical Cast,"Right Here, Right Now",0.0
Pharoah Sanders,"Village Of The Pharoahs, Part One",0.0
Wayne Shorter,Ponta de Areia,0.0
Freddie Hubbard,Mirrors - Remastered 2004,0.0
The Cure,Fire In Cairo,0.0
jhfly,away,0.0
Gillian Hills,Tut tut tut tut,0.0
The Growlers,Dope on a Rope,0.0
MGMT,Siberian Breaks,0.0
Coast Modern,Guru,0.0
Electric Guest,My Omen,0.0
Ra Ra Riot,Water,0.0
Jukebox The Ghost,Stay the Night,0.0
Chuck Sutton,Tomorrow,0.0
six impala,Toy Car,0.0
Sam Gellaitry,A New Dawn,0.0
Chuck Sutton,Big Body Sheka,0.0
FROMTHEHEART,5T4YTRU,0.0
Cher,Believe,0.0
OGRE YOU ASSHOLE,バランス(from 浮かれている人twilight edition EP),0.0
Dazey and the Scouts,Wet,0.0
Fog Lake,Side Effects,0.0
Johnny Goth,Dancin Closer to the Edge,0.0
Bedroom,In My Head,0.0
Michael Abels,Em & Angel Fly,0.0
Dizzee Rascal,I Luv U - Remix,0.0
Record Setter,Sometimes,0.0
Ken Carson,Rock N Roll,0.0
Fall Out Boy,The Kids Aren't Alright,0.0
mitsume,Basic,0.0
Parquet Courts,Borrowed Time,0.0
Metronomy,The Look,0.0
Deltron 3030,3030,0.0
The Music Tapes,Nantasket,0.0
Fishmans,なんてったの - Live,0.0
Haruomi Hosono,スポーツマン (2019 Remastering),0.0
MASS OF THE FERMENTING DREGS,Sugar,0.0
Fishmans,バックビートにのっかって,0.0
Wizzard,Eddy's Rock,0.0
A L E X,The Burn Marks on My Epiano Wont Go Away,0.0
Michael Abels,The Run (Urban Legends),0.0
Michael Abels,Havoc,0.0
Michael Abels,Abduction,0.0
Kodak Black,Tunnel Vision,0.0
Knapsack,Synth Grass,0.0
Kaneko Ayano,ロマンス宣言,0.0
mitsume,あこがれ,0.0
Fishmans,WALKING IN THE RHYTHM - Live,0.0
Taeko Onuki,Summer Connection,0.0
Fishmans,Nantettano,0.0
Kaneko Ayano,愛のままを,0.0
Radiohead,Karma Police - Remastered,0.0
Radiohead,Let Down - Remastered,0.0
Ollie MN,Please Never Fall in Love Again,0.0
Fox Academy,Pretty,0.0
Average White Band,I'm the One,0.0
Qwes1,Machine Worx-La Maquina!,0.0
The Folk Implosion,Had To Find Out,0.0
Digable Planets,Where I'm From,0.0
Mal Waldron,Warm Canto,0.0
The Replacements,Swingin Party - 2008 Remaster,0.0
Deerhunter,Desire Lines,0.0
Big Thief,UFOF,0.0
Sharon Van Etten,The End of the World,0.0
Bill Evans Trio,Waltz For Debby - Live / Take 1,0.0
Micah Preite,A Steady Spine,0.0
sundots,small,0.0
Asian Glow,Center,0.0
fairies in our house,backwards,0.0
The Happy Fits,Best Tears,0.0
The Fall,Bill Is Dead,0.0
Bill Evans Trio,"Porgy (I Loves You, Porgy) - Live",0.0
Rihanna,Pon de Replay,0.0
A L E X,Iloveyou,0.0
The Voidz,Human Sadness,0.0
Moses Sumney,Make Out in My Car - Sufjan Stevens Version,0.0
セキトオ・シゲオ,いそしぎ,0.0
Haruomi Hosono,Rock-A-Bye My Baby,0.0
Taeko Onuki,Tokai,0.0
Fishmans,Dareka wo Sagasou,0.0
Kaneko Ayano,抱擁,0.0
Lamp,シンフォニー,0.0
Women,Everyone Is So In Love With You,0.0
This Heat,Twilight Furniture,0.0
Sibylle Baier,Tonight,0.0
Matt Elliott,Crisis Apparition,0.0
Acid Bath,Cheap Vodka,0.0
Boris,You Laughed Like A Water Mark,0.0
Hella,1-800-GHOST-DANCE,0.0
Tim Hecker,Dungeoneering,0.0
blink-182,First Date,0.0
Perfume Genius,Jason,0.0
Thaiboy Digital,Tiger,0.0
Post Animal,When I Get Home,0.0
Mort Garson,Is He Trying to Tell Us Something? - Instrumental,0.0
John Maus,Just Wait Til Next Year,0.0
Pink Guy,Stfu,0.0
Sorority Noise,"Blonde Hair, Black Lungs",0.0
Nas,One Love (feat. Q-Tip),0.0
Electric Wizard,Funeralopolis,0.0
Unwound,Kantina,0.0
Melvins,Civilized Worm,0.0
Hella,Been a Long Time Cousin,0.0
Les Rallizes Dénudés,Enter The Mirror (Studio Session: mars Studio 1980/09/04-06),0.0
mitsume,エスパー,0.0
Ichiko Aoba,不和リン,0.0
MASS OF THE FERMENTING DREGS,No New World,0.0
Supercar,Lucky,0.0
Have A Nice Life,Music Will Untune the Sky,0.0
Have A Nice Life,Burial Society,0.0
Sparklehorse,It's A Wonderful Life,0.0
Fleet Foxes,Featherweight,0.0
Anthony Rapp,Rent,0.0
Full Tac,SIMP (feat. Lil Mariko & Rico Nasty),0.0
Dr. Dog,The Breeze,0.0
Father John Misty,To R.,0.0
Thelonious Monk,"Ruby, My Dear",0.0
COIN,Talk Too Much,0.0
clammbon,Imaginary Folklore,0.0
Fishmans,Chance,0.0
Fishmans,ひこうき - Live,0.0
Quruli,ばらの花,0.0
Nick Cave & The Bad Seeds,Higgs Boson Blues,0.0
KNEECAP,Sick In The Head,0.0
Sentridoh/Lou Barlow,Never Tried,0.0
Seam,Rafael,0.0
Molchat Doma,Крыши,0.0
Buerak,Страсть к курению,0.0
ssshhhiiittt!,Восемь,0.0
Увула,Электрический ток,0.0
Ploho,По краю острова,0.0
Fishmans,Wasurechau Hitotoki,0.0
h hunt,Journeys,0.0
Duster,Earth Moon Transit,0.0
YELLOW MAGIC ORCHESTRA,ライディーン,0.0
Connan Mockasin,"I'm The Man, That Will Find You",0.0
Have A Nice Life,Everything We Forget,0.0
Have A Nice Life,Lords of Tresserhorn,0.0
Have A Nice Life,Emptiness Will Eat the Witch,0.0
Kool Keith,Poppa Large,0.0
Have A Nice Life,Unholy Life,0.0
Have A Nice Life,"Dan and Tim, Reunited by Fate",0.0
Have A Nice Life,Cropsey,0.0
Have A Nice Life,Destinos,0.0
Thom Yorke,Twist,0.0
Teebs,Autumn Antique,0.0
Thom Yorke,Unmade,0.0
Burial,Old Tape,0.0
Against All Logic,Cityfade,0.0
Boards of Canada,Chromakey Dreamcoat,0.0
Daniel Avery,Illusion Of Time,0.0
Have A Nice Life,Dracula Bells,0.0
Suki Waterhouse,Good Looking,0.0
Crumb,So Tired,0.0
Eric's Trip,About You,0.0
Kelly Lee Owens,Re-Wild (Breaka Remix),0.0
Burial,Her Revolution,0.0
Cocteau Twins,Pandora (for Cindy),0.0
Andrew Bird,Roma Fade,0.0
Black Fortune,Ice (feat. Denzel Curry),0.0
Spiritualized,I Want You,0.0
Grandaddy,A.M. 180,0.0
Dean Blunt,Somalia Park,0.0
Actress,Walking Flames,0.0
Dean Blunt,FELONY,0.0
Michael Abels,A Hero Falls,0.0
Michael Abels,Winkin’ Well,0.0
Michael Abels,Nope,0.0
Midnight Fusic,Caramel Cream,0.0
Qwes1,Mind Buzz,0.0
Eric's Trip,Stove,0.0
Starry Cat,Happiness,0.0
WILLOW,b i g f e e l i n g s,0.0
Have A Nice Life,Science Beat,0.0
Have A Nice Life,Trespassers W,0.0
Teebs,Studie,0.0
Burial,Spaceape,0.0
Clark,Amor - C.B. Rework,0.0
Daniel Avery,Lone Swordsman,0.0
Oneohtrix Point Never,Nothing’s Special,0.0
Boards of Canada,In A Beautiful Place Out In The Country,0.0
Burial,Subtemple,0.0
Four Tet,Locked,0.0
Andy Stott,Violence,0.0
Autechre,Bike,0.0
Shlohmo,Places,0.0
Lone,Jaded,0.0
Four Tet,Romantics,0.0
Vegyn,B4 The Computer Crash,0.0
Michael Abels,Pursuit,0.0
King Woman,Boghz,0.0
100 gecs,gec 2 Ü (Remix) [feat. Dorian Electra],0.0
John Fahey,Sunflower River Blues - Re-Recorded Version,0.0
Nick Drake,Milk And Honey,0.0
Yo La Tengo,You Can Have It All,0.0
Lingua Ignota,Jolene,0.0
Imogen Heap,What Have You Done To Me?,0.0
100 gecs,small pipe - live at fishcenter,0.0
Hella,Biblical Violence,0.0
Captain Beefheart & His Magic Band,I'm Glad,0.0
Fox Academy,Choking on Flowers,0.0
Slow Pulp,High,0.0
Ricky Eat Acid,Inside My House; Some Place I Keep Dreaming About,0.0
Michael Abels,Progressive Anxiety,0.0
Bob James,Angela (Theme From Taxi),0.0
The White Stripes,You're Pretty Good Looking (For a Girl),0.0
Burial,Forgive,0.0
Modeselektor,Shipwreck,0.0
moreru,消えない,0.0
I Hate Sex,This Floating World,0.0
I Hate Sex,One by Metallica,0.0
ミドリ,鳩,0.0
Mount Kimbie,You Look Certain (I’m Not So Sure) - WXAXRXP Session,0.0
Burial,Night Bus,0.0
Four Tet,4T Recordings,0.0
Vegyn,I See You Sometimes,0.0
Mount Kimbie,Marilyn,0.0
Thom Yorke,The Mother Lode,0.0
Burial,Nightmarket,0.0
Burial,Prayer,0.0
Simple Minds,Don't You (Forget About Me),0.0
Joy Orbison,swag w/ kav,0.0
Equip,CEMETERY MOONGLOW (in the cold air of the night),0.0
Body Meat,Make Up,0.0
Body Meat,Eraser,0.0
Pink Guy,Goofy's Trial,0.0
Beastie Boys,Pow - Remastered 2009,0.0
Dorian Electra,Daddy Like,0.0
Slint,Carol,0.0
Slint,Nan Ding,0.0
Godspeed You! Black Emperor,"Bosses Hang, Pt. I",0.0
Slint,Cortez the Killer - Live Chicago 1989,0.0
Godspeed You! Black Emperor,Lambs’ Breath,0.0
Miles Davis,Helen Butte / Mr. Freedom X - Unedited Master,0.0
Emma Ruth Rundle,Real Big Sky,0.0
Sonny Rollins,Dancing In The Dark,0.0
Thom Yorke,Hearing Damage,0.0
Squarepusher,Midi Sans Frontieres (Avec Batterie),0.0
Oneohtrix Point Never,Long Road Home,0.0
foxtails,Zzz,0.0
Shin Guard,Sure,0.0
moreru,君の卒業アルバムにカニバリズムについての俳句を書いたよ,0.0
foxtails,Princess Carolyn,0.0
moreru,録画予約,0.0
foxtails,Every Window in Alcatraz Has a View of San Francisco (II),0.0
Love Lost But Not Forgotten,Perfectly Fucked,0.0
Flowers Taped To Pens,Anime Love Story,0.0
moreru,全て終わらすために,0.0
ミドリ,お猿,0.0
Lord Snow,Solitude,0.0
Shin Guard,Soliloquy of the Hourglass,0.0
blink-182,Adam's Song,0.0
Cocteau Twins,"Pearly-Dewdrops' Drops - 7"" Version",0.0
Siouxsie and the Banshees,Into The Light,0.0
The Doors,Blue Sunday,0.0
Screen Frogs,Fly on the Wall,0.0
Playboi Carti,POP OUT,0.0
Belle and Sebastian,The Boy With the Arab Strap,0.0
Michael Abels,What's A Bad Miracle,0.0
Michael Abels,The Oprah Shot,0.0
Fuzz,What's in My Head?,0.0
Otis Redding,These Arms of Mine,0.0
Beastie Boys,In 3's - Remastered 2009,0.0
Jeru The Damaja,Da Bichez,0.0
Brand Nubian,Word is Bond,0.0
O.C.,Time's Up,0.0
Artifacts,Wrong Side of da Tracks,0.0
Michael Abels,Holy Sh*t It's Real,0.0
The Brian Jonestown Massacre,Cause I Love Her,0.0
The Brian Jonestown Massacre,Let Me Stand Next To Your Flower,0.0
Newfound Interest in Connecticut,The Arctic Circle,0.0
Babe Rainbow,Something New,0.0
Bedwetter,Fondly Eulogizing Sleep,0.0
DJ Sabrina The Teenage DJ,Next To Me,0.0
DJ Rozwell,Costclone,0.0
Team Mekano,Spiral 2005 - Total 90s Bliss Remix,0.0
Sugar Candy Mountain,666,0.0
YELLOW MAGIC ORCHESTRA,君に、胸キュン。-浮気なヴァカンス-,0.0
Taeko Onuki,じゃじゃ馬娘,0.0
Shintaro Sakamoto,This World Should Be More Wonderful,0.0
Connan Mockasin,B'nd,0.0
All Time Low,"Dear Maria, Count Me In",0.0
Jimmy Eat World,Sweetness,0.0
John Prine,Spanish Pipedream,0.0
Colter Wall,Kate McCannon,0.0
Saint Motel,Sweet Talk,0.0
Lewis Del Mar,Loud(y),0.0
Parquet Courts,Before the Water Gets Too High,0.0
The Chats,Identity Theft,0.0
The Claypool Lennon Delirium,"Blood and Rockets - Movement I, Saga of Jack Parsons - Movement II, Too The Moon",0.0
Crumb,Thirty-Nine,0.0
Foxygen,San Francisco,0.0
Pond,Pink Lunettes,0.0
Tiësto,I Want You,0.0
Wire,Ex Lion Tamer - 2006 Remastered Version,0.0
Jeff Buckley,Lilac Wine,0.0
Michael Abels,Ancient Aliens,0.0
Michael Abels,It's In The Cloud,0.0
Michael Abels,Park Kids Prank Haywood,0.0
The Voids,A Mess,0.0
Pink Floyd,What Do You Want From Me - Live,0.0
The Strokes,Bad Decisions,0.0
Arctic Monkeys,Secret Door,0.0
Interpol,Evil,0.0
Porridge Radio,Born Confused,0.0
Jukebox The Ghost,A La La,0.0
Fitz and The Tantrums,Get Right Back,0.0
Isaiah Rashad,Darkseid,0.0
Freddie Gibbs,Gat Damn,0.0
Black Star,Definition,0.0
Mick Jenkins,Understood,0.0
Black Star,Respiration,0.0
This Mortal Coil,Kangaroo - Remastered,0.0
Lemon Demon,Jaws,0.0
Jack Stauber,Bothersome,0.0
Stereolab,Ping Pong,0.0
The Music Tapes,In an Ice Palace,0.0
Shin Guard,You Will Be Held Accountable for Your Actions,0.0
Dreamwell,Bury Me,0.0
Fax Gang,Jeopardy,0.0
Asian Glow,A Big Karismatic Dukie,0.0
The Armed,Luxury Themes,0.0
Fievel Is Glauque,the Perfect Idiot,0.0
Eluvium,Virga I (ii),0.0
Brian Eno,Deep Blue Day - Remastered 2005,0.0
Susumu Yokota,Purple Rose Minuet,0.0
Never Loved,Goddamn,0.0
Alex Munguia,My Dreams,0.0
Chris Brown,With You,0.0
Fonzi M,"Fukashigi no Carte (From ""Seishun Buta Yarou wa Bunny Girl Senpai no Yume wo Minai"") [Ending]",0.0
Curren$y,The Count (feat. Wiz Khalifa),0.0
Mary Lattimore,We Wave From Our Boats,0.0
Tim Hecker,Chimeras,0.0
GAS,Pop 1,0.0
mesq,everything that was wrong with you was actually wrong with me,0.0
EDDISON,i'd rather not be alone,0.0
Arm's Length,Watercolour,0.0
Floatie,Shiny,0.0
Algernon Cadwallader,Horror,0.0
Dry Cleaning,New Long Leg,0.0
THE BOBBY LEES,Move,0.0
Afourteen,Somniphobia,0.0
CHRIST DILLINGER,How to Sell Crack,0.0
YUNGMORPHEUS,Chateau d'Yquem,0.0
Suicide,Surrender,0.0
Johnny Cash,God's Gonna Cut You Down,0.0
Buddy Holly,"(Ummmm, Oh Yeah) Dearest",0.0
Archo,Town,0.0
Planning For Burial,Warmth of You,0.0
Duster,"Echo, Bravo",0.0
Pomplamoose,Bust Your Knee Caps - Johnny Don't Leave Me,0.0
Japanese Breakfast,In Heaven,0.0
Fontaines D.C.,Living In America,0.0
Squid,Broadcaster,0.0
Beck,Gamma Ray,0.0
The Roots,You Got Me,0.0
D'Angelo,Higher,0.0
Q-Tip,Won't Trade,0.0
She Drew The Gun,Something For The Pain,0.0
Mogwai,Dry Fantasy,0.0
Stars Of The Lid,A Meaningful Moment Through a Meaning(less) Process,0.0
The Chats,Struck By Lightning,0.0
Ski Mask The Slump God,Foot Fungus,0.0
Sam Fender,Spice,0.0
The Horrors,Press Enter To Exit,0.0
Jamie T,Dragon Bones,0.0
Circa Waves,Sad Happy,0.0
Kero Kero Bonito,Sick Beat,0.0
Tiña,I Feel Fine,0.0
The Strokes,Brooklyn Bridge To Chorus,0.0
Cavetown,Lemon Boy - Live at Hoxton Hall,0.0
Cavetown,Boys Will Be Bugs - Live at Hoxton Hall,0.0
DaBaby,BOP,0.0
Zelooperz,Prozac,0.0
Vansire,Transitions,0.0
Ras G,Dirty Cutlass,0.0
Liv.e,What’s the Real,0.0
Paul McCartney,Coming Up - 2011 Remaster,0.0
Jiggly,Dressed Like Her,0.0
Fat White Family,Whitest Boy on the Beach,0.0
Julia Holter,Gold Dust Woman,0.0
The Armed,Liar,0.0
Dogleg,Kawasaki Backflip,0.0
Flyte,Cathy Come Home,0.0
Porridge Radio,7 Seconds,0.0
Circa Waves,Lemonade,0.0
Fontaines D.C.,I Don't Belong,0.0
Dry Cleaning,Leafy,0.0
Wolf Alice,Fluffy,0.0
Benny Benji,Bluetongue Disease,0.0
fairies in our house,punch,0.0
Nine,Whutcha Want,0.0
Sentridoh/Lou Barlow,Raise The Bells,0.0
Girlfriends,Untitled #6,0.0
Wolf Alice,Beautifully Unconventional,0.0
Unrecovery,Cinder,0.0
Asian Glow,"Look Alive, Sunshine",0.0
Argo Nuff,as that kid flew...,0.0
Cowgirl Clue,Cherry Jubilee,0.0
Robert Glasper,Afro Blue,0.0
NxWorries,Suede,0.0
Prof,Squad Goals,0.0
Tom Waits,I Hope That I Don't Fall In Love With You,0.0
thanks for coming,Losing Touch (Nyc),0.0
Coma Cinema,Running Wide Open,0.0
Busted,Sleeping With The Light On - Hits Version,0.0
Lil Ugly Mane,dist,0.0
Lil Ugly Mane,dredd,0.0
Lil Ugly Mane,infinite rave,0.0
University Jazz Cafe,Mack the Knife - Piano Solo,0.0
Free Nationals,Gidget (feat. Anderson .Paak & T.Nava),0.0
Shellac,My Black Ass,0.0
Lightning Bolt,Mega Ghost,0.0
Cavetown,Devil Town,0.0
P!nk,Please Don't Leave Me,0.0
Enjoy,Small Car With Big Wheels,0.0
Deafheaven,Near,0.0
Alain Goraguer,La femme,0.0
A. G. Cook,Silver,0.0
NNTYTUU,Just Say You Want It,0.0
The Living Tombstone,It's Been So Long,0.0
awfultune,kiss me please,0.0
Olivia O'Brien,Josslyn,0.0
Jack Stauber's Micropop,Two Time,0.0
Faust,The Sad Skinhead,0.0
Rei Harakami,long time,0.0
Micah Preite,Their name sticks out,0.0
Cities Aviv,How We Began,0.0
⣎⡇ꉺლ༽இ•̛)ྀ◞ ༎ຶ ༽ৣৢ؞ৢ؞ؖ ꉺლ,࿃ूੂ࿃ूੂੂ࿃ूੂOOOOOOOOOOOO ̟̞̝̜̙̘̗̖҉̵̴̨̧̢̡̼̻̺̹̳̲̱̰̯̮̭̬̫̪̩̦̥̤̣̠҈͈͇͉͍͎͓͔͕͖͙͚͜͢͢͢͢͢͢͢͢͢͢͢͢͢͢ͅ ooooooooo,0.0
Armand Hammer,Sweet Mickey,0.0
Broken Social Scene,Sweetest Kill,0.0
MIKE,"no, no",0.0
Peach Pit,Seventeen,0.0
Arctic Monkeys,Love is a Laserquest,0.0
MIKE,Crystal Ball,0.0
Pink Floyd,Fat Old Sun - 2011 Remaster,0.0
Mother Mother,Little Pistol,0.0
WILLOW,t r a n s p a r e n t s o u l feat. Travis Barker,0.0
Lana Del Rey,National Anthem,0.0
Lightning Bolt,Forcefield,0.0
Shellac,Prayer To God,0.0
The I.L.Y's,Wash My Hands Shorty,0.0
Mclusky,Lightsabre Cocksucking Blues,0.0
Soccer Mommy,Your Dog,0.0
Moor Mother,The Blues Remembers Everything the Country Forgot,0.0
fairies in our house,medicine,0.0
Unrecovery,So Long,0.0
Enjoy,I've Wasted So Much Time,0.0
Memo Boy,Hallofrau,0.0
Puzzle,Dice,0.0
Duster,Stratosphere,0.0
Kasbo,Play Pretend,0.0
Zeds Dead,Stars Tonight,0.0
Otis Redding,Hard to Handle,0.0
Lil Ugly Mane,keep me going,0.0
CRZKNY,L,0.0
The I.L.Y's,All She Does Is Kill Shit,0.0
Mid-Air Thief,Swamp,0.0
Brand New,Seventy Times 7,0.0
Oliver Tree,All That,0.0
Pink Guy,Please Stop Touching My Willy,0.0
Oliver Tree,Alien Boy,0.0
Pink Guy,I Do It for My Hood,0.0
Pink Guy,Dumplings (Borgore Remix),0.0
Whethan,When I'm Down,0.0
Zwidy,4:35,0.0
Beach Bunny,Sports,0.0
Flatsound,By Your Side,0.0
Beach Bunny,Good Girls (Don’t Get Used),0.0
Lil Ugly Mane,exit dust,0.0
Lil Uzi Vert,You Was Right,0.0
Madison Beer,Tyler Durden,0.0
"The Good, the Bad & the Queen",Northern Whale,0.0
Pink Guy,Fried Noodles (Getter Remix),0.0
Pink Guy,Nickelodeon Girls,0.0
The Unicorns,Inoculate the Innocuous,0.0
The Unicorns,Tuff Luff,0.0
２８１４,Before the Rain,0.0
Rex Orange County,SHOOT ME DOWN,0.0
Cities Aviv,Of All the Love,0.0
AJJ,A Song Dedicated to the Memory of Stormy the Rabbit,0.0
tea,i wanna know,0.0
Action Bronson,Jaws,0.0
The Prodigy,Intro,0.0
Meiko Nakahara,FANTASY,0.0
Do Nothing,Handshakes,0.0
She Drew The Gun,Since You Were Not Mine,0.0
Asian Glow,Melt a Bed,0.0
Argo Nuff,gameshow! (you lost),0.0
Ahmad Jamal,Heat Wave,0.0
Dean Blunt,Beefa,0.0
Ken Carson,Teen Bean,0.0
Dry Cleaning,Every Day Carry,0.0
Sleigh Bells,Holly,0.0
Perfume Genius,Otherside,0.0
Joji,YEAH RIGHT,0.0
Puzzle,Everyone Left,0.0
Aphex Twin,CIRCLONT14 [152.97][shrymoming mix],0.0
Aphex Twin,PAPAT4 [155][pineal mix],0.0
Aphex Twin,fz pseudotimestretch+e+3 [138.85],0.0
Aphex Twin,s950tx16wasr10 [163.97][earth portal mix],0.0
Aphex Twin,syro u473t8+e [141.98][piezoluminescence mix],0.0
Joji,Sanctuary,0.0
Lil Uzi Vert,Myron,0.0
Abel Korzeniowski,Dorian Gray,0.0
underscores,displacement of reasoning,0.0
Cities Aviv,Head,0.0
